Date,Day_of_Week,Item_ID,Item_Name,Category,Unit_Price_LKR,Discount_Applied,Starting_Stock,Quantity_Sold,Closing_Stock,Total_Revenue_LKR,Is_Holiday_Season
2025-01-01,Wednesday,GRO-001,Keeri Samba 5kg,Grocery,1250,0%,346,11,335,13750.0,0
2025-01-01,Wednesday,GRO-002,Nadu Rice 5kg,Grocery,1100,0%,198,21,177,23100.0,0
2025-01-01,Wednesday,GRO-003,Mysore Dhal 1kg,Grocery,380,0%,318,36,282,13680.0,0
2025-01-01,Wednesday,DAI-001,Anchor Milk Powder 400g,Dairy,1150,0%,286,29,257,33350.0,0
2025-01-01,Wednesday,DAI-002,Kotmale Butter 200g,Dairy,750,0%,396,9,387,6750.0,0
2025-01-01,Wednesday,SNA-001,Munchee Super Cream Cracker,Snacks,250,0%,250,30,220,7500.0,0
2025-01-01,Wednesday,SNA-002,Maliban Lemon Puff,Snacks,300,0%,236,40,196,12000.0,0
2025-01-01,Wednesday,PAN-001,Prima Wheat Flour 1kg,Pantry,220,0%,219,20,199,4400.0,0
2025-01-01,Wednesday,PAN-002,Marina Coconut Oil 1L,Pantry,850,0%,381,11,370,9350.0,0
2025-01-01,Wednesday,BEV-001,Coca Cola 1.5L,Beverages,450,0%,381,17,364,7650.0,0
2025-01-01,Wednesday,PER-001,Signal Toothpaste 120g,Personal Care,230,0%,218,16,202,3680.0,0
2025-01-01,Wednesday,PER-002,Lifebuoy Soap,Personal Care,150,0%,371,30,341,4500.0,0
2025-01-02,Thursday,GRO-001,Keeri Samba 5kg,Grocery,1250,0%,335,16,319,20000.0,0
2025-01-02,Thursday,GRO-002,Nadu Rice 5kg,Grocery,1100,0%,177,13,164,14300.0,0
2025-01-02,Thursday,GRO-003,Mysore Dhal 1kg,Grocery,380,0%,282,30,252,11400.0,0
2025-01-02,Thursday,DAI-001,Anchor Milk Powder 400g,Dairy,1150,0%,257,22,235,25300.0,0
2025-01-02,Thursday,DAI-002,Kotmale Butter 200g,Dairy,750,0%,387,11,376,8250.0,0
2025-01-02,Thursday,SNA-001,Munchee Super Cream Cracker,Snacks,250,10%,220,30,190,6750.0,0
2025-01-02,Thursday,SNA-002,Maliban Lemon Puff,Snacks,300,0%,196,40,156,12000.0,0
2025-01-02,Thursday,PAN-001,Prima Wheat Flour 1kg,Pantry,220,0%,199,33,166,7260.0,0
2025-01-02,Thursday,PAN-002,Marina Coconut Oil 1L,Pantry,850,0%,370,25,345,21250.0,0
2025-01-02,Thursday,BEV-001,Coca Cola 1.5L,Beverages,450,0%,364,16,348,7200.0,0
2025-01-02,Thursday,PER-001,Signal Toothpaste 120g,Personal Care,230,0%,202,12,190,2760.0,0
2025-01-02,Thursday,PER-002,Lifebuoy Soap,Personal Care,150,0%,341,31,310,4650.0,0
2025-01-03,Friday,GRO-001,Keeri Samba 5kg,Grocery,1250,10%,319,19,300,21375.0,0
2025-01-03,Friday,GRO-002,Nadu Rice 5kg,Grocery,1100,0%,164,26,138,28600.0,0
2025-01-03,Friday,GRO-003,Mysore Dhal 1kg,Grocery,380,0%,252,13,239,4940.0,0
2025-01-03,Friday,DAI-001,Anchor Milk Powder 400g,Dairy,1150,0%,235,27,208,31050.0,0
2025-01-03,Friday,DAI-002,Kotmale Butter 200g,Dairy,750,0%,376,12,364,9000.0,0
2025-01-03,Friday,SNA-001,Munchee Super Cream Cracker,Snacks,250,0%,190,52,138,13000.0,0
2025-01-03,Friday,SNA-002,Maliban Lemon Puff,Snacks,300,0%,156,28,128,8400.0,0
2025-01-03,Friday,PAN-001,Prima Wheat Flour 1kg,Pantry,220,0%,166,18,148,3960.0,0
2025-01-03,Friday,PAN-002,Marina Coconut Oil 1L,Pantry,850,0%,345,18,327,15300.0,0
2025-01-03,Friday,BEV-001,Coca Cola 1.5L,Beverages,450,0%,348,18,330,8100.0,0
2025-01-03,Friday,PER-001,Signal Toothpaste 120g,Personal Care,230,0%,190,10,180,2300.0,0
2025-01-03,Friday,PER-002,Lifebuoy Soap,Personal Care,150,0%,310,33,277,4950.0,0
2025-01-04,Saturday,GRO-001,Keeri Samba 5kg,Grocery,1250,0%,300,19,281,23750.0,0
2025-01-04,Saturday,GRO-002,Nadu Rice 5kg,Grocery,1100,10%,138,35,103,34650.0,0
2025-01-04,Saturday,GRO-003,Mysore Dhal 1kg,Grocery,380,0%,239,46,193,17480.0,0
2025-01-04,Saturday,DAI-001,Anchor Milk Powder 400g,Dairy,1150,0%,208,25,183,28750.0,0
2025-01-04,Saturday,DAI-002,Kotmale Butter 200g,Dairy,750,0%,364,19,345,14250.0,0
2025-01-04,Saturday,SNA-001,Munchee Super Cream Cracker,Snacks,250,0%,138,33,105,8250.0,0
2025-01-04,Saturday,SNA-002,Maliban Lemon Puff,Snacks,300,0%,128,44,84,13200.0,0
2025-01-04,Saturday,PAN-001,Prima Wheat Flour 1kg,Pantry,220,0%,148,42,106,9240.0,0
2025-01-04,Saturday,PAN-002,Marina Coconut Oil 1L,Pantry,850,0%,327,16,311,13600.0,0
2025-01-04,Saturday,BEV-001,Coca Cola 1.5L,Beverages,450,0%,330,25,305,11250.0,0
2025-01-04,Saturday,PER-001,Signal Toothpaste 120g,Personal Care,230,0%,180,18,162,4140.0,0
2025-01-04,Saturday,PER-002,Lifebuoy Soap,Personal Care,150,0%,277,37,240,5550.0,0
2025-01-05,Sunday,GRO-001,Keeri Samba 5kg,Grocery,1250,0%,281,14,267,17500.0,0
2025-01-05,Sunday,GRO-002,Nadu Rice 5kg,Grocery,1100,0%,103,26,77,28600.0,0
2025-01-05,Sunday,GRO-003,Mysore Dhal 1kg,Grocery,380,0%,193,51,142,19380.0,0
2025-01-05,Sunday,DAI-001,Anchor Milk Powder 400g,Dairy,1150,0%,183,28,155,32200.0,0
2025-01-05,Sunday,DAI-002,Kotmale Butter 200g,Dairy,750,0%,345,11,334,8250.0,0
2025-01-05,Sunday,SNA-001,Munchee Super Cream Cracker,Snacks,250,0%,105,49,56,12250.0,0
2025-01-05,Sunday,SNA-002,Maliban Lemon Puff,Snacks,300,0%,84,33,51,9900.0,0
2025-01-05,Sunday,PAN-001,Prima Wheat Flour 1kg,Pantry,220,0%,106,29,77,6380.0,0
2025-01-05,Sunday,PAN-002,Marina Coconut Oil 1L,Pantry,850,0%,311,18,293,15300.0,0
2025-01-05,Sunday,BEV-001,Coca Cola 1.5L,Beverages,450,10%,305,22,283,8910.0,0
2025-01-05,Sunday,PER-001,Signal Toothpaste 120g,Personal Care,230,0%,162,14,148,3220.0,0
2025-01-05,Sunday,PER-002,Lifebuoy Soap,Personal Care,150,0%,240,30,210,4500.0,0
2025-01-06,Monday,GRO-001,Keeri Samba 5kg,Grocery,1250,0%,267,14,253,17500.0,0
2025-01-06,Monday,GRO-002,Nadu Rice 5kg,Grocery,1100,0%,77,24,53,26400.0,0
2025-01-06,Monday,GRO-003,Mysore Dhal 1kg,Grocery,380,0%,142,41,101,15580.0,0
2025-01-06,Monday,DAI-001,Anchor Milk Powder 400g,Dairy,1150,10%,155,16,139,16560.0,0
2025-01-06,Monday,DAI-002,Kotmale Butter 200g,Dairy,750,0%,334,12,322,9000.0,0
2025-01-06,Monday,SNA-001,Munchee Super Cream Cracker,Snacks,250,10%,56,52,4,11700.0,0
2025-01-06,Monday,SNA-002,Maliban Lemon Puff,Snacks,300,0%,51,29,22,8700.0,0
2025-01-06,Monday,PAN-001,Prima Wheat Flour 1kg,Pantry,220,0%,77,17,60,3740.0,0
2025-01-06,Monday,PAN-002,Marina Coconut Oil 1L,Pantry,850,10%,293,22,271,16830.0,0
2025-01-06,Monday,BEV-001,Coca Cola 1.5L,Beverages,450,0%,283,22,261,9900.0,0
2025-01-06,Monday,PER-001,Signal Toothpaste 120g,Personal Care,230,0%,148,12,136,2760.0,0
2025-01-06,Monday,PER-002,Lifebuoy Soap,Personal Care,150,0%,210,41,169,6150.0,0
2025-01-07,Tuesday,GRO-001,Keeri Samba 5kg,Grocery,1250,0%,253,13,240,16250.0,0
2025-01-07,Tuesday,GRO-002,Nadu Rice 5kg,Grocery,1100,0%,53,16,37,17600.0,0
2025-01-07,Tuesday,GRO-003,Mysore Dhal 1kg,Grocery,380,0%,101,34,67,12920.0,0
2025-01-07,Tuesday,DAI-001,Anchor Milk Powder 400g,Dairy,1150,0%,139,24,115,27600.0,0
2025-01-07,Tuesday,DAI-002,Kotmale Butter 200g,Dairy,750,0%,322,9,313,6750.0,0
2025-01-07,Tuesday,SNA-001,Munchee Super Cream Cracker,Snacks,250,0%,204,47,157,11750.0,0
2025-01-07,Tuesday,SNA-002,Maliban Lemon Puff,Snacks,300,0%,222,26,196,7800.0,0
2025-01-07,Tuesday,PAN-001,Prima Wheat Flour 1kg,Pantry,220,0%,60,22,38,4840.0,0
2025-01-07,Tuesday,PAN-002,Marina Coconut Oil 1L,Pantry,850,0%,271,13,258,11050.0,0
2025-01-07,Tuesday,BEV-001,Coca Cola 1.5L,Beverages,450,0%,261,24,237,10800.0,0
2025-01-07,Tuesday,PER-001,Signal Toothpaste 120g,Personal Care,230,0%,136,13,123,2990.0,0
2025-01-07,Tuesday,PER-002,Lifebuoy Soap,Personal Care,150,0%,169,33,136,4950.0,0
2025-01-08,Wednesday,GRO-001,Keeri Samba 5kg,Grocery,1250,0%,240,21,219,26250.0,0
2025-01-08,Wednesday,GRO-002,Nadu Rice 5kg,Grocery,1100,0%,237,17,220,18700.0,0
2025-01-08,Wednesday,GRO-003,Mysore Dhal 1kg,Grocery,380,0%,67,35,32,13300.0,0
2025-01-08,Wednesday,DAI-001,Anchor Milk Powder 400g,Dairy,1150,0%,115,22,93,25300.0,0
2025-01-08,Wednesday,DAI-002,Kotmale Butter 200g,Dairy,750,10%,313,14,299,9450.0,0
2025-01-08,Wednesday,SNA-001,Munchee Super Cream Cracker,Snacks,250,0%,157,44,113,11000.0,0
2025-01-08,Wednesday,SNA-002,Maliban Lemon Puff,Snacks,300,0%,196,23,173,6900.0,0
2025-01-08,Wednesday,PAN-001,Prima Wheat Flour 1kg,Pantry,220,0%,238,24,214,5280.0,0
2025-01-08,Wednesday,PAN-002,Marina Coconut Oil 1L,Pantry,850,0%,258,20,238,17000.0,0
2025-01-08,Wednesday,BEV-001,Coca Cola 1.5L,Beverages,450,10%,237,16,221,6480.0,0
2025-01-08,Wednesday,PER-001,Signal Toothpaste 120g,Personal Care,230,0%,123,18,105,4140.0,0
2025-01-08,Wednesday,PER-002,Lifebuoy Soap,Personal Care,150,0%,136,37,99,5550.0,0
2025-01-09,Thursday,GRO-001,Keeri Samba 5kg,Grocery,1250,0%,219,13,206,16250.0,0
2025-01-09,Thursday,GRO-002,Nadu Rice 5kg,Grocery,1100,0%,220,17,203,18700.0,0
2025-01-09,Thursday,GRO-003,Mysore Dhal 1kg,Grocery,380,0%,232,38,194,14440.0,0
2025-01-09,Thursday,DAI-001,Anchor Milk Powder 400g,Dairy,1150,0%,93,27,66,31050.0,0
2025-01-09,Thursday,DAI-002,Kotmale Butter 200g,Dairy,750,0%,299,14,285,10500.0,0
2025-01-09,Thursday,SNA-001,Munchee Super Cream Cracker,Snacks,250,10%,113,47,66,10575.0,0
2025-01-09,Thursday,SNA-002,Maliban Lemon Puff,Snacks,300,0%,173,23,150,6900.0,0
2025-01-09,Thursday,PAN-001,Prima Wheat Flour 1kg,Pantry,220,0%,214,18,196,3960.0,0
2025-01-09,Thursday,PAN-002,Marina Coconut Oil 1L,Pantry,850,0%,238,19,219,16150.0,0
2025-01-09,Thursday,BEV-001,Coca Cola 1.5L,Beverages,450,0%,221,16,205,7200.0,0
2025-01-09,Thursday,PER-001,Signal Toothpaste 120g,Personal Care,230,10%,105,16,89,3312.0,0
2025-01-09,Thursday,PER-002,Lifebuoy Soap,Personal Care,150,0%,99,32,67,4800.0,0
2025-01-10,Friday,GRO-001,Keeri Samba 5kg,Grocery,1250,0%,206,23,183,28750.0,1
2025-01-10,Friday,GRO-002,Nadu Rice 5kg,Grocery,1100,0%,203,37,166,40700.0,1
2025-01-10,Friday,GRO-003,Mysore Dhal 1kg,Grocery,380,0%,194,52,142,19760.0,1
2025-01-10,Friday,DAI-001,Anchor Milk Powder 400g,Dairy,1150,10%,66,28,38,28980.0,1
2025-01-10,Friday,DAI-002,Kotmale Butter 200g,Dairy,750,0%,285,25,260,18750.0,1
2025-01-10,Friday,SNA-001,Munchee Super Cream Cracker,Snacks,250,0%,66,35,31,8750.0,0
2025-01-10,Friday,SNA-002,Maliban Lemon Puff,Snacks,300,0%,150,29,121,8700.0,0
2025-01-10,Friday,PAN-001,Prima Wheat Flour 1kg,Pantry,220,0%,196,22,174,4840.0,0
2025-01-10,Friday,PAN-002,Marina Coconut Oil 1L,Pantry,850,0%,219,18,201,15300.0,0
2025-01-10,Friday,BEV-001,Coca Cola 1.5L,Beverages,450,0%,205,13,192,5850.0,0
2025-01-10,Friday,PER-001,Signal Toothpaste 120g,Personal Care,230,0%,89,14,75,3220.0,0
2025-01-10,Friday,PER-002,Lifebuoy Soap,Personal Care,150,0%,67,28,39,4200.0,0
2025-01-11,Saturday,GRO-001,Keeri Samba 5kg,Grocery,1250,0%,183,32,151,40000.0,1
2025-01-11,Saturday,GRO-002,Nadu Rice 5kg,Grocery,1100,0%,166,37,129,40700.0,1
2025-01-11,Saturday,GRO-003,Mysore Dhal 1kg,Grocery,380,0%,142,79,63,30020.0,1
2025-01-11,Saturday,DAI-001,Anchor Milk Powder 400g,Dairy,1150,0%,238,52,186,59800.0,1
2025-01-11,Saturday,DAI-002,Kotmale Butter 200g,Dairy,750,0%,260,39,221,29250.0,1
2025-01-11,Saturday,SNA-001,Munchee Super Cream Cracker,Snacks,250,0%,231,62,169,15500.0,0
2025-01-11,Saturday,SNA-002,Maliban Lemon Puff,Snacks,300,0%,121,37,84,11100.0,0
2025-01-11,Saturday,PAN-001,Prima Wheat Flour 1kg,Pantry,220,0%,174,39,135,8580.0,0
2025-01-11,Saturday,PAN-002,Marina Coconut Oil 1L,Pantry,850,10%,201,26,175,19890.0,0
2025-01-11,Saturday,BEV-001,Coca Cola 1.5L,Beverages,450,10%,192,23,169,9315.0,0
2025-01-11,Saturday,PER-001,Signal Toothpaste 120g,Personal Care,230,0%,75,19,56,4370.0,0
2025-01-11,Saturday,PER-002,Lifebuoy Soap,Personal Care,150,0%,239,32,207,4800.0,0
2025-01-12,Sunday,GRO-001,Keeri Samba 5kg,Grocery,1250,0%,151,39,112,48750.0,1
2025-01-12,Sunday,GRO-002,Nadu Rice 5kg,Grocery,1100,0%,129,37,92,40700.0,1
2025-01-12,Sunday,GRO-003,Mysore Dhal 1kg,Grocery,380,10%,63,63,0,21546.0,1
2025-01-12,Sunday,DAI-001,Anchor Milk Powder 400g,Dairy,1150,0%,186,66,120,75900.0,1
2025-01-12,Sunday,DAI-002,Kotmale Butter 200g,Dairy,750,0%,221,37,184,27750.0,1
2025-01-12,Sunday,SNA-001,Munchee Super Cream Cracker,Snacks,250,0%,169,54,115,13500.0,0
2025-01-12,Sunday,SNA-002,Maliban Lemon Puff,Snacks,300,0%,84,47,37,14100.0,0
2025-01-12,Sunday,PAN-001,Prima Wheat Flour 1kg,Pantry,220,0%,135,28,107,6160.0,0
2025-01-12,Sunday,PAN-002,Marina Coconut Oil 1L,Pantry,850,0%,175,25,150,21250.0,0
2025-01-12,Sunday,BEV-001,Coca Cola 1.5L,Beverages,450,10%,169,16,153,6480.0,0
2025-01-12,Sunday,PER-001,Signal Toothpaste 120g,Personal Care,230,0%,56,11,45,2530.0,0
2025-01-12,Sunday,PER-002,Lifebuoy Soap,Personal Care,150,0%,207,33,174,4950.0,0
2025-01-13,Monday,GRO-001,Keeri Samba 5kg,Grocery,1250,0%,112,30,82,37500.0,1
2025-01-13,Monday,GRO-002,Nadu Rice 5kg,Grocery,1100,0%,92,36,56,39600.0,1
2025-01-13,Monday,GRO-003,Mysore Dhal 1kg,Grocery,380,0%,200,43,157,16340.0,1
2025-01-13,Monday,DAI-001,Anchor Milk Powder 400g,Dairy,1150,0%,120,55,65,63250.0,1
2025-01-13,Monday,DAI-002,Kotmale Butter 200g,Dairy,750,0%,184,21,163,15750.0,1
2025-01-13,Monday,SNA-001,Munchee Super Cream Cracker,Snacks,250,0%,115,33,82,8250.0,0
2025-01-13,Monday,SNA-002,Maliban Lemon Puff,Snacks,300,0%,237,30,207,9000.0,0
2025-01-13,Monday,PAN-001,Prima Wheat Flour 1kg,Pantry,220,0%,107,21,86,4620.0,0
2025-01-13,Monday,PAN-002,Marina Coconut Oil 1L,Pantry,850,10%,150,20,130,15300.0,0
2025-01-13,Monday,BEV-001,Coca Cola 1.5L,Beverages,450,0%,153,19,134,8550.0,0
2025-01-13,Monday,PER-001,Signal Toothpaste 120g,Personal Care,230,0%,45,13,32,2990.0,0
2025-01-13,Monday,PER-002,Lifebuoy Soap,Personal Care,150,0%,174,26,148,3900.0,0
2025-01-14,Tuesday,GRO-001,Keeri Samba 5kg,Grocery,1250,0%,82,25,57,31250.0,1
2025-01-14,Tuesday,GRO-002,Nadu Rice 5kg,Grocery,1100,0%,56,45,11,49500.0,1
2025-01-14,Tuesday,GRO-003,Mysore Dhal 1kg,Grocery,380,0%,157,50,107,19000.0,1
2025-01-14,Tuesday,DAI-001,Anchor Milk Powder 400g,Dairy,1150,0%,65,57,8,65550.0,1
2025-01-14,Tuesday,DAI-002,Kotmale Butter 200g,Dairy,750,10%,163,21,142,14175.0,1
2025-01-14,Tuesday,SNA-001,Munchee Super Cream Cracker,Snacks,250,0%,82,33,49,8250.0,0
2025-01-14,Tuesday,SNA-002,Maliban Lemon Puff,Snacks,300,0%,207,31,176,9300.0,0
2025-01-14,Tuesday,PAN-001,Prima Wheat Flour 1kg,Pantry,220,0%,86,19,67,4180.0,0
2025-01-14,Tuesday,PAN-002,Marina Coconut Oil 1L,Pantry,850,0%,130,18,112,15300.0,0
2025-01-14,Tuesday,BEV-001,Coca Cola 1.5L,Beverages,450,0%,134,19,115,8550.0,0
2025-01-14,Tuesday,PER-001,Signal Toothpaste 120g,Personal Care,230,0%,232,12,220,2760.0,0
2025-01-14,Tuesday,PER-002,Lifebuoy Soap,Personal Care,150,0%,148,29,119,4350.0,0
2025-01-15,Wednesday,GRO-001,Keeri Samba 5kg,Grocery,1250,0%,57,25,32,31250.0,1
2025-01-15,Wednesday,GRO-002,Nadu Rice 5kg,Grocery,1100,10%,211,34,177,33660.0,1
2025-01-15,Wednesday,GRO-003,Mysore Dhal 1kg,Grocery,380,0%,107,61,46,23180.0,1
2025-01-15,Wednesday,DAI-001,Anchor Milk Powder 400g,Dairy,1150,0%,208,57,151,65550.0,1
2025-01-15,Wednesday,DAI-002,Kotmale Butter 200g,Dairy,750,0%,142,14,128,10500.0,1
2025-01-15,Wednesday,SNA-001,Munchee Super Cream Cracker,Snacks,250,0%,49,34,15,8500.0,0
2025-01-15,Wednesday,SNA-002,Maliban Lemon Puff,Snacks,300,0%,176,32,144,9600.0,0
2025-01-15,Wednesday,PAN-001,Prima Wheat Flour 1kg,Pantry,220,0%,67,23,44,5060.0,0
2025-01-15,Wednesday,PAN-002,Marina Coconut Oil 1L,Pantry,850,0%,112,17,95,14450.0,0
2025-01-15,Wednesday,BEV-001,Coca Cola 1.5L,Beverages,450,10%,115,24,91,9720.0,0
2025-01-15,Wednesday,PER-001,Signal Toothpaste 120g,Personal Care,230,0%,220,16,204,3680.0,0
2025-01-15,Wednesday,PER-002,Lifebuoy Soap,Personal Care,150,0%,119,32,87,4800.0,0
2025-01-16,Thursday,GRO-001,Keeri Samba 5kg,Grocery,1250,0%,232,11,221,13750.0,0
2025-01-16,Thursday,GRO-002,Nadu Rice 5kg,Grocery,1100,0%,177,23,154,25300.0,0
2025-01-16,Thursday,GRO-003,Mysore Dhal 1kg,Grocery,380,0%,46,25,21,9500.0,0
2025-01-16,Thursday,DAI-001,Anchor Milk Powder 400g,Dairy,1150,0%,151,26,125,29900.0,0
2025-01-16,Thursday,DAI-002,Kotmale Butter 200g,Dairy,750,10%,128,15,113,10125.0,0
2025-01-16,Thursday,SNA-001,Munchee Super Cream Cracker,Snacks,250,0%,215,33,182,8250.0,0
2025-01-16,Thursday,SNA-002,Maliban Lemon Puff,Snacks,300,0%,144,31,113,9300.0,0
2025-01-16,Thursday,PAN-001,Prima Wheat Flour 1kg,Pantry,220,0%,44,18,26,3960.0,0
2025-01-16,Thursday,PAN-002,Marina Coconut Oil 1L,Pantry,850,0%,95,22,73,18700.0,0
2025-01-16,Thursday,BEV-001,Coca Cola 1.5L,Beverages,450,0%,91,19,72,8550.0,0
2025-01-16,Thursday,PER-001,Signal Toothpaste 120g,Personal Care,230,0%,204,13,191,2990.0,0
2025-01-16,Thursday,PER-002,Lifebuoy Soap,Personal Care,150,0%,87,33,54,4950.0,0
2025-01-17,Friday,GRO-001,Keeri Samba 5kg,Grocery,1250,0%,221,16,205,20000.0,0
2025-01-17,Friday,GRO-002,Nadu Rice 5kg,Grocery,1100,0%,154,11,143,12100.0,0
2025-01-17,Friday,GRO-003,Mysore Dhal 1kg,Grocery,380,0%,221,30,191,11400.0,0
2025-01-17,Friday,DAI-001,Anchor Milk Powder 400g,Dairy,1150,0%,125,27,98,31050.0,0
2025-01-17,Friday,DAI-002,Kotmale Butter 200g,Dairy,750,0%,113,11,102,8250.0,0
2025-01-17,Friday,SNA-001,Munchee Super Cream Cracker,Snacks,250,0%,182,30,152,7500.0,0
2025-01-17,Friday,SNA-002,Maliban Lemon Puff,Snacks,300,0%,113,29,84,8700.0,0
2025-01-17,Friday,PAN-001,Prima Wheat Flour 1kg,Pantry,220,0%,226,25,201,5500.0,0
2025-01-17,Friday,PAN-002,Marina Coconut Oil 1L,Pantry,850,0%,73,13,60,11050.0,0
2025-01-17,Friday,BEV-001,Coca Cola 1.5L,Beverages,450,10%,72,21,51,8505.0,0
2025-01-17,Friday,PER-001,Signal Toothpaste 120g,Personal Care,230,0%,191,14,177,3220.0,0
2025-01-17,Friday,PER-002,Lifebuoy Soap,Personal Care,150,10%,54,30,24,4050.0,0
2025-01-18,Saturday,GRO-001,Keeri Samba 5kg,Grocery,1250,0%,205,12,193,15000.0,0
2025-01-18,Saturday,GRO-002,Nadu Rice 5kg,Grocery,1100,0%,143,36,107,39600.0,0
2025-01-18,Saturday,GRO-003,Mysore Dhal 1kg,Grocery,380,10%,191,47,144,16074.0,0
2025-01-18,Saturday,DAI-001,Anchor Milk Powder 400g,Dairy,1150,0%,98,33,65,37950.0,0
2025-01-18,Saturday,DAI-002,Kotmale Butter 200g,Dairy,750,0%,102,12,90,9000.0,0
2025-01-18,Saturday,SNA-001,Munchee Super Cream Cracker,Snacks,250,0%,152,33,119,8250.0,0
2025-01-18,Saturday,SNA-002,Maliban Lemon Puff,Snacks,300,0%,84,37,47,11100.0,0
2025-01-18,Saturday,PAN-001,Prima Wheat Flour 1kg,Pantry,220,0%,201,36,165,7920.0,0
2025-01-18,Saturday,PAN-002,Marina Coconut Oil 1L,Pantry,850,0%,60,22,38,18700.0,0
2025-01-18,Saturday,BEV-001,Coca Cola 1.5L,Beverages,450,0%,51,26,25,11700.0,0
2025-01-18,Saturday,PER-001,Signal Toothpaste 120g,Personal Care,230,0%,177,25,152,5750.0,0
2025-01-18,Saturday,PER-002,Lifebuoy Soap,Personal Care,150,10%,224,47,177,6345.0,0
2025-01-19,Sunday,GRO-001,Keeri Samba 5kg,Grocery,1250,0%,193,21,172,26250.0,0
2025-01-19,Sunday,GRO-002,Nadu Rice 5kg,Grocery,1100,0%,107,23,84,25300.0,0
2025-01-19,Sunday,GRO-003,Mysore Dhal 1kg,Grocery,380,0%,144,33,111,12540.0,0
2025-01-19,Sunday,DAI-001,Anchor Milk Powder 400g,Dairy,1150,0%,65,43,22,49450.0,0
2025-01-19,Sunday,DAI-002,Kotmale Butter 200g,Dairy,750,0%,90,16,74,12000.0,0
2025-01-19,Sunday,SNA-001,Munchee Super Cream Cracker,Snacks,250,0%,119,54,65,13500.0,0
2025-01-19,Sunday,SNA-002,Maliban Lemon Puff,Snacks,300,0%,47,35,12,10500.0,0
2025-01-19,Sunday,PAN-001,Prima Wheat Flour 1kg,Pantry,220,0%,165,26,139,5720.0,0
2025-01-19,Sunday,PAN-002,Marina Coconut Oil 1L,Pantry,850,0%,238,25,213,21250.0,0
2025-01-19,Sunday,BEV-001,Coca Cola 1.5L,Beverages,450,0%,225,28,197,12600.0,0
2025-01-19,Sunday,PER-001,Signal Toothpaste 120g,Personal Care,230,0%,152,22,130,5060.0,0
2025-01-19,Sunday,PER-002,Lifebuoy Soap,Personal Care,150,0%,177,42,135,6300.0,0
2025-01-20,Monday,GRO-001,Keeri Samba 5kg,Grocery,1250,0%,172,16,156,20000.0,0
2025-01-20,Monday,GRO-002,Nadu Rice 5kg,Grocery,1100,0%,84,25,59,27500.0,0
2025-01-20,Monday,GRO-003,Mysore Dhal 1kg,Grocery,380,10%,111,31,80,10602.0,0
2025-01-20,Monday,DAI-001,Anchor Milk Powder 400g,Dairy,1150,0%,222,36,186,41400.0,0
2025-01-20,Monday,DAI-002,Kotmale Butter 200g,Dairy,750,0%,74,10,64,7500.0,0
2025-01-20,Monday,SNA-001,Munchee Super Cream Cracker,Snacks,250,0%,65,39,26,9750.0,0
2025-01-20,Monday,SNA-002,Maliban Lemon Puff,Snacks,300,10%,212,32,180,8640.0,0
2025-01-20,Monday,PAN-001,Prima Wheat Flour 1kg,Pantry,220,0%,139,18,121,3960.0,0
2025-01-20,Monday,PAN-002,Marina Coconut Oil 1L,Pantry,850,10%,213,21,192,16065.0,0
2025-01-20,Monday,BEV-001,Coca Cola 1.5L,Beverages,450,10%,197,13,184,5265.0,0
2025-01-20,Monday,PER-001,Signal Toothpaste 120g,Personal Care,230,0%,130,11,119,2530.0,0
2025-01-20,Monday,PER-002,Lifebuoy Soap,Personal Care,150,0%,135,33,102,4950.0,0
2025-01-21,Tuesday,GRO-001,Keeri Samba 5kg,Grocery,1250,0%,156,16,140,20000.0,0
2025-01-21,Tuesday,GRO-002,Nadu Rice 5kg,Grocery,1100,0%,59,24,35,26400.0,0
2025-01-21,Tuesday,GRO-003,Mysore Dhal 1kg,Grocery,380,0%,80,36,44,13680.0,0
2025-01-21,Tuesday,DAI-001,Anchor Milk Powder 400g,Dairy,1150,10%,186,30,156,31050.0,0
2025-01-21,Tuesday,DAI-002,Kotmale Butter 200g,Dairy,750,0%,64,13,51,9750.0,0
2025-01-21,Tuesday,SNA-001,Munchee Super Cream Cracker,Snacks,250,0%,226,28,198,7000.0,0
2025-01-21,Tuesday,SNA-002,Maliban Lemon Puff,Snacks,300,0%,180,19,161,5700.0,0
2025-01-21,Tuesday,PAN-001,Prima Wheat Flour 1kg,Pantry,220,0%,121,19,102,4180.0,0
2025-01-21,Tuesday,PAN-002,Marina Coconut Oil 1L,Pantry,850,0%,192,16,176,13600.0,0
2025-01-21,Tuesday,BEV-001,Coca Cola 1.5L,Beverages,450,0%,184,13,171,5850.0,0
2025-01-21,Tuesday,PER-001,Signal Toothpaste 120g,Personal Care,230,0%,119,16,103,3680.0,0
2025-01-21,Tuesday,PER-002,Lifebuoy Soap,Personal Care,150,0%,102,38,64,5700.0,0
2025-01-22,Wednesday,GRO-001,Keeri Samba 5kg,Grocery,1250,0%,140,15,125,18750.0,0
2025-01-22,Wednesday,GRO-002,Nadu Rice 5kg,Grocery,1100,0%,235,23,212,25300.0,0
2025-01-22,Wednesday,GRO-003,Mysore Dhal 1kg,Grocery,380,0%,44,28,16,10640.0,0
2025-01-22,Wednesday,DAI-001,Anchor Milk Powder 400g,Dairy,1150,10%,156,15,141,15525.0,0
2025-01-22,Wednesday,DAI-002,Kotmale Butter 200g,Dairy,750,0%,51,13,38,9750.0,0
2025-01-22,Wednesday,SNA-001,Munchee Super Cream Cracker,Snacks,250,0%,198,33,165,8250.0,0
2025-01-22,Wednesday,SNA-002,Maliban Lemon Puff,Snacks,300,0%,161,23,138,6900.0,0
2025-01-22,Wednesday,PAN-001,Prima Wheat Flour 1kg,Pantry,220,0%,102,25,77,5500.0,0
2025-01-22,Wednesday,PAN-002,Marina Coconut Oil 1L,Pantry,850,10%,176,19,157,14535.0,0
2025-01-22,Wednesday,BEV-001,Coca Cola 1.5L,Beverages,450,0%,171,22,149,9900.0,0
2025-01-22,Wednesday,PER-001,Signal Toothpaste 120g,Personal Care,230,0%,103,9,94,2070.0,0
2025-01-22,Wednesday,PER-002,Lifebuoy Soap,Personal Care,150,0%,64,36,28,5400.0,0
2025-01-23,Thursday,GRO-001,Keeri Samba 5kg,Grocery,1250,0%,125,14,111,17500.0,0
2025-01-23,Thursday,GRO-002,Nadu Rice 5kg,Grocery,1100,0%,212,17,195,18700.0,0
2025-01-23,Thursday,GRO-003,Mysore Dhal 1kg,Grocery,380,0%,216,25,191,9500.0,0
2025-01-23,Thursday,DAI-001,Anchor Milk Powder 400g,Dairy,1150,0%,141,33,108,37950.0,0
2025-01-23,Thursday,DAI-002,Kotmale Butter 200g,Dairy,750,0%,238,11,227,8250.0,0
2025-01-23,Thursday,SNA-001,Munchee Super Cream Cracker,Snacks,250,0%,165,36,129,9000.0,0
2025-01-23,Thursday,SNA-002,Maliban Lemon Puff,Snacks,300,0%,138,41,97,12300.0,0
2025-01-23,Thursday,PAN-001,Prima Wheat Flour 1kg,Pantry,220,0%,77,26,51,5720.0,0
2025-01-23,Thursday,PAN-002,Marina Coconut Oil 1L,Pantry,850,0%,157,17,140,14450.0,0
2025-01-23,Thursday,BEV-001,Coca Cola 1.5L,Beverages,450,0%,149,17,132,7650.0,0
2025-01-23,Thursday,PER-001,Signal Toothpaste 120g,Personal Care,230,0%,94,12,82,2760.0,0
2025-01-23,Thursday,PER-002,Lifebuoy Soap,Personal Care,150,0%,228,30,198,4500.0,0
2025-01-24,Friday,GRO-001,Keeri Samba 5kg,Grocery,1250,0%,111,19,92,23750.0,0
2025-01-24,Friday,GRO-002,Nadu Rice 5kg,Grocery,1100,0%,195,23,172,25300.0,0
2025-01-24,Friday,GRO-003,Mysore Dhal 1kg,Grocery,380,10%,191,29,162,9918.0,0
2025-01-24,Friday,DAI-001,Anchor Milk Powder 400g,Dairy,1150,0%,108,22,86,25300.0,0
2025-01-24,Friday,DAI-002,Kotmale Butter 200g,Dairy,750,0%,227,13,214,9750.0,0
2025-01-24,Friday,SNA-001,Munchee Super Cream Cracker,Snacks,250,0%,129,26,103,6500.0,0
2025-01-24,Friday,SNA-002,Maliban Lemon Puff,Snacks,300,0%,97,26,71,7800.0,0
2025-01-24,Friday,PAN-001,Prima Wheat Flour 1kg,Pantry,220,0%,51,21,30,4620.0,0
2025-01-24,Friday,PAN-002,Marina Coconut Oil 1L,Pantry,850,0%,140,17,123,14450.0,0
2025-01-24,Friday,BEV-001,Coca Cola 1.5L,Beverages,450,0%,132,14,118,6300.0,0
2025-01-24,Friday,PER-001,Signal Toothpaste 120g,Personal Care,230,0%,82,16,66,3680.0,0
2025-01-24,Friday,PER-002,Lifebuoy Soap,Personal Care,150,0%,198,29,169,4350.0,0
2025-01-25,Saturday,GRO-001,Keeri Samba 5kg,Grocery,1250,0%,92,23,69,28750.0,0
2025-01-25,Saturday,GRO-002,Nadu Rice 5kg,Grocery,1100,0%,172,29,143,31900.0,0
2025-01-25,Saturday,GRO-003,Mysore Dhal 1kg,Grocery,380,0%,162,42,120,15960.0,0
2025-01-25,Saturday,DAI-001,Anchor Milk Powder 400g,Dairy,1150,0%,86,29,57,33350.0,0
2025-01-25,Saturday,DAI-002,Kotmale Butter 200g,Dairy,750,0%,214,22,192,16500.0,0
2025-01-25,Saturday,SNA-001,Munchee Super Cream Cracker,Snacks,250,0%,103,62,41,15500.0,0
2025-01-25,Saturday,SNA-002,Maliban Lemon Puff,Snacks,300,0%,71,30,41,9000.0,0
2025-01-25,Saturday,PAN-001,Prima Wheat Flour 1kg,Pantry,220,0%,230,29,201,6380.0,0
2025-01-25,Saturday,PAN-002,Marina Coconut Oil 1L,Pantry,850,0%,123,28,95,23800.0,0
2025-01-25,Saturday,BEV-001,Coca Cola 1.5L,Beverages,450,10%,118,28,90,11340.0,0
2025-01-25,Saturday,PER-001,Signal Toothpaste 120g,Personal Care,230,10%,66,21,45,4347.0,0
2025-01-25,Saturday,PER-002,Lifebuoy Soap,Personal Care,150,10%,169,50,119,6750.0,0
2025-01-26,Sunday,GRO-001,Keeri Samba 5kg,Grocery,1250,10%,69,18,51,20250.0,0
2025-01-26,Sunday,GRO-002,Nadu Rice 5kg,Grocery,1100,0%,143,32,111,35200.0,0
2025-01-26,Sunday,GRO-003,Mysore Dhal 1kg,Grocery,380,0%,120,35,85,13300.0,0
2025-01-26,Sunday,DAI-001,Anchor Milk Powder 400g,Dairy,1150,0%,57,29,28,33350.0,0
2025-01-26,Sunday,DAI-002,Kotmale Butter 200g,Dairy,750,0%,192,19,173,14250.0,0
2025-01-26,Sunday,SNA-001,Munchee Super Cream Cracker,Snacks,250,0%,41,41,0,10250.0,0
2025-01-26,Sunday,SNA-002,Maliban Lemon Puff,Snacks,300,10%,41,32,9,8640.0,0
2025-01-26,Sunday,PAN-001,Prima Wheat Flour 1kg,Pantry,220,0%,201,32,169,7040.0,0
2025-01-26,Sunday,PAN-002,Marina Coconut Oil 1L,Pantry,850,0%,95,30,65,25500.0,0
2025-01-26,Sunday,BEV-001,Coca Cola 1.5L,Beverages,450,0%,90,18,72,8100.0,0
2025-01-26,Sunday,PER-001,Signal Toothpaste 120g,Personal Care,230,0%,45,12,33,2760.0,0
2025-01-26,Sunday,PER-002,Lifebuoy Soap,Personal Care,150,0%,119,43,76,6450.0,0
2025-01-27,Monday,GRO-001,Keeri Samba 5kg,Grocery,1250,0%,51,17,34,21250.0,0
2025-01-27,Monday,GRO-002,Nadu Rice 5kg,Grocery,1100,0%,111,13,98,14300.0,0
2025-01-27,Monday,GRO-003,Mysore Dhal 1kg,Grocery,380,0%,85,24,61,9120.0,0
2025-01-27,Monday,DAI-001,Anchor Milk Powder 400g,Dairy,1150,0%,228,25,203,28750.0,0
2025-01-27,Monday,DAI-002,Kotmale Butter 200g,Dairy,750,0%,173,11,162,8250.0,0
2025-01-27,Monday,SNA-001,Munchee Super Cream Cracker,Snacks,250,0%,200,39,161,9750.0,0
2025-01-27,Monday,SNA-002,Maliban Lemon Puff,Snacks,300,0%,209,35,174,10500.0,0
2025-01-27,Monday,PAN-001,Prima Wheat Flour 1kg,Pantry,220,0%,169,16,153,3520.0,0
2025-01-27,Monday,PAN-002,Marina Coconut Oil 1L,Pantry,850,0%,65,20,45,17000.0,0
2025-01-27,Monday,BEV-001,Coca Cola 1.5L,Beverages,450,0%,72,21,51,9450.0,0
2025-01-27,Monday,PER-001,Signal Toothpaste 120g,Personal Care,230,0%,233,14,219,3220.0,0
2025-01-27,Monday,PER-002,Lifebuoy Soap,Personal Care,150,0%,76,28,48,4200.0,0
2025-01-28,Tuesday,GRO-001,Keeri Samba 5kg,Grocery,1250,0%,234,9,225,11250.0,0
2025-01-28,Tuesday,GRO-002,Nadu Rice 5kg,Grocery,1100,0%,98,18,80,19800.0,0
2025-01-28,Tuesday,GRO-003,Mysore Dhal 1kg,Grocery,380,0%,61,31,30,11780.0,0
2025-01-28,Tuesday,DAI-001,Anchor Milk Powder 400g,Dairy,1150,0%,203,21,182,24150.0,0
2025-01-28,Tuesday,DAI-002,Kotmale Butter 200g,Dairy,750,0%,162,10,152,7500.0,0
2025-01-28,Tuesday,SNA-001,Munchee Super Cream Cracker,Snacks,250,0%,161,28,133,7000.0,0
2025-01-28,Tuesday,SNA-002,Maliban Lemon Puff,Snacks,300,0%,174,30,144,9000.0,0
2025-01-28,Tuesday,PAN-001,Prima Wheat Flour 1kg,Pantry,220,0%,153,22,131,4840.0,0
2025-01-28,Tuesday,PAN-002,Marina Coconut Oil 1L,Pantry,850,0%,45,16,29,13600.0,0
2025-01-28,Tuesday,BEV-001,Coca Cola 1.5L,Beverages,450,0%,51,18,33,8100.0,0
2025-01-28,Tuesday,PER-001,Signal Toothpaste 120g,Personal Care,230,0%,219,11,208,2530.0,0
2025-01-28,Tuesday,PER-002,Lifebuoy Soap,Personal Care,150,0%,48,28,20,4200.0,0
2025-01-29,Wednesday,GRO-001,Keeri Samba 5kg,Grocery,1250,10%,225,19,206,21375.0,0
2025-01-29,Wednesday,GRO-002,Nadu Rice 5kg,Grocery,1100,0%,80,15,65,16500.0,0
2025-01-29,Wednesday,GRO-003,Mysore Dhal 1kg,Grocery,380,0%,230,33,197,12540.0,0
2025-01-29,Wednesday,DAI-001,Anchor Milk Powder 400g,Dairy,1150,0%,182,22,160,25300.0,0
2025-01-29,Wednesday,DAI-002,Kotmale Butter 200g,Dairy,750,0%,152,13,139,9750.0,0
2025-01-29,Wednesday,SNA-001,Munchee Super Cream Cracker,Snacks,250,0%,133,24,109,6000.0,0
2025-01-29,Wednesday,SNA-002,Maliban Lemon Puff,Snacks,300,10%,144,28,116,7560.0,0
2025-01-29,Wednesday,PAN-001,Prima Wheat Flour 1kg,Pantry,220,0%,131,16,115,3520.0,0
2025-01-29,Wednesday,PAN-002,Marina Coconut Oil 1L,Pantry,850,0%,229,24,205,20400.0,0
2025-01-29,Wednesday,BEV-001,Coca Cola 1.5L,Beverages,450,0%,233,25,208,11250.0,0
2025-01-29,Wednesday,PER-001,Signal Toothpaste 120g,Personal Care,230,10%,208,15,193,3105.0,0
2025-01-29,Wednesday,PER-002,Lifebuoy Soap,Personal Care,150,0%,220,30,190,4500.0,0
2025-01-30,Thursday,GRO-001,Keeri Samba 5kg,Grocery,1250,0%,206,17,189,21250.0,0
2025-01-30,Thursday,GRO-002,Nadu Rice 5kg,Grocery,1100,0%,65,23,42,25300.0,0
2025-01-30,Thursday,GRO-003,Mysore Dhal 1kg,Grocery,380,0%,197,21,176,7980.0,0
2025-01-30,Thursday,DAI-001,Anchor Milk Powder 400g,Dairy,1150,0%,160,23,137,26450.0,0
2025-01-30,Thursday,DAI-002,Kotmale Butter 200g,Dairy,750,10%,139,12,127,8100.0,0
2025-01-30,Thursday,SNA-001,Munchee Super Cream Cracker,Snacks,250,0%,109,37,72,9250.0,0
2025-01-30,Thursday,SNA-002,Maliban Lemon Puff,Snacks,300,0%,116,32,84,9600.0,0
2025-01-30,Thursday,PAN-001,Prima Wheat Flour 1kg,Pantry,220,0%,115,14,101,3080.0,0
2025-01-30,Thursday,PAN-002,Marina Coconut Oil 1L,Pantry,850,0%,205,25,180,21250.0,0
2025-01-30,Thursday,BEV-001,Coca Cola 1.5L,Beverages,450,0%,208,15,193,6750.0,0
2025-01-30,Thursday,PER-001,Signal Toothpaste 120g,Personal Care,230,0%,193,19,174,4370.0,0
2025-01-30,Thursday,PER-002,Lifebuoy Soap,Personal Care,150,0%,190,30,160,4500.0,0
2025-01-31,Friday,GRO-001,Keeri Samba 5kg,Grocery,1250,0%,189,18,171,22500.0,0
2025-01-31,Friday,GRO-002,Nadu Rice 5kg,Grocery,1100,0%,42,20,22,22000.0,0
2025-01-31,Friday,GRO-003,Mysore Dhal 1kg,Grocery,380,0%,176,31,145,11780.0,0
2025-01-31,Friday,DAI-001,Anchor Milk Powder 400g,Dairy,1150,10%,137,32,105,33120.0,0
2025-01-31,Friday,DAI-002,Kotmale Butter 200g,Dairy,750,0%,127,11,116,8250.0,0
2025-01-31,Friday,SNA-001,Munchee Super Cream Cracker,Snacks,250,0%,72,34,38,8500.0,0
2025-01-31,Friday,SNA-002,Maliban Lemon Puff,Snacks,300,0%,84,37,47,11100.0,0
2025-01-31,Friday,PAN-001,Prima Wheat Flour 1kg,Pantry,220,0%,101,25,76,5500.0,0
2025-01-31,Friday,PAN-002,Marina Coconut Oil 1L,Pantry,850,0%,180,22,158,18700.0,0
2025-01-31,Friday,BEV-001,Coca Cola 1.5L,Beverages,450,0%,193,10,183,4500.0,0
2025-01-31,Friday,PER-001,Signal Toothpaste 120g,Personal Care,230,0%,174,12,162,2760.0,0
2025-01-31,Friday,PER-002,Lifebuoy Soap,Personal Care,150,10%,160,22,138,2970.0,0
2025-02-01,Saturday,GRO-001,Keeri Samba 5kg,Grocery,1250,10%,171,28,143,31500.0,0
2025-02-01,Saturday,GRO-002,Nadu Rice 5kg,Grocery,1100,0%,222,25,197,27500.0,0
2025-02-01,Saturday,GRO-003,Mysore Dhal 1kg,Grocery,380,10%,145,43,102,14706.0,0
2025-02-01,Saturday,DAI-001,Anchor Milk Powder 400g,Dairy,1150,0%,105,36,69,41400.0,0
2025-02-01,Saturday,DAI-002,Kotmale Butter 200g,Dairy,750,0%,116,12,104,9000.0,0
2025-02-01,Saturday,SNA-001,Munchee Super Cream Cracker,Snacks,250,0%,238,64,174,16000.0,0
2025-02-01,Saturday,SNA-002,Maliban Lemon Puff,Snacks,300,0%,47,39,8,11700.0,0
2025-02-01,Saturday,PAN-001,Prima Wheat Flour 1kg,Pantry,220,0%,76,42,34,9240.0,0
2025-02-01,Saturday,PAN-002,Marina Coconut Oil 1L,Pantry,850,0%,158,26,132,22100.0,0
2025-02-01,Saturday,BEV-001,Coca Cola 1.5L,Beverages,450,0%,183,22,161,9900.0,0
2025-02-01,Saturday,PER-001,Signal Toothpaste 120g,Personal Care,230,0%,162,19,143,4370.0,0
2025-02-01,Saturday,PER-002,Lifebuoy Soap,Personal Care,150,0%,138,53,85,7950.0,0
2025-02-02,Sunday,GRO-001,Keeri Samba 5kg,Grocery,1250,0%,143,21,122,26250.0,0
2025-02-02,Sunday,GRO-002,Nadu Rice 5kg,Grocery,1100,0%,197,26,171,28600.0,0
2025-02-02,Sunday,GRO-003,Mysore Dhal 1kg,Grocery,380,0%,102,40,62,15200.0,0
2025-02-02,Sunday,DAI-001,Anchor Milk Powder 400g,Dairy,1150,10%,69,29,40,30015.0,0
2025-02-02,Sunday,DAI-002,Kotmale Butter 200g,Dairy,750,0%,104,15,89,11250.0,0
2025-02-02,Sunday,SNA-001,Munchee Super Cream Cracker,Snacks,250,0%,174,57,117,14250.0,0
2025-02-02,Sunday,SNA-002,Maliban Lemon Puff,Snacks,300,10%,208,33,175,8910.0,0
2025-02-02,Sunday,PAN-001,Prima Wheat Flour 1kg,Pantry,220,0%,234,28,206,6160.0,0
2025-02-02,Sunday,PAN-002,Marina Coconut Oil 1L,Pantry,850,0%,132,32,100,27200.0,0
2025-02-02,Sunday,BEV-001,Coca Cola 1.5L,Beverages,450,0%,161,18,143,8100.0,0
2025-02-02,Sunday,PER-001,Signal Toothpaste 120g,Personal Care,230,0%,143,19,124,4370.0,0
2025-02-02,Sunday,PER-002,Lifebuoy Soap,Personal Care,150,0%,85,36,49,5400.0,0
2025-02-03,Monday,GRO-001,Keeri Samba 5kg,Grocery,1250,0%,122,14,108,17500.0,0
2025-02-03,Monday,GRO-002,Nadu Rice 5kg,Grocery,1100,0%,171,22,149,24200.0,0
2025-02-03,Monday,GRO-003,Mysore Dhal 1kg,Grocery,380,0%,62,32,30,12160.0,0
2025-02-03,Monday,DAI-001,Anchor Milk Powder 400g,Dairy,1150,10%,40,24,16,24840.0,0
2025-02-03,Monday,DAI-002,Kotmale Butter 200g,Dairy,750,0%,89,12,77,9000.0,0
2025-02-03,Monday,SNA-001,Munchee Super Cream Cracker,Snacks,250,0%,117,38,79,9500.0,0
2025-02-03,Monday,SNA-002,Maliban Lemon Puff,Snacks,300,0%,175,24,151,7200.0,0
2025-02-03,Monday,PAN-001,Prima Wheat Flour 1kg,Pantry,220,0%,206,21,185,4620.0,0
2025-02-03,Monday,PAN-002,Marina Coconut Oil 1L,Pantry,850,0%,100,19,81,16150.0,0
2025-02-03,Monday,BEV-001,Coca Cola 1.5L,Beverages,450,0%,143,23,120,10350.0,0
2025-02-03,Monday,PER-001,Signal Toothpaste 120g,Personal Care,230,0%,124,21,103,4830.0,0
2025-02-03,Monday,PER-002,Lifebuoy Soap,Personal Care,150,10%,49,32,17,4320.0,0
2025-02-04,Tuesday,GRO-001,Keeri Samba 5kg,Grocery,1250,0%,108,16,92,20000.0,0
2025-02-04,Tuesday,GRO-002,Nadu Rice 5kg,Grocery,1100,0%,149,17,132,18700.0,0
2025-02-04,Tuesday,GRO-003,Mysore Dhal 1kg,Grocery,380,0%,230,24,206,9120.0,0
2025-02-04,Tuesday,DAI-001,Anchor Milk Powder 400g,Dairy,1150,10%,216,21,195,21735.0,0
2025-02-04,Tuesday,DAI-002,Kotmale Butter 200g,Dairy,750,0%,77,9,68,6750.0,0
2025-02-04,Tuesday,SNA-001,Munchee Super Cream Cracker,Snacks,250,0%,79,35,44,8750.0,0
2025-02-04,Tuesday,SNA-002,Maliban Lemon Puff,Snacks,300,10%,151,37,114,9990.0,0
2025-02-04,Tuesday,PAN-001,Prima Wheat Flour 1kg,Pantry,220,0%,185,22,163,4840.0,0
2025-02-04,Tuesday,PAN-002,Marina Coconut Oil 1L,Pantry,850,0%,81,11,70,9350.0,0
2025-02-04,Tuesday,BEV-001,Coca Cola 1.5L,Beverages,450,0%,120,24,96,10800.0,0
2025-02-04,Tuesday,PER-001,Signal Toothpaste 120g,Personal Care,230,0%,103,14,89,3220.0,0
2025-02-04,Tuesday,PER-002,Lifebuoy Soap,Personal Care,150,0%,217,29,188,4350.0,0
2025-02-05,Wednesday,GRO-001,Keeri Samba 5kg,Grocery,1250,0%,92,14,78,17500.0,0
2025-02-05,Wednesday,GRO-002,Nadu Rice 5kg,Grocery,1100,0%,132,24,108,26400.0,0
2025-02-05,Wednesday,GRO-003,Mysore Dhal 1kg,Grocery,380,0%,206,29,177,11020.0,0
2025-02-05,Wednesday,DAI-001,Anchor Milk Powder 400g,Dairy,1150,0%,195,20,175,23000.0,0
2025-02-05,Wednesday,DAI-002,Kotmale Butter 200g,Dairy,750,0%,68,12,56,9000.0,0
2025-02-05,Wednesday,SNA-001,Munchee Super Cream Cracker,Snacks,250,0%,44,29,15,7250.0,0
2025-02-05,Wednesday,SNA-002,Maliban Lemon Puff,Snacks,300,10%,114,29,85,7830.0,0
2025-02-05,Wednesday,PAN-001,Prima Wheat Flour 1kg,Pantry,220,0%,163,25,138,5500.0,0
2025-02-05,Wednesday,PAN-002,Marina Coconut Oil 1L,Pantry,850,10%,70,12,58,9180.0,0
2025-02-05,Wednesday,BEV-001,Coca Cola 1.5L,Beverages,450,0%,96,14,82,6300.0,0
2025-02-05,Wednesday,PER-001,Signal Toothpaste 120g,Personal Care,230,0%,89,14,75,3220.0,0
2025-02-05,Wednesday,PER-002,Lifebuoy Soap,Personal Care,150,0%,188,27,161,4050.0,0
2025-02-06,Thursday,GRO-001,Keeri Samba 5kg,Grocery,1250,0%,78,11,67,13750.0,0
2025-02-06,Thursday,GRO-002,Nadu Rice 5kg,Grocery,1100,0%,108,20,88,22000.0,0
2025-02-06,Thursday,GRO-003,Mysore Dhal 1kg,Grocery,380,10%,177,29,148,9918.0,0
2025-02-06,Thursday,DAI-001,Anchor Milk Powder 400g,Dairy,1150,0%,175,18,157,20700.0,0
2025-02-06,Thursday,DAI-002,Kotmale Butter 200g,Dairy,750,0%,56,10,46,7500.0,0
2025-02-06,Thursday,SNA-001,Munchee Super Cream Cracker,Snacks,250,0%,215,38,177,9500.0,0
2025-02-06,Thursday,SNA-002,Maliban Lemon Puff,Snacks,300,10%,85,22,63,5940.0,0
2025-02-06,Thursday,PAN-001,Prima Wheat Flour 1kg,Pantry,220,0%,138,23,115,5060.0,0
2025-02-06,Thursday,PAN-002,Marina Coconut Oil 1L,Pantry,850,10%,58,20,38,15300.0,0
2025-02-06,Thursday,BEV-001,Coca Cola 1.5L,Beverages,450,0%,82,17,65,7650.0,0
2025-02-06,Thursday,PER-001,Signal Toothpaste 120g,Personal Care,230,0%,75,18,57,4140.0,0
2025-02-06,Thursday,PER-002,Lifebuoy Soap,Personal Care,150,0%,161,28,133,4200.0,0
2025-02-07,Friday,GRO-001,Keeri Samba 5kg,Grocery,1250,0%,67,11,56,13750.0,0
2025-02-07,Friday,GRO-002,Nadu Rice 5kg,Grocery,1100,0%,88,28,60,30800.0,0
2025-02-07,Friday,GRO-003,Mysore Dhal 1kg,Grocery,380,0%,148,30,118,11400.0,0
2025-02-07,Friday,DAI-001,Anchor Milk Powder 400g,Dairy,1150,0%,157,32,125,36800.0,0
2025-02-07,Friday,DAI-002,Kotmale Butter 200g,Dairy,750,0%,46,8,38,6000.0,0
2025-02-07,Friday,SNA-001,Munchee Super Cream Cracker,Snacks,250,0%,177,40,137,10000.0,0
2025-02-07,Friday,SNA-002,Maliban Lemon Puff,Snacks,300,0%,63,30,33,9000.0,0
2025-02-07,Friday,PAN-001,Prima Wheat Flour 1kg,Pantry,220,10%,115,25,90,4950.0,0
2025-02-07,Friday,PAN-002,Marina Coconut Oil 1L,Pantry,850,10%,238,22,216,16830.0,0
2025-02-07,Friday,BEV-001,Coca Cola 1.5L,Beverages,450,0%,65,19,46,8550.0,0
2025-02-07,Friday,PER-001,Signal Toothpaste 120g,Personal Care,230,0%,57,14,43,3220.0,0
2025-02-07,Friday,PER-002,Lifebuoy Soap,Personal Care,150,10%,133,21,112,2835.0,0
2025-02-08,Saturday,GRO-001,Keeri Samba 5kg,Grocery,1250,0%,56,16,40,20000.0,0
2025-02-08,Saturday,GRO-002,Nadu Rice 5kg,Grocery,1100,10%,60,19,41,18810.0,0
2025-02-08,Saturday,GRO-003,Mysore Dhal 1kg,Grocery,380,0%,118,43,75,16340.0,0
2025-02-08,Saturday,DAI-001,Anchor Milk Powder 400g,Dairy,1150,0%,125,33,92,37950.0,0
2025-02-08,Saturday,DAI-002,Kotmale Butter 200g,Dairy,750,0%,238,19,219,14250.0,0
2025-02-08,Saturday,SNA-001,Munchee Super Cream Cracker,Snacks,250,0%,137,64,73,16000.0,0
2025-02-08,Saturday,SNA-002,Maliban Lemon Puff,Snacks,300,0%,233,33,200,9900.0,0
2025-02-08,Saturday,PAN-001,Prima Wheat Flour 1kg,Pantry,220,0%,90,33,57,7260.0,0
2025-02-08,Saturday,PAN-002,Marina Coconut Oil 1L,Pantry,850,0%,216,19,197,16150.0,0
2025-02-08,Saturday,BEV-001,Coca Cola 1.5L,Beverages,450,0%,46,32,14,14400.0,0
2025-02-08,Saturday,PER-001,Signal Toothpaste 120g,Personal Care,230,0%,43,16,27,3680.0,0
2025-02-08,Saturday,PER-002,Lifebuoy Soap,Personal Care,150,0%,112,33,79,4950.0,0
2025-02-09,Sunday,GRO-001,Keeri Samba 5kg,Grocery,1250,0%,40,18,22,22500.0,0
2025-02-09,Sunday,GRO-002,Nadu Rice 5kg,Grocery,1100,10%,41,35,6,34650.0,0
2025-02-09,Sunday,GRO-003,Mysore Dhal 1kg,Grocery,380,0%,75,43,32,16340.0,0
2025-02-09,Sunday,DAI-001,Anchor Milk Powder 400g,Dairy,1150,0%,92,36,56,41400.0,0
2025-02-09,Sunday,DAI-002,Kotmale Butter 200g,Dairy,750,0%,219,16,203,12000.0,0
2025-02-09,Sunday,SNA-001,Munchee Super Cream Cracker,Snacks,250,0%,73,42,31,10500.0,0
2025-02-09,Sunday,SNA-002,Maliban Lemon Puff,Snacks,300,0%,200,46,154,13800.0,0
2025-02-09,Sunday,PAN-001,Prima Wheat Flour 1kg,Pantry,220,0%,57,25,32,5500.0,0
2025-02-09,Sunday,PAN-002,Marina Coconut Oil 1L,Pantry,850,10%,197,26,171,19890.0,0
2025-02-09,Sunday,BEV-001,Coca Cola 1.5L,Beverages,450,0%,214,21,193,9450.0,0
2025-02-09,Sunday,PER-001,Signal Toothpaste 120g,Personal Care,230,0%,227,25,202,5750.0,0
2025-02-09,Sunday,PER-002,Lifebuoy Soap,Personal Care,150,0%,79,25,54,3750.0,0
2025-02-10,Monday,GRO-001,Keeri Samba 5kg,Grocery,1250,10%,222,14,208,15750.0,0
2025-02-10,Monday,GRO-002,Nadu Rice 5kg,Grocery,1100,10%,206,24,182,23760.0,0
2025-02-10,Monday,GRO-003,Mysore Dhal 1kg,Grocery,380,0%,232,35,197,13300.0,0
2025-02-10,Monday,DAI-001,Anchor Milk Powder 400g,Dairy,1150,10%,56,29,27,30015.0,0
2025-02-10,Monday,DAI-002,Kotmale Butter 200g,Dairy,750,0%,203,10,193,7500.0,0
2025-02-10,Monday,SNA-001,Munchee Super Cream Cracker,Snacks,250,10%,231,44,187,9900.0,0
2025-02-10,Monday,SNA-002,Maliban Lemon Puff,Snacks,300,0%,154,20,134,6000.0,0
2025-02-10,Monday,PAN-001,Prima Wheat Flour 1kg,Pantry,220,0%,232,24,208,5280.0,0
2025-02-10,Monday,PAN-002,Marina Coconut Oil 1L,Pantry,850,0%,171,12,159,10200.0,0
2025-02-10,Monday,BEV-001,Coca Cola 1.5L,Beverages,450,0%,193,21,172,9450.0,0
2025-02-10,Monday,PER-001,Signal Toothpaste 120g,Personal Care,230,10%,202,16,186,3312.0,0
2025-02-10,Monday,PER-002,Lifebuoy Soap,Personal Care,150,0%,54,28,26,4200.0,0
2025-02-11,Tuesday,GRO-001,Keeri Samba 5kg,Grocery,1250,0%,208,15,193,18750.0,0
2025-02-11,Tuesday,GRO-002,Nadu Rice 5kg,Grocery,1100,0%,182,18,164,19800.0,0
2025-02-11,Tuesday,GRO-003,Mysore Dhal 1kg,Grocery,380,0%,197,32,165,12160.0,0
2025-02-11,Tuesday,DAI-001,Anchor Milk Powder 400g,Dairy,1150,0%,227,24,203,27600.0,0
2025-02-11,Tuesday,DAI-002,Kotmale Butter 200g,Dairy,750,0%,193,12,181,9000.0,0
2025-02-11,Tuesday,SNA-001,Munchee Super Cream Cracker,Snacks,250,0%,187,29,158,7250.0,0
2025-02-11,Tuesday,SNA-002,Maliban Lemon Puff,Snacks,300,10%,134,20,114,5400.0,0
2025-02-11,Tuesday,PAN-001,Prima Wheat Flour 1kg,Pantry,220,0%,208,13,195,2860.0,0
2025-02-11,Tuesday,PAN-002,Marina Coconut Oil 1L,Pantry,850,0%,159,25,134,21250.0,0
2025-02-11,Tuesday,BEV-001,Coca Cola 1.5L,Beverages,450,0%,172,19,153,8550.0,0
2025-02-11,Tuesday,PER-001,Signal Toothpaste 120g,Personal Care,230,0%,186,12,174,2760.0,0
2025-02-11,Tuesday,PER-002,Lifebuoy Soap,Personal Care,150,0%,226,25,201,3750.0,0
2025-02-12,Wednesday,GRO-001,Keeri Samba 5kg,Grocery,1250,10%,193,15,178,16875.0,0
2025-02-12,Wednesday,GRO-002,Nadu Rice 5kg,Grocery,1100,0%,164,14,150,15400.0,0
2025-02-12,Wednesday,GRO-003,Mysore Dhal 1kg,Grocery,380,0%,165,33,132,12540.0,0
2025-02-12,Wednesday,DAI-001,Anchor Milk Powder 400g,Dairy,1150,0%,203,30,173,34500.0,0
2025-02-12,Wednesday,DAI-002,Kotmale Butter 200g,Dairy,750,10%,181,15,166,10125.0,0
2025-02-12,Wednesday,SNA-001,Munchee Super Cream Cracker,Snacks,250,0%,158,30,128,7500.0,0
2025-02-12,Wednesday,SNA-002,Maliban Lemon Puff,Snacks,300,0%,114,16,98,4800.0,0
2025-02-12,Wednesday,PAN-001,Prima Wheat Flour 1kg,Pantry,220,10%,195,25,170,4950.0,0
2025-02-12,Wednesday,PAN-002,Marina Coconut Oil 1L,Pantry,850,0%,134,9,125,7650.0,0
2025-02-12,Wednesday,BEV-001,Coca Cola 1.5L,Beverages,450,0%,153,18,135,8100.0,0
2025-02-12,Wednesday,PER-001,Signal Toothpaste 120g,Personal Care,230,0%,174,14,160,3220.0,0
2025-02-12,Wednesday,PER-002,Lifebuoy Soap,Personal Care,150,0%,201,32,169,4800.0,0
2025-02-13,Thursday,GRO-001,Keeri Samba 5kg,Grocery,1250,0%,178,13,165,16250.0,0
2025-02-13,Thursday,GRO-002,Nadu Rice 5kg,Grocery,1100,0%,150,18,132,19800.0,0
2025-02-13,Thursday,GRO-003,Mysore Dhal 1kg,Grocery,380,0%,132,42,90,15960.0,0
2025-02-13,Thursday,DAI-001,Anchor Milk Powder 400g,Dairy,1150,0%,173,23,150,26450.0,0
2025-02-13,Thursday,DAI-002,Kotmale Butter 200g,Dairy,750,0%,166,8,158,6000.0,0
2025-02-13,Thursday,SNA-001,Munchee Super Cream Cracker,Snacks,250,0%,128,20,108,5000.0,0
2025-02-13,Thursday,SNA-002,Maliban Lemon Puff,Snacks,300,10%,98,29,69,7830.0,0
2025-02-13,Thursday,PAN-001,Prima Wheat Flour 1kg,Pantry,220,0%,170,19,151,4180.0,0
2025-02-13,Thursday,PAN-002,Marina Coconut Oil 1L,Pantry,850,0%,125,12,113,10200.0,0
2025-02-13,Thursday,BEV-001,Coca Cola 1.5L,Beverages,450,0%,135,23,112,10350.0,0
2025-02-13,Thursday,PER-001,Signal Toothpaste 120g,Personal Care,230,0%,160,14,146,3220.0,0
2025-02-13,Thursday,PER-002,Lifebuoy Soap,Personal Care,150,0%,169,35,134,5250.0,0
2025-02-14,Friday,GRO-001,Keeri Samba 5kg,Grocery,1250,0%,165,12,153,15000.0,0
2025-02-14,Friday,GRO-002,Nadu Rice 5kg,Grocery,1100,0%,132,29,103,31900.0,0
2025-02-14,Friday,GRO-003,Mysore Dhal 1kg,Grocery,380,0%,90,32,58,12160.0,0
2025-02-14,Friday,DAI-001,Anchor Milk Powder 400g,Dairy,1150,0%,150,10,140,11500.0,0
2025-02-14,Friday,DAI-002,Kotmale Butter 200g,Dairy,750,0%,158,10,148,7500.0,0
2025-02-14,Friday,SNA-001,Munchee Super Cream Cracker,Snacks,250,0%,108,35,73,8750.0,0
2025-02-14,Friday,SNA-002,Maliban Lemon Puff,Snacks,300,0%,69,24,45,7200.0,0
2025-02-14,Friday,PAN-001,Prima Wheat Flour 1kg,Pantry,220,10%,151,22,129,4356.0,0
2025-02-14,Friday,PAN-002,Marina Coconut Oil 1L,Pantry,850,10%,113,14,99,10710.0,0
2025-02-14,Friday,BEV-001,Coca Cola 1.5L,Beverages,450,0%,112,19,93,8550.0,0
2025-02-14,Friday,PER-001,Signal Toothpaste 120g,Personal Care,230,0%,146,15,131,3450.0,0
2025-02-14,Friday,PER-002,Lifebuoy Soap,Personal Care,150,0%,134,34,100,5100.0,0
2025-02-15,Saturday,GRO-001,Keeri Samba 5kg,Grocery,1250,0%,153,18,135,22500.0,0
2025-02-15,Saturday,GRO-002,Nadu Rice 5kg,Grocery,1100,10%,103,25,78,24750.0,0
2025-02-15,Saturday,GRO-003,Mysore Dhal 1kg,Grocery,380,0%,58,58,0,22040.0,0
2025-02-15,Saturday,DAI-001,Anchor Milk Powder 400g,Dairy,1150,0%,140,36,104,41400.0,0
2025-02-15,Saturday,DAI-002,Kotmale Butter 200g,Dairy,750,0%,148,15,133,11250.0,0
2025-02-15,Saturday,SNA-001,Munchee Super Cream Cracker,Snacks,250,0%,73,29,44,7250.0,0
2025-02-15,Saturday,SNA-002,Maliban Lemon Puff,Snacks,300,0%,45,45,0,13500.0,0
2025-02-15,Saturday,PAN-001,Prima Wheat Flour 1kg,Pantry,220,0%,129,32,97,7040.0,0
2025-02-15,Saturday,PAN-002,Marina Coconut Oil 1L,Pantry,850,0%,99,35,64,29750.0,0
2025-02-15,Saturday,BEV-001,Coca Cola 1.5L,Beverages,450,0%,93,26,67,11700.0,0
2025-02-15,Saturday,PER-001,Signal Toothpaste 120g,Personal Care,230,0%,131,19,112,4370.0,0
2025-02-15,Saturday,PER-002,Lifebuoy Soap,Personal Care,150,0%,100,53,47,7950.0,0
2025-02-16,Sunday,GRO-001,Keeri Samba 5kg,Grocery,1250,0%,135,21,114,26250.0,0
2025-02-16,Sunday,GRO-002,Nadu Rice 5kg,Grocery,1100,0%,78,28,50,30800.0,0
2025-02-16,Sunday,GRO-003,Mysore Dhal 1kg,Grocery,380,0%,200,29,171,11020.0,0
2025-02-16,Sunday,DAI-001,Anchor Milk Powder 400g,Dairy,1150,0%,104,32,72,36800.0,0
2025-02-16,Sunday,DAI-002,Kotmale Butter 200g,Dairy,750,0%,133,21,112,15750.0,0
2025-02-16,Sunday,SNA-001,Munchee Super Cream Cracker,Snacks,250,10%,44,44,0,9900.0,0
2025-02-16,Sunday,SNA-002,Maliban Lemon Puff,Snacks,300,0%,200,23,177,6900.0,0
2025-02-16,Sunday,PAN-001,Prima Wheat Flour 1kg,Pantry,220,0%,97,32,65,7040.0,0
2025-02-16,Sunday,PAN-002,Marina Coconut Oil 1L,Pantry,850,0%,64,33,31,28050.0,0
2025-02-16,Sunday,BEV-001,Coca Cola 1.5L,Beverages,450,0%,67,19,48,8550.0,0
2025-02-16,Sunday,PER-001,Signal Toothpaste 120g,Personal Care,230,0%,112,16,96,3680.0,0
2025-02-16,Sunday,PER-002,Lifebuoy Soap,Personal Care,150,0%,47,42,5,6300.0,0
2025-02-17,Monday,GRO-001,Keeri Samba 5kg,Grocery,1250,0%,114,12,102,15000.0,0
2025-02-17,Monday,GRO-002,Nadu Rice 5kg,Grocery,1100,0%,50,20,30,22000.0,0
2025-02-17,Monday,GRO-003,Mysore Dhal 1kg,Grocery,380,10%,171,27,144,9234.0,0
2025-02-17,Monday,DAI-001,Anchor Milk Powder 400g,Dairy,1150,0%,72,25,47,28750.0,0
2025-02-17,Monday,DAI-002,Kotmale Butter 200g,Dairy,750,0%,112,13,99,9750.0,0
2025-02-17,Monday,SNA-001,Munchee Super Cream Cracker,Snacks,250,0%,200,36,164,9000.0,0
2025-02-17,Monday,SNA-002,Maliban Lemon Puff,Snacks,300,0%,177,27,150,8100.0,0
2025-02-17,Monday,PAN-001,Prima Wheat Flour 1kg,Pantry,220,0%,65,24,41,5280.0,0
2025-02-17,Monday,PAN-002,Marina Coconut Oil 1L,Pantry,850,0%,231,18,213,15300.0,0
2025-02-17,Monday,BEV-001,Coca Cola 1.5L,Beverages,450,0%,48,19,29,8550.0,0
2025-02-17,Monday,PER-001,Signal Toothpaste 120g,Personal Care,230,0%,96,14,82,3220.0,0
2025-02-17,Monday,PER-002,Lifebuoy Soap,Personal Care,150,0%,205,24,181,3600.0,0
2025-02-18,Tuesday,GRO-001,Keeri Samba 5kg,Grocery,1250,0%,102,16,86,20000.0,0
2025-02-18,Tuesday,GRO-002,Nadu Rice 5kg,Grocery,1100,0%,230,19,211,20900.0,0
2025-02-18,Tuesday,GRO-003,Mysore Dhal 1kg,Grocery,380,0%,144,19,125,7220.0,0
2025-02-18,Tuesday,DAI-001,Anchor Milk Powder 400g,Dairy,1150,0%,47,23,24,26450.0,0
2025-02-18,Tuesday,DAI-002,Kotmale Butter 200g,Dairy,750,0%,99,14,85,10500.0,0
2025-02-18,Tuesday,SNA-001,Munchee Super Cream Cracker,Snacks,250,0%,164,33,131,8250.0,0
2025-02-18,Tuesday,SNA-002,Maliban Lemon Puff,Snacks,300,0%,150,25,125,7500.0,0
2025-02-18,Tuesday,PAN-001,Prima Wheat Flour 1kg,Pantry,220,0%,41,24,17,5280.0,0
2025-02-18,Tuesday,PAN-002,Marina Coconut Oil 1L,Pantry,850,10%,213,30,183,22950.0,0
2025-02-18,Tuesday,BEV-001,Coca Cola 1.5L,Beverages,450,0%,229,18,211,8100.0,0
2025-02-18,Tuesday,PER-001,Signal Toothpaste 120g,Personal Care,230,0%,82,14,68,3220.0,0
2025-02-18,Tuesday,PER-002,Lifebuoy Soap,Personal Care,150,0%,181,27,154,4050.0,0
2025-02-19,Wednesday,GRO-001,Keeri Samba 5kg,Grocery,1250,0%,86,11,75,13750.0,0
2025-02-19,Wednesday,GRO-002,Nadu Rice 5kg,Grocery,1100,10%,211,16,195,15840.0,0
2025-02-19,Wednesday,GRO-003,Mysore Dhal 1kg,Grocery,380,0%,125,26,99,9880.0,0
2025-02-19,Wednesday,DAI-001,Anchor Milk Powder 400g,Dairy,1150,0%,224,24,200,27600.0,0
2025-02-19,Wednesday,DAI-002,Kotmale Butter 200g,Dairy,750,10%,85,14,71,9450.0,0
2025-02-19,Wednesday,SNA-001,Munchee Super Cream Cracker,Snacks,250,0%,131,37,94,9250.0,0
2025-02-19,Wednesday,SNA-002,Maliban Lemon Puff,Snacks,300,10%,125,13,112,3510.0,0
2025-02-19,Wednesday,PAN-001,Prima Wheat Flour 1kg,Pantry,220,10%,217,25,192,4950.0,0
2025-02-19,Wednesday,PAN-002,Marina Coconut Oil 1L,Pantry,850,0%,183,22,161,18700.0,0
2025-02-19,Wednesday,BEV-001,Coca Cola 1.5L,Beverages,450,0%,211,15,196,6750.0,0
2025-02-19,Wednesday,PER-001,Signal Toothpaste 120g,Personal Care,230,0%,68,15,53,3450.0,0
2025-02-19,Wednesday,PER-002,Lifebuoy Soap,Personal Care,150,0%,154,37,117,5550.0,0
2025-02-20,Thursday,GRO-001,Keeri Samba 5kg,Grocery,1250,0%,75,16,59,20000.0,0
2025-02-20,Thursday,GRO-002,Nadu Rice 5kg,Grocery,1100,0%,195,23,172,25300.0,0
2025-02-20,Thursday,GRO-003,Mysore Dhal 1kg,Grocery,380,0%,99,17,82,6460.0,0
2025-02-20,Thursday,DAI-001,Anchor Milk Powder 400g,Dairy,1150,0%,200,14,186,16100.0,0
2025-02-20,Thursday,DAI-002,Kotmale Butter 200g,Dairy,750,10%,71,10,61,6750.0,0
2025-02-20,Thursday,SNA-001,Munchee Super Cream Cracker,Snacks,250,0%,94,45,49,11250.0,0
2025-02-20,Thursday,SNA-002,Maliban Lemon Puff,Snacks,300,10%,112,30,82,8100.0,0
2025-02-20,Thursday,PAN-001,Prima Wheat Flour 1kg,Pantry,220,0%,192,23,169,5060.0,0
2025-02-20,Thursday,PAN-002,Marina Coconut Oil 1L,Pantry,850,0%,161,14,147,11900.0,0
2025-02-20,Thursday,BEV-001,Coca Cola 1.5L,Beverages,450,0%,196,18,178,8100.0,0
2025-02-20,Thursday,PER-001,Signal Toothpaste 120g,Personal Care,230,0%,53,17,36,3910.0,0
2025-02-20,Thursday,PER-002,Lifebuoy Soap,Personal Care,150,0%,117,28,89,4200.0,0
2025-02-21,Friday,GRO-001,Keeri Samba 5kg,Grocery,1250,0%,59,17,42,21250.0,0
2025-02-21,Friday,GRO-002,Nadu Rice 5kg,Grocery,1100,0%,172,30,142,33000.0,0
2025-02-21,Friday,GRO-003,Mysore Dhal 1kg,Grocery,380,0%,82,28,54,10640.0,0
2025-02-21,Friday,DAI-001,Anchor Milk Powder 400g,Dairy,1150,0%,186,18,168,20700.0,0
2025-02-21,Friday,DAI-002,Kotmale Butter 200g,Dairy,750,0%,61,12,49,9000.0,0
2025-02-21,Friday,SNA-001,Munchee Super Cream Cracker,Snacks,250,0%,49,38,11,9500.0,0
2025-02-21,Friday,SNA-002,Maliban Lemon Puff,Snacks,300,10%,82,31,51,8370.0,0
2025-02-21,Friday,PAN-001,Prima Wheat Flour 1kg,Pantry,220,10%,169,20,149,3960.0,0
2025-02-21,Friday,PAN-002,Marina Coconut Oil 1L,Pantry,850,0%,147,22,125,18700.0,0
2025-02-21,Friday,BEV-001,Coca Cola 1.5L,Beverages,450,0%,178,17,161,7650.0,0
2025-02-21,Friday,PER-001,Signal Toothpaste 120g,Personal Care,230,0%,236,13,223,2990.0,0
2025-02-21,Friday,PER-002,Lifebuoy Soap,Personal Care,150,0%,89,34,55,5100.0,0
2025-02-22,Saturday,GRO-001,Keeri Samba 5kg,Grocery,1250,10%,42,15,27,16875.0,0
2025-02-22,Saturday,GRO-002,Nadu Rice 5kg,Grocery,1100,0%,142,23,119,25300.0,0
2025-02-22,Saturday,GRO-003,Mysore Dhal 1kg,Grocery,380,10%,54,46,8,15732.0,0
2025-02-22,Saturday,DAI-001,Anchor Milk Powder 400g,Dairy,1150,0%,168,30,138,34500.0,0
2025-02-22,Saturday,DAI-002,Kotmale Butter 200g,Dairy,750,0%,49,15,34,11250.0,0
2025-02-22,Saturday,SNA-001,Munchee Super Cream Cracker,Snacks,250,0%,211,49,162,12250.0,0
2025-02-22,Saturday,SNA-002,Maliban Lemon Puff,Snacks,300,0%,51,40,11,12000.0,0
2025-02-22,Saturday,PAN-001,Prima Wheat Flour 1kg,Pantry,220,0%,149,26,123,5720.0,0
2025-02-22,Saturday,PAN-002,Marina Coconut Oil 1L,Pantry,850,0%,125,30,95,25500.0,0
2025-02-22,Saturday,BEV-001,Coca Cola 1.5L,Beverages,450,0%,161,26,135,11700.0,0
2025-02-22,Saturday,PER-001,Signal Toothpaste 120g,Personal Care,230,0%,223,26,197,5980.0,0
2025-02-22,Saturday,PER-002,Lifebuoy Soap,Personal Care,150,0%,55,32,23,4800.0,0
2025-02-23,Sunday,GRO-001,Keeri Samba 5kg,Grocery,1250,0%,227,16,211,20000.0,0
2025-02-23,Sunday,GRO-002,Nadu Rice 5kg,Grocery,1100,0%,119,33,86,36300.0,0
2025-02-23,Sunday,GRO-003,Mysore Dhal 1kg,Grocery,380,0%,208,60,148,22800.0,0
2025-02-23,Sunday,DAI-001,Anchor Milk Powder 400g,Dairy,1150,0%,138,33,105,37950.0,0
2025-02-23,Sunday,DAI-002,Kotmale Butter 200g,Dairy,750,10%,234,21,213,14175.0,0
2025-02-23,Sunday,SNA-001,Munchee Super Cream Cracker,Snacks,250,10%,162,40,122,9000.0,0
2025-02-23,Sunday,SNA-002,Maliban Lemon Puff,Snacks,300,0%,211,29,182,8700.0,0
2025-02-23,Sunday,PAN-001,Prima Wheat Flour 1kg,Pantry,220,0%,123,33,90,7260.0,0
2025-02-23,Sunday,PAN-002,Marina Coconut Oil 1L,Pantry,850,0%,95,21,74,17850.0,0
2025-02-23,Sunday,BEV-001,Coca Cola 1.5L,Beverages,450,0%,135,16,119,7200.0,0
2025-02-23,Sunday,PER-001,Signal Toothpaste 120g,Personal Care,230,0%,197,16,181,3680.0,0
2025-02-23,Sunday,PER-002,Lifebuoy Soap,Personal Care,150,0%,223,30,193,4500.0,0
2025-02-24,Monday,GRO-001,Keeri Samba 5kg,Grocery,1250,0%,211,12,199,15000.0,0
2025-02-24,Monday,GRO-002,Nadu Rice 5kg,Grocery,1100,0%,86,17,69,18700.0,0
2025-02-24,Monday,GRO-003,Mysore Dhal 1kg,Grocery,380,10%,148,25,123,8550.0,0
2025-02-24,Monday,DAI-001,Anchor Milk Powder 400g,Dairy,1150,10%,105,25,80,25875.0,0
2025-02-24,Monday,DAI-002,Kotmale Butter 200g,Dairy,750,0%,213,6,207,4500.0,0
2025-02-24,Monday,SNA-001,Munchee Super Cream Cracker,Snacks,250,0%,122,34,88,8500.0,0
2025-02-24,Monday,SNA-002,Maliban Lemon Puff,Snacks,300,0%,182,24,158,7200.0,0
2025-02-24,Monday,PAN-001,Prima Wheat Flour 1kg,Pantry,220,0%,90,26,64,5720.0,0
2025-02-24,Monday,PAN-002,Marina Coconut Oil 1L,Pantry,850,0%,74,25,49,21250.0,0
2025-02-24,Monday,BEV-001,Coca Cola 1.5L,Beverages,450,10%,119,23,96,9315.0,0
2025-02-24,Monday,PER-001,Signal Toothpaste 120g,Personal Care,230,0%,181,15,166,3450.0,0
2025-02-24,Monday,PER-002,Lifebuoy Soap,Personal Care,150,0%,193,34,159,5100.0,0
2025-02-25,Tuesday,GRO-001,Keeri Samba 5kg,Grocery,1250,0%,199,16,183,20000.0,0
2025-02-25,Tuesday,GRO-002,Nadu Rice 5kg,Grocery,1100,0%,69,20,49,22000.0,0
2025-02-25,Tuesday,GRO-003,Mysore Dhal 1kg,Grocery,380,0%,123,26,97,9880.0,0
2025-02-25,Tuesday,DAI-001,Anchor Milk Powder 400g,Dairy,1150,0%,80,30,50,34500.0,0
2025-02-25,Tuesday,DAI-002,Kotmale Butter 200g,Dairy,750,0%,207,14,193,10500.0,0
2025-02-25,Tuesday,SNA-001,Munchee Super Cream Cracker,Snacks,250,0%,88,42,46,10500.0,0
2025-02-25,Tuesday,SNA-002,Maliban Lemon Puff,Snacks,300,0%,158,39,119,11700.0,0
2025-02-25,Tuesday,PAN-001,Prima Wheat Flour 1kg,Pantry,220,0%,64,26,38,5720.0,0
2025-02-25,Tuesday,PAN-002,Marina Coconut Oil 1L,Pantry,850,10%,49,15,34,11475.0,0
2025-02-25,Tuesday,BEV-001,Coca Cola 1.5L,Beverages,450,0%,96,14,82,6300.0,0
2025-02-25,Tuesday,PER-001,Signal Toothpaste 120g,Personal Care,230,0%,166,8,158,1840.0,0
2025-02-25,Tuesday,PER-002,Lifebuoy Soap,Personal Care,150,10%,159,37,122,4995.0,0
2025-02-26,Wednesday,GRO-001,Keeri Samba 5kg,Grocery,1250,0%,183,8,175,10000.0,0
2025-02-26,Wednesday,GRO-002,Nadu Rice 5kg,Grocery,1100,0%,49,14,35,15400.0,0
2025-02-26,Wednesday,GRO-003,Mysore Dhal 1kg,Grocery,380,0%,97,27,70,10260.0,0
2025-02-26,Wednesday,DAI-001,Anchor Milk Powder 400g,Dairy,1150,0%,50,22,28,25300.0,0
2025-02-26,Wednesday,DAI-002,Kotmale Butter 200g,Dairy,750,0%,193,12,181,9000.0,0
2025-02-26,Wednesday,SNA-001,Munchee Super Cream Cracker,Snacks,250,10%,46,38,8,8550.0,0
2025-02-26,Wednesday,SNA-002,Maliban Lemon Puff,Snacks,300,0%,119,28,91,8400.0,0
2025-02-26,Wednesday,PAN-001,Prima Wheat Flour 1kg,Pantry,220,0%,238,15,223,3300.0,0
2025-02-26,Wednesday,PAN-002,Marina Coconut Oil 1L,Pantry,850,0%,234,17,217,14450.0,0
2025-02-26,Wednesday,BEV-001,Coca Cola 1.5L,Beverages,450,0%,82,19,63,8550.0,0
2025-02-26,Wednesday,PER-001,Signal Toothpaste 120g,Personal Care,230,0%,158,19,139,4370.0,0
2025-02-26,Wednesday,PER-002,Lifebuoy Soap,Personal Care,150,0%,122,31,91,4650.0,0
2025-02-27,Thursday,GRO-001,Keeri Samba 5kg,Grocery,1250,0%,175,14,161,17500.0,0
2025-02-27,Thursday,GRO-002,Nadu Rice 5kg,Grocery,1100,0%,235,20,215,22000.0,0
2025-02-27,Thursday,GRO-003,Mysore Dhal 1kg,Grocery,380,0%,70,30,40,11400.0,0
2025-02-27,Thursday,DAI-001,Anchor Milk Powder 400g,Dairy,1150,0%,228,23,205,26450.0,0
2025-02-27,Thursday,DAI-002,Kotmale Butter 200g,Dairy,750,0%,181,10,171,7500.0,0
2025-02-27,Thursday,SNA-001,Munchee Super Cream Cracker,Snacks,250,0%,208,42,166,10500.0,0
2025-02-27,Thursday,SNA-002,Maliban Lemon Puff,Snacks,300,0%,91,19,72,5700.0,0
2025-02-27,Thursday,PAN-001,Prima Wheat Flour 1kg,Pantry,220,0%,223,25,198,5500.0,0
2025-02-27,Thursday,PAN-002,Marina Coconut Oil 1L,Pantry,850,0%,217,18,199,15300.0,0
2025-02-27,Thursday,BEV-001,Coca Cola 1.5L,Beverages,450,10%,63,16,47,6480.0,0
2025-02-27,Thursday,PER-001,Signal Toothpaste 120g,Personal Care,230,0%,139,18,121,4140.0,0
2025-02-27,Thursday,PER-002,Lifebuoy Soap,Personal Care,150,0%,91,29,62,4350.0,0
2025-02-28,Friday,GRO-001,Keeri Samba 5kg,Grocery,1250,0%,161,17,144,21250.0,0
2025-02-28,Friday,GRO-002,Nadu Rice 5kg,Grocery,1100,0%,215,27,188,29700.0,0
2025-02-28,Friday,GRO-003,Mysore Dhal 1kg,Grocery,380,10%,40,35,5,11970.0,0
2025-02-28,Friday,DAI-001,Anchor Milk Powder 400g,Dairy,1150,0%,205,33,172,37950.0,0
2025-02-28,Friday,DAI-002,Kotmale Butter 200g,Dairy,750,0%,171,6,165,4500.0,0
2025-02-28,Friday,SNA-001,Munchee Super Cream Cracker,Snacks,250,0%,166,31,135,7750.0,0
2025-02-28,Friday,SNA-002,Maliban Lemon Puff,Snacks,300,0%,72,18,54,5400.0,0
2025-02-28,Friday,PAN-001,Prima Wheat Flour 1kg,Pantry,220,0%,198,24,174,5280.0,0
2025-02-28,Friday,PAN-002,Marina Coconut Oil 1L,Pantry,850,0%,199,15,184,12750.0,0
2025-02-28,Friday,BEV-001,Coca Cola 1.5L,Beverages,450,0%,47,16,31,7200.0,0
2025-02-28,Friday,PER-001,Signal Toothpaste 120g,Personal Care,230,0%,121,20,101,4600.0,0
2025-02-28,Friday,PER-002,Lifebuoy Soap,Personal Care,150,0%,62,36,26,5400.0,0
2025-03-01,Saturday,GRO-001,Keeri Samba 5kg,Grocery,1250,10%,144,16,128,18000.0,0
2025-03-01,Saturday,GRO-002,Nadu Rice 5kg,Grocery,1100,10%,188,16,172,15840.0,0
2025-03-01,Saturday,GRO-003,Mysore Dhal 1kg,Grocery,380,0%,205,36,169,13680.0,0
2025-03-01,Saturday,DAI-001,Anchor Milk Powder 400g,Dairy,1150,0%,172,47,125,54050.0,0
2025-03-01,Saturday,DAI-002,Kotmale Butter 200g,Dairy,750,0%,165,12,153,9000.0,0
2025-03-01,Saturday,SNA-001,Munchee Super Cream Cracker,Snacks,250,0%,135,42,93,10500.0,0
2025-03-01,Saturday,SNA-002,Maliban Lemon Puff,Snacks,300,0%,54,33,21,9900.0,0
2025-03-01,Saturday,PAN-001,Prima Wheat Flour 1kg,Pantry,220,0%,174,16,158,3520.0,0
2025-03-01,Saturday,PAN-002,Marina Coconut Oil 1L,Pantry,850,0%,184,23,161,19550.0,0
2025-03-01,Saturday,BEV-001,Coca Cola 1.5L,Beverages,450,0%,231,22,209,9900.0,0
2025-03-01,Saturday,PER-001,Signal Toothpaste 120g,Personal Care,230,0%,101,16,85,3680.0,0
2025-03-01,Saturday,PER-002,Lifebuoy Soap,Personal Care,150,0%,226,46,180,6900.0,0
2025-03-02,Sunday,GRO-001,Keeri Samba 5kg,Grocery,1250,0%,128,19,109,23750.0,0
2025-03-02,Sunday,GRO-002,Nadu Rice 5kg,Grocery,1100,0%,172,22,150,24200.0,0
2025-03-02,Sunday,GRO-003,Mysore Dhal 1kg,Grocery,380,0%,169,56,113,21280.0,0
2025-03-02,Sunday,DAI-001,Anchor Milk Powder 400g,Dairy,1150,0%,125,32,93,36800.0,0
2025-03-02,Sunday,DAI-002,Kotmale Butter 200g,Dairy,750,0%,153,16,137,12000.0,0
2025-03-02,Sunday,SNA-001,Munchee Super Cream Cracker,Snacks,250,0%,93,44,49,11000.0,0
2025-03-02,Sunday,SNA-002,Maliban Lemon Puff,Snacks,300,0%,221,22,199,6600.0,0
2025-03-02,Sunday,PAN-001,Prima Wheat Flour 1kg,Pantry,220,0%,158,16,142,3520.0,0
2025-03-02,Sunday,PAN-002,Marina Coconut Oil 1L,Pantry,850,0%,161,28,133,23800.0,0
2025-03-02,Sunday,BEV-001,Coca Cola 1.5L,Beverages,450,0%,209,28,181,12600.0,0
2025-03-02,Sunday,PER-001,Signal Toothpaste 120g,Personal Care,230,0%,85,15,70,3450.0,0
2025-03-02,Sunday,PER-002,Lifebuoy Soap,Personal Care,150,10%,180,40,140,5400.0,0
2025-03-03,Monday,GRO-001,Keeri Samba 5kg,Grocery,1250,0%,109,10,99,12500.0,0
2025-03-03,Monday,GRO-002,Nadu Rice 5kg,Grocery,1100,0%,150,22,128,24200.0,0
2025-03-03,Monday,GRO-003,Mysore Dhal 1kg,Grocery,380,10%,113,41,72,14022.0,0
2025-03-03,Monday,DAI-001,Anchor Milk Powder 400g,Dairy,1150,0%,93,29,64,33350.0,0
2025-03-03,Monday,DAI-002,Kotmale Butter 200g,Dairy,750,0%,137,7,130,5250.0,0
2025-03-03,Monday,SNA-001,Munchee Super Cream Cracker,Snacks,250,0%,49,25,24,6250.0,0
2025-03-03,Monday,SNA-002,Maliban Lemon Puff,Snacks,300,0%,199,26,173,7800.0,0
2025-03-03,Monday,PAN-001,Prima Wheat Flour 1kg,Pantry,220,10%,142,26,116,5148.0,0
2025-03-03,Monday,PAN-002,Marina Coconut Oil 1L,Pantry,850,0%,133,14,119,11900.0,0
2025-03-03,Monday,BEV-001,Coca Cola 1.5L,Beverages,450,0%,181,15,166,6750.0,0
2025-03-03,Monday,PER-001,Signal Toothpaste 120g,Personal Care,230,0%,70,14,56,3220.0,0
2025-03-03,Monday,PER-002,Lifebuoy Soap,Personal Care,150,0%,140,30,110,4500.0,0
2025-03-04,Tuesday,GRO-001,Keeri Samba 5kg,Grocery,1250,0%,99,13,86,16250.0,0
2025-03-04,Tuesday,GRO-002,Nadu Rice 5kg,Grocery,1100,0%,128,13,115,14300.0,0
2025-03-04,Tuesday,GRO-003,Mysore Dhal 1kg,Grocery,380,0%,72,31,41,11780.0,0
2025-03-04,Tuesday,DAI-001,Anchor Milk Powder 400g,Dairy,1150,0%,64,31,33,35650.0,0
2025-03-04,Tuesday,DAI-002,Kotmale Butter 200g,Dairy,750,0%,130,13,117,9750.0,0
2025-03-04,Tuesday,SNA-001,Munchee Super Cream Cracker,Snacks,250,0%,224,25,199,6250.0,0
2025-03-04,Tuesday,SNA-002,Maliban Lemon Puff,Snacks,300,0%,173,21,152,6300.0,0
2025-03-04,Tuesday,PAN-001,Prima Wheat Flour 1kg,Pantry,220,0%,116,21,95,4620.0,0
2025-03-04,Tuesday,PAN-002,Marina Coconut Oil 1L,Pantry,850,0%,119,11,108,9350.0,0
2025-03-04,Tuesday,BEV-001,Coca Cola 1.5L,Beverages,450,0%,166,19,147,8550.0,0
2025-03-04,Tuesday,PER-001,Signal Toothpaste 120g,Personal Care,230,0%,56,7,49,1610.0,0
2025-03-04,Tuesday,PER-002,Lifebuoy Soap,Personal Care,150,0%,110,20,90,3000.0,0
2025-03-05,Wednesday,GRO-001,Keeri Samba 5kg,Grocery,1250,0%,86,19,67,23750.0,0
2025-03-05,Wednesday,GRO-002,Nadu Rice 5kg,Grocery,1100,0%,115,27,88,29700.0,0
2025-03-05,Wednesday,GRO-003,Mysore Dhal 1kg,Grocery,380,0%,41,34,7,12920.0,0
2025-03-05,Wednesday,DAI-001,Anchor Milk Powder 400g,Dairy,1150,0%,233,31,202,35650.0,0
2025-03-05,Wednesday,DAI-002,Kotmale Butter 200g,Dairy,750,0%,117,12,105,9000.0,0
2025-03-05,Wednesday,SNA-001,Munchee Super Cream Cracker,Snacks,250,0%,199,32,167,8000.0,0
2025-03-05,Wednesday,SNA-002,Maliban Lemon Puff,Snacks,300,0%,152,31,121,9300.0,0
2025-03-05,Wednesday,PAN-001,Prima Wheat Flour 1kg,Pantry,220,0%,95,27,68,5940.0,0
2025-03-05,Wednesday,PAN-002,Marina Coconut Oil 1L,Pantry,850,0%,108,16,92,13600.0,0
2025-03-05,Wednesday,BEV-001,Coca Cola 1.5L,Beverages,450,0%,147,20,127,9000.0,0
2025-03-05,Wednesday,PER-001,Signal Toothpaste 120g,Personal Care,230,10%,49,15,34,3105.0,0
2025-03-05,Wednesday,PER-002,Lifebuoy Soap,Personal Care,150,0%,90,23,67,3450.0,0
2025-03-06,Thursday,GRO-001,Keeri Samba 5kg,Grocery,1250,0%,67,16,51,20000.0,0
2025-03-06,Thursday,GRO-002,Nadu Rice 5kg,Grocery,1100,0%,88,19,69,20900.0,0
2025-03-06,Thursday,GRO-003,Mysore Dhal 1kg,Grocery,380,0%,207,23,184,8740.0,0
2025-03-06,Thursday,DAI-001,Anchor Milk Powder 400g,Dairy,1150,0%,202,24,178,27600.0,0
2025-03-06,Thursday,DAI-002,Kotmale Butter 200g,Dairy,750,0%,105,9,96,6750.0,0
2025-03-06,Thursday,SNA-001,Munchee Super Cream Cracker,Snacks,250,0%,167,17,150,4250.0,0
2025-03-06,Thursday,SNA-002,Maliban Lemon Puff,Snacks,300,0%,121,14,107,4200.0,0
2025-03-06,Thursday,PAN-001,Prima Wheat Flour 1kg,Pantry,220,0%,68,23,45,5060.0,0
2025-03-06,Thursday,PAN-002,Marina Coconut Oil 1L,Pantry,850,0%,92,16,76,13600.0,0
2025-03-06,Thursday,BEV-001,Coca Cola 1.5L,Beverages,450,0%,127,18,109,8100.0,0
2025-03-06,Thursday,PER-001,Signal Toothpaste 120g,Personal Care,230,0%,234,5,229,1150.0,0
2025-03-06,Thursday,PER-002,Lifebuoy Soap,Personal Care,150,0%,67,25,42,3750.0,0
2025-03-07,Friday,GRO-001,Keeri Samba 5kg,Grocery,1250,10%,51,19,32,21375.0,0
2025-03-07,Friday,GRO-002,Nadu Rice 5kg,Grocery,1100,0%,69,16,53,17600.0,0
2025-03-07,Friday,GRO-003,Mysore Dhal 1kg,Grocery,380,0%,184,36,148,13680.0,0
2025-03-07,Friday,DAI-001,Anchor Milk Powder 400g,Dairy,1150,0%,178,23,155,26450.0,0
2025-03-07,Friday,DAI-002,Kotmale Butter 200g,Dairy,750,0%,96,8,88,6000.0,0
2025-03-07,Friday,SNA-001,Munchee Super Cream Cracker,Snacks,250,0%,150,27,123,6750.0,0
2025-03-07,Friday,SNA-002,Maliban Lemon Puff,Snacks,300,0%,107,20,87,6000.0,0
2025-03-07,Friday,PAN-001,Prima Wheat Flour 1kg,Pantry,220,0%,45,29,16,6380.0,0
2025-03-07,Friday,PAN-002,Marina Coconut Oil 1L,Pantry,850,0%,76,18,58,15300.0,0
2025-03-07,Friday,BEV-001,Coca Cola 1.5L,Beverages,450,0%,109,14,95,6300.0,0
2025-03-07,Friday,PER-001,Signal Toothpaste 120g,Personal Care,230,0%,229,11,218,2530.0,0
2025-03-07,Friday,PER-002,Lifebuoy Soap,Personal Care,150,0%,42,27,15,4050.0,0
2025-03-08,Saturday,GRO-001,Keeri Samba 5kg,Grocery,1250,0%,232,21,211,26250.0,0
2025-03-08,Saturday,GRO-002,Nadu Rice 5kg,Grocery,1100,0%,53,32,21,35200.0,0
2025-03-08,Saturday,GRO-003,Mysore Dhal 1kg,Grocery,380,0%,148,43,105,16340.0,0
2025-03-08,Saturday,DAI-001,Anchor Milk Powder 400g,Dairy,1150,0%,155,19,136,21850.0,0
2025-03-08,Saturday,DAI-002,Kotmale Butter 200g,Dairy,750,0%,88,18,70,13500.0,0
2025-03-08,Saturday,SNA-001,Munchee Super Cream Cracker,Snacks,250,0%,123,54,69,13500.0,0
2025-03-08,Saturday,SNA-002,Maliban Lemon Puff,Snacks,300,0%,87,40,47,12000.0,0
2025-03-08,Saturday,PAN-001,Prima Wheat Flour 1kg,Pantry,220,0%,216,29,187,6380.0,0
2025-03-08,Saturday,PAN-002,Marina Coconut Oil 1L,Pantry,850,0%,58,28,30,23800.0,0
2025-03-08,Saturday,BEV-001,Coca Cola 1.5L,Beverages,450,0%,95,26,69,11700.0,0
2025-03-08,Saturday,PER-001,Signal Toothpaste 120g,Personal Care,230,0%,218,21,197,4830.0,0
2025-03-08,Saturday,PER-002,Lifebuoy Soap,Personal Care,150,0%,215,36,179,5400.0,0
2025-03-09,Sunday,GRO-001,Keeri Samba 5kg,Grocery,1250,0%,211,15,196,18750.0,0
2025-03-09,Sunday,GRO-002,Nadu Rice 5kg,Grocery,1100,0%,221,30,191,33000.0,0
2025-03-09,Sunday,GRO-003,Mysore Dhal 1kg,Grocery,380,0%,105,36,69,13680.0,0
2025-03-09,Sunday,DAI-001,Anchor Milk Powder 400g,Dairy,1150,0%,136,36,100,41400.0,0
2025-03-09,Sunday,DAI-002,Kotmale Butter 200g,Dairy,750,0%,70,12,58,9000.0,0
2025-03-09,Sunday,SNA-001,Munchee Super Cream Cracker,Snacks,250,0%,69,44,25,11000.0,0
2025-03-09,Sunday,SNA-002,Maliban Lemon Puff,Snacks,300,10%,47,33,14,8910.0,0
2025-03-09,Sunday,PAN-001,Prima Wheat Flour 1kg,Pantry,220,0%,187,12,175,2640.0,0
2025-03-09,Sunday,PAN-002,Marina Coconut Oil 1L,Pantry,850,0%,230,23,207,19550.0,0
2025-03-09,Sunday,BEV-001,Coca Cola 1.5L,Beverages,450,0%,69,18,51,8100.0,0
2025-03-09,Sunday,PER-001,Signal Toothpaste 120g,Personal Care,230,0%,197,21,176,4830.0,0
2025-03-09,Sunday,PER-002,Lifebuoy Soap,Personal Care,150,0%,179,43,136,6450.0,0
2025-03-10,Monday,GRO-001,Keeri Samba 5kg,Grocery,1250,0%,196,14,182,17500.0,0
2025-03-10,Monday,GRO-002,Nadu Rice 5kg,Grocery,1100,0%,191,22,169,24200.0,0
2025-03-10,Monday,GRO-003,Mysore Dhal 1kg,Grocery,380,0%,69,24,45,9120.0,0
2025-03-10,Monday,DAI-001,Anchor Milk Powder 400g,Dairy,1150,0%,100,19,81,21850.0,0
2025-03-10,Monday,DAI-002,Kotmale Butter 200g,Dairy,750,0%,58,11,47,8250.0,0
2025-03-10,Monday,SNA-001,Munchee Super Cream Cracker,Snacks,250,0%,225,38,187,9500.0,0
2025-03-10,Monday,SNA-002,Maliban Lemon Puff,Snacks,300,0%,214,27,187,8100.0,0
2025-03-10,Monday,PAN-001,Prima Wheat Flour 1kg,Pantry,220,0%,175,27,148,5940.0,0
2025-03-10,Monday,PAN-002,Marina Coconut Oil 1L,Pantry,850,0%,207,18,189,15300.0,0
2025-03-10,Monday,BEV-001,Coca Cola 1.5L,Beverages,450,0%,51,18,33,8100.0,0
2025-03-10,Monday,PER-001,Signal Toothpaste 120g,Personal Care,230,10%,176,8,168,1656.0,0
2025-03-10,Monday,PER-002,Lifebuoy Soap,Personal Care,150,0%,136,25,111,3750.0,0
2025-03-11,Tuesday,GRO-001,Keeri Samba 5kg,Grocery,1250,0%,182,8,174,10000.0,0
2025-03-11,Tuesday,GRO-002,Nadu Rice 5kg,Grocery,1100,0%,169,23,146,25300.0,0
2025-03-11,Tuesday,GRO-003,Mysore Dhal 1kg,Grocery,380,0%,45,27,18,10260.0,0
2025-03-11,Tuesday,DAI-001,Anchor Milk Powder 400g,Dairy,1150,10%,81,19,62,19665.0,0
2025-03-11,Tuesday,DAI-002,Kotmale Butter 200g,Dairy,750,0%,47,13,34,9750.0,0
2025-03-11,Tuesday,SNA-001,Munchee Super Cream Cracker,Snacks,250,0%,187,40,147,10000.0,0
2025-03-11,Tuesday,SNA-002,Maliban Lemon Puff,Snacks,300,0%,187,33,154,9900.0,0
2025-03-11,Tuesday,PAN-001,Prima Wheat Flour 1kg,Pantry,220,10%,148,16,132,3168.0,0
2025-03-11,Tuesday,PAN-002,Marina Coconut Oil 1L,Pantry,850,0%,189,21,168,17850.0,0
2025-03-11,Tuesday,BEV-001,Coca Cola 1.5L,Beverages,450,0%,233,17,216,7650.0,0
2025-03-11,Tuesday,PER-001,Signal Toothpaste 120g,Personal Care,230,10%,168,17,151,3519.0,0
2025-03-11,Tuesday,PER-002,Lifebuoy Soap,Personal Care,150,0%,111,29,82,4350.0,0
2025-03-12,Wednesday,GRO-001,Keeri Samba 5kg,Grocery,1250,0%,174,15,159,18750.0,0
2025-03-12,Wednesday,GRO-002,Nadu Rice 5kg,Grocery,1100,0%,146,18,128,19800.0,0
2025-03-12,Wednesday,GRO-003,Mysore Dhal 1kg,Grocery,380,10%,218,25,193,8550.0,0
2025-03-12,Wednesday,DAI-001,Anchor Milk Powder 400g,Dairy,1150,10%,62,18,44,18630.0,0
2025-03-12,Wednesday,DAI-002,Kotmale Butter 200g,Dairy,750,0%,234,12,222,9000.0,0
2025-03-12,Wednesday,SNA-001,Munchee Super Cream Cracker,Snacks,250,0%,147,35,112,8750.0,0
2025-03-12,Wednesday,SNA-002,Maliban Lemon Puff,Snacks,300,10%,154,36,118,9720.0,0
2025-03-12,Wednesday,PAN-001,Prima Wheat Flour 1kg,Pantry,220,0%,132,22,110,4840.0,0
2025-03-12,Wednesday,PAN-002,Marina Coconut Oil 1L,Pantry,850,0%,168,19,149,16150.0,0
2025-03-12,Wednesday,BEV-001,Coca Cola 1.5L,Beverages,450,0%,216,23,193,10350.0,0
2025-03-12,Wednesday,PER-001,Signal Toothpaste 120g,Personal Care,230,0%,151,13,138,2990.0,0
2025-03-12,Wednesday,PER-002,Lifebuoy Soap,Personal Care,150,0%,82,28,54,4200.0,0
2025-03-13,Thursday,GRO-001,Keeri Samba 5kg,Grocery,1250,0%,159,14,145,17500.0,0
2025-03-13,Thursday,GRO-002,Nadu Rice 5kg,Grocery,1100,0%,128,27,101,29700.0,0
2025-03-13,Thursday,GRO-003,Mysore Dhal 1kg,Grocery,380,0%,193,23,170,8740.0,0
2025-03-13,Thursday,DAI-001,Anchor Milk Powder 400g,Dairy,1150,0%,44,24,20,27600.0,0
2025-03-13,Thursday,DAI-002,Kotmale Butter 200g,Dairy,750,0%,222,12,210,9000.0,0
2025-03-13,Thursday,SNA-001,Munchee Super Cream Cracker,Snacks,250,0%,112,21,91,5250.0,0
2025-03-13,Thursday,SNA-002,Maliban Lemon Puff,Snacks,300,0%,118,42,76,12600.0,0
2025-03-13,Thursday,PAN-001,Prima Wheat Flour 1kg,Pantry,220,0%,110,23,87,5060.0,0
2025-03-13,Thursday,PAN-002,Marina Coconut Oil 1L,Pantry,850,0%,149,16,133,13600.0,0
2025-03-13,Thursday,BEV-001,Coca Cola 1.5L,Beverages,450,10%,193,21,172,8505.0,0
2025-03-13,Thursday,PER-001,Signal Toothpaste 120g,Personal Care,230,0%,138,13,125,2990.0,0
2025-03-13,Thursday,PER-002,Lifebuoy Soap,Personal Care,150,10%,54,37,17,4995.0,0
2025-03-14,Friday,GRO-001,Keeri Samba 5kg,Grocery,1250,0%,145,14,131,17500.0,0
2025-03-14,Friday,GRO-002,Nadu Rice 5kg,Grocery,1100,0%,101,14,87,15400.0,0
2025-03-14,Friday,GRO-003,Mysore Dhal 1kg,Grocery,380,0%,170,35,135,13300.0,0
2025-03-14,Friday,DAI-001,Anchor Milk Powder 400g,Dairy,1150,0%,220,22,198,25300.0,0
2025-03-14,Friday,DAI-002,Kotmale Butter 200g,Dairy,750,0%,210,13,197,9750.0,0
2025-03-14,Friday,SNA-001,Munchee Super Cream Cracker,Snacks,250,0%,91,22,69,5500.0,0
2025-03-14,Friday,SNA-002,Maliban Lemon Puff,Snacks,300,0%,76,31,45,9300.0,0
2025-03-14,Friday,PAN-001,Prima Wheat Flour 1kg,Pantry,220,0%,87,21,66,4620.0,0
2025-03-14,Friday,PAN-002,Marina Coconut Oil 1L,Pantry,850,0%,133,17,116,14450.0,0
2025-03-14,Friday,BEV-001,Coca Cola 1.5L,Beverages,450,10%,172,15,157,6075.0,0
2025-03-14,Friday,PER-001,Signal Toothpaste 120g,Personal Care,230,10%,125,15,110,3105.0,0
2025-03-14,Friday,PER-002,Lifebuoy Soap,Personal Care,150,10%,217,40,177,5400.0,0
2025-03-15,Saturday,GRO-001,Keeri Samba 5kg,Grocery,1250,0%,131,23,108,28750.0,0
2025-03-15,Saturday,GRO-002,Nadu Rice 5kg,Grocery,1100,0%,87,19,68,20900.0,0
2025-03-15,Saturday,GRO-003,Mysore Dhal 1kg,Grocery,380,0%,135,32,103,12160.0,0
2025-03-15,Saturday,DAI-001,Anchor Milk Powder 400g,Dairy,1150,0%,198,40,158,46000.0,0
2025-03-15,Saturday,DAI-002,Kotmale Butter 200g,Dairy,750,0%,197,14,183,10500.0,0
2025-03-15,Saturday,SNA-001,Munchee Super Cream Cracker,Snacks,250,0%,69,57,12,14250.0,0
2025-03-15,Saturday,SNA-002,Maliban Lemon Puff,Snacks,300,0%,45,33,12,9900.0,0
2025-03-15,Saturday,PAN-001,Prima Wheat Flour 1kg,Pantry,220,10%,66,30,36,5940.0,0
2025-03-15,Saturday,PAN-002,Marina Coconut Oil 1L,Pantry,850,0%,116,23,93,19550.0,0
2025-03-15,Saturday,BEV-001,Coca Cola 1.5L,Beverages,450,0%,157,22,135,9900.0,0
2025-03-15,Saturday,PER-001,Signal Toothpaste 120g,Personal Care,230,0%,110,14,96,3220.0,0
2025-03-15,Saturday,PER-002,Lifebuoy Soap,Personal Care,150,0%,177,56,121,8400.0,0
2025-03-16,Sunday,GRO-001,Keeri Samba 5kg,Grocery,1250,0%,108,18,90,22500.0,0
2025-03-16,Sunday,GRO-002,Nadu Rice 5kg,Grocery,1100,0%,68,22,46,24200.0,0
2025-03-16,Sunday,GRO-003,Mysore Dhal 1kg,Grocery,380,0%,103,15,88,5700.0,0
2025-03-16,Sunday,DAI-001,Anchor Milk Powder 400g,Dairy,1150,10%,158,28,130,28980.0,0
2025-03-16,Sunday,DAI-002,Kotmale Butter 200g,Dairy,750,0%,183,14,169,10500.0,0
2025-03-16,Sunday,SNA-001,Munchee Super Cream Cracker,Snacks,250,0%,212,53,159,13250.0,0
2025-03-16,Sunday,SNA-002,Maliban Lemon Puff,Snacks,300,0%,212,51,161,15300.0,0
2025-03-16,Sunday,PAN-001,Prima Wheat Flour 1kg,Pantry,220,0%,236,23,213,5060.0,0
2025-03-16,Sunday,PAN-002,Marina Coconut Oil 1L,Pantry,850,0%,93,21,72,17850.0,0
2025-03-16,Sunday,BEV-001,Coca Cola 1.5L,Beverages,450,10%,135,30,105,12150.0,0
2025-03-16,Sunday,PER-001,Signal Toothpaste 120g,Personal Care,230,0%,96,21,75,4830.0,0
2025-03-16,Sunday,PER-002,Lifebuoy Soap,Personal Care,150,0%,121,49,72,7350.0,0
2025-03-17,Monday,GRO-001,Keeri Samba 5kg,Grocery,1250,0%,90,16,74,20000.0,0
2025-03-17,Monday,GRO-002,Nadu Rice 5kg,Grocery,1100,0%,46,18,28,19800.0,0
2025-03-17,Monday,GRO-003,Mysore Dhal 1kg,Grocery,380,10%,88,27,61,9234.0,0
2025-03-17,Monday,DAI-001,Anchor Milk Powder 400g,Dairy,1150,0%,130,23,107,26450.0,0
2025-03-17,Monday,DAI-002,Kotmale Butter 200g,Dairy,750,0%,169,8,161,6000.0,0
2025-03-17,Monday,SNA-001,Munchee Super Cream Cracker,Snacks,250,10%,159,26,133,5850.0,0
2025-03-17,Monday,SNA-002,Maliban Lemon Puff,Snacks,300,0%,161,30,131,9000.0,0
2025-03-17,Monday,PAN-001,Prima Wheat Flour 1kg,Pantry,220,0%,213,15,198,3300.0,0
2025-03-17,Monday,PAN-002,Marina Coconut Oil 1L,Pantry,850,0%,72,22,50,18700.0,0
2025-03-17,Monday,BEV-001,Coca Cola 1.5L,Beverages,450,0%,105,12,93,5400.0,0
2025-03-17,Monday,PER-001,Signal Toothpaste 120g,Personal Care,230,0%,75,15,60,3450.0,0
2025-03-17,Monday,PER-002,Lifebuoy Soap,Personal Care,150,0%,72,20,52,3000.0,0
2025-03-18,Tuesday,GRO-001,Keeri Samba 5kg,Grocery,1250,0%,74,10,64,12500.0,0
2025-03-18,Tuesday,GRO-002,Nadu Rice 5kg,Grocery,1100,0%,228,27,201,29700.0,0
2025-03-18,Tuesday,GRO-003,Mysore Dhal 1kg,Grocery,380,0%,61,27,34,10260.0,0
2025-03-18,Tuesday,DAI-001,Anchor Milk Powder 400g,Dairy,1150,10%,107,31,76,32085.0,0
2025-03-18,Tuesday,DAI-002,Kotmale Butter 200g,Dairy,750,10%,161,12,149,8100.0,0
2025-03-18,Tuesday,SNA-001,Munchee Super Cream Cracker,Snacks,250,0%,133,36,97,9000.0,0
2025-03-18,Tuesday,SNA-002,Maliban Lemon Puff,Snacks,300,0%,131,30,101,9000.0,0
2025-03-18,Tuesday,PAN-001,Prima Wheat Flour 1kg,Pantry,220,0%,198,28,170,6160.0,0
2025-03-18,Tuesday,PAN-002,Marina Coconut Oil 1L,Pantry,850,10%,50,19,31,14535.0,0
2025-03-18,Tuesday,BEV-001,Coca Cola 1.5L,Beverages,450,0%,93,17,76,7650.0,0
2025-03-18,Tuesday,PER-001,Signal Toothpaste 120g,Personal Care,230,0%,60,13,47,2990.0,0
2025-03-18,Tuesday,PER-002,Lifebuoy Soap,Personal Care,150,10%,52,28,24,3780.0,0
2025-03-19,Wednesday,GRO-001,Keeri Samba 5kg,Grocery,1250,0%,64,10,54,12500.0,0
2025-03-19,Wednesday,GRO-002,Nadu Rice 5kg,Grocery,1100,0%,201,21,180,23100.0,0
2025-03-19,Wednesday,GRO-003,Mysore Dhal 1kg,Grocery,380,10%,234,30,204,10260.0,0
2025-03-19,Wednesday,DAI-001,Anchor Milk Powder 400g,Dairy,1150,0%,76,24,52,27600.0,0
2025-03-19,Wednesday,DAI-002,Kotmale Butter 200g,Dairy,750,10%,149,9,140,6075.0,0
2025-03-19,Wednesday,SNA-001,Munchee Super Cream Cracker,Snacks,250,0%,97,36,61,9000.0,0
2025-03-19,Wednesday,SNA-002,Maliban Lemon Puff,Snacks,300,0%,101,28,73,8400.0,0
2025-03-19,Wednesday,PAN-001,Prima Wheat Flour 1kg,Pantry,220,0%,170,19,151,4180.0,0
2025-03-19,Wednesday,PAN-002,Marina Coconut Oil 1L,Pantry,850,0%,231,21,210,17850.0,0
2025-03-19,Wednesday,BEV-001,Coca Cola 1.5L,Beverages,450,0%,76,12,64,5400.0,0
2025-03-19,Wednesday,PER-001,Signal Toothpaste 120g,Personal Care,230,0%,47,16,31,3680.0,0
2025-03-19,Wednesday,PER-002,Lifebuoy Soap,Personal Care,150,0%,224,18,206,2700.0,0
2025-03-20,Thursday,GRO-001,Keeri Samba 5kg,Grocery,1250,10%,54,11,43,12375.0,0
2025-03-20,Thursday,GRO-002,Nadu Rice 5kg,Grocery,1100,0%,180,27,153,29700.0,0
2025-03-20,Thursday,GRO-003,Mysore Dhal 1kg,Grocery,380,10%,204,33,171,11286.0,0
2025-03-20,Thursday,DAI-001,Anchor Milk Powder 400g,Dairy,1150,0%,52,26,26,29900.0,0
2025-03-20,Thursday,DAI-002,Kotmale Butter 200g,Dairy,750,0%,140,13,127,9750.0,0
2025-03-20,Thursday,SNA-001,Munchee Super Cream Cracker,Snacks,250,0%,61,28,33,7000.0,0
2025-03-20,Thursday,SNA-002,Maliban Lemon Puff,Snacks,300,0%,73,22,51,6600.0,0
2025-03-20,Thursday,PAN-001,Prima Wheat Flour 1kg,Pantry,220,0%,151,20,131,4400.0,0
2025-03-20,Thursday,PAN-002,Marina Coconut Oil 1L,Pantry,850,0%,210,24,186,20400.0,0
2025-03-20,Thursday,BEV-001,Coca Cola 1.5L,Beverages,450,0%,64,19,45,8550.0,0
2025-03-20,Thursday,PER-001,Signal Toothpaste 120g,Personal Care,230,0%,231,17,214,3910.0,0
2025-03-20,Thursday,PER-002,Lifebuoy Soap,Personal Care,150,0%,206,29,177,4350.0,0
2025-03-21,Friday,GRO-001,Keeri Samba 5kg,Grocery,1250,10%,43,19,24,21375.0,0
2025-03-21,Friday,GRO-002,Nadu Rice 5kg,Grocery,1100,0%,153,16,137,17600.0,0
2025-03-21,Friday,GRO-003,Mysore Dhal 1kg,Grocery,380,0%,171,31,140,11780.0,0
2025-03-21,Friday,DAI-001,Anchor Milk Powder 400g,Dairy,1150,0%,226,28,198,32200.0,0
2025-03-21,Friday,DAI-002,Kotmale Butter 200g,Dairy,750,0%,127,15,112,11250.0,0
2025-03-21,Friday,SNA-001,Munchee Super Cream Cracker,Snacks,250,10%,233,31,202,6975.0,0
2025-03-21,Friday,SNA-002,Maliban Lemon Puff,Snacks,300,0%,51,31,20,9300.0,0
2025-03-21,Friday,PAN-001,Prima Wheat Flour 1kg,Pantry,220,0%,131,24,107,5280.0,0
2025-03-21,Friday,PAN-002,Marina Coconut Oil 1L,Pantry,850,0%,186,12,174,10200.0,0
2025-03-21,Friday,BEV-001,Coca Cola 1.5L,Beverages,450,0%,45,15,30,6750.0,0
2025-03-21,Friday,PER-001,Signal Toothpaste 120g,Personal Care,230,0%,214,9,205,2070.0,0
2025-03-21,Friday,PER-002,Lifebuoy Soap,Personal Care,150,0%,177,30,147,4500.0,0
2025-03-22,Saturday,GRO-001,Keeri Samba 5kg,Grocery,1250,0%,224,18,206,22500.0,0
2025-03-22,Saturday,GRO-002,Nadu Rice 5kg,Grocery,1100,10%,137,26,111,25740.0,0
2025-03-22,Saturday,GRO-003,Mysore Dhal 1kg,Grocery,380,0%,140,32,108,12160.0,0
2025-03-22,Saturday,DAI-001,Anchor Milk Powder 400g,Dairy,1150,0%,198,39,159,44850.0,0
2025-03-22,Saturday,DAI-002,Kotmale Butter 200g,Dairy,750,0%,112,18,94,13500.0,0
2025-03-22,Saturday,SNA-001,Munchee Super Cream Cracker,Snacks,250,0%,202,22,180,5500.0,0
2025-03-22,Saturday,SNA-002,Maliban Lemon Puff,Snacks,300,10%,220,44,176,11880.0,0
2025-03-22,Saturday,PAN-001,Prima Wheat Flour 1kg,Pantry,220,0%,107,35,72,7700.0,0
2025-03-22,Saturday,PAN-002,Marina Coconut Oil 1L,Pantry,850,0%,174,23,151,19550.0,0
2025-03-22,Saturday,BEV-001,Coca Cola 1.5L,Beverages,450,0%,230,26,204,11700.0,0
2025-03-22,Saturday,PER-001,Signal Toothpaste 120g,Personal Care,230,0%,205,22,183,5060.0,0
2025-03-22,Saturday,PER-002,Lifebuoy Soap,Personal Care,150,0%,147,33,114,4950.0,0
2025-03-23,Sunday,GRO-001,Keeri Samba 5kg,Grocery,1250,0%,206,23,183,28750.0,0
2025-03-23,Sunday,GRO-002,Nadu Rice 5kg,Grocery,1100,0%,111,40,71,44000.0,0
2025-03-23,Sunday,GRO-003,Mysore Dhal 1kg,Grocery,380,0%,108,28,80,10640.0,0
2025-03-23,Sunday,DAI-001,Anchor Milk Powder 400g,Dairy,1150,0%,159,26,133,29900.0,0
2025-03-23,Sunday,DAI-002,Kotmale Butter 200g,Dairy,750,0%,94,14,80,10500.0,0
2025-03-23,Sunday,SNA-001,Munchee Super Cream Cracker,Snacks,250,0%,180,46,134,11500.0,0
2025-03-23,Sunday,SNA-002,Maliban Lemon Puff,Snacks,300,0%,176,37,139,11100.0,0
2025-03-23,Sunday,PAN-001,Prima Wheat Flour 1kg,Pantry,220,0%,72,29,43,6380.0,0
2025-03-23,Sunday,PAN-002,Marina Coconut Oil 1L,Pantry,850,0%,151,23,128,19550.0,0
2025-03-23,Sunday,BEV-001,Coca Cola 1.5L,Beverages,450,0%,204,22,182,9900.0,0
2025-03-23,Sunday,PER-001,Signal Toothpaste 120g,Personal Care,230,0%,183,29,154,6670.0,0
2025-03-23,Sunday,PER-002,Lifebuoy Soap,Personal Care,150,0%,114,35,79,5250.0,0
2025-03-24,Monday,GRO-001,Keeri Samba 5kg,Grocery,1250,0%,183,14,169,17500.0,0
2025-03-24,Monday,GRO-002,Nadu Rice 5kg,Grocery,1100,10%,71,20,51,19800.0,0
2025-03-24,Monday,GRO-003,Mysore Dhal 1kg,Grocery,380,0%,80,33,47,12540.0,0
2025-03-24,Monday,DAI-001,Anchor Milk Powder 400g,Dairy,1150,0%,133,21,112,24150.0,0
2025-03-24,Monday,DAI-002,Kotmale Butter 200g,Dairy,750,0%,80,8,72,6000.0,0
2025-03-24,Monday,SNA-001,Munchee Super Cream Cracker,Snacks,250,0%,134,29,105,7250.0,0
2025-03-24,Monday,SNA-002,Maliban Lemon Puff,Snacks,300,0%,139,23,116,6900.0,0
2025-03-24,Monday,PAN-001,Prima Wheat Flour 1kg,Pantry,220,0%,43,10,33,2200.0,0
2025-03-24,Monday,PAN-002,Marina Coconut Oil 1L,Pantry,850,0%,128,20,108,17000.0,0
2025-03-24,Monday,BEV-001,Coca Cola 1.5L,Beverages,450,0%,182,19,163,8550.0,0
2025-03-24,Monday,PER-001,Signal Toothpaste 120g,Personal Care,230,0%,154,16,138,3680.0,0
2025-03-24,Monday,PER-002,Lifebuoy Soap,Personal Care,150,0%,79,32,47,4800.0,0
2025-03-25,Tuesday,GRO-001,Keeri Samba 5kg,Grocery,1250,10%,169,20,149,22500.0,0
2025-03-25,Tuesday,GRO-002,Nadu Rice 5kg,Grocery,1100,0%,51,18,33,19800.0,0
2025-03-25,Tuesday,GRO-003,Mysore Dhal 1kg,Grocery,380,0%,47,25,22,9500.0,0
2025-03-25,Tuesday,DAI-001,Anchor Milk Powder 400g,Dairy,1150,0%,112,26,86,29900.0,0
2025-03-25,Tuesday,DAI-002,Kotmale Butter 200g,Dairy,750,0%,72,9,63,6750.0,0
2025-03-25,Tuesday,SNA-001,Munchee Super Cream Cracker,Snacks,250,0%,105,27,78,6750.0,0
2025-03-25,Tuesday,SNA-002,Maliban Lemon Puff,Snacks,300,0%,116,22,94,6600.0,0
2025-03-25,Tuesday,PAN-001,Prima Wheat Flour 1kg,Pantry,220,0%,233,21,212,4620.0,0
2025-03-25,Tuesday,PAN-002,Marina Coconut Oil 1L,Pantry,850,0%,108,18,90,15300.0,0
2025-03-25,Tuesday,BEV-001,Coca Cola 1.5L,Beverages,450,0%,163,20,143,9000.0,0
2025-03-25,Tuesday,PER-001,Signal Toothpaste 120g,Personal Care,230,0%,138,14,124,3220.0,0
2025-03-25,Tuesday,PER-002,Lifebuoy Soap,Personal Care,150,0%,47,27,20,4050.0,0
2025-03-26,Wednesday,GRO-001,Keeri Samba 5kg,Grocery,1250,0%,149,17,132,21250.0,0
2025-03-26,Wednesday,GRO-002,Nadu Rice 5kg,Grocery,1100,0%,233,21,212,23100.0,0
2025-03-26,Wednesday,GRO-003,Mysore Dhal 1kg,Grocery,380,0%,222,32,190,12160.0,0
2025-03-26,Wednesday,DAI-001,Anchor Milk Powder 400g,Dairy,1150,10%,86,24,62,24840.0,0
2025-03-26,Wednesday,DAI-002,Kotmale Butter 200g,Dairy,750,0%,63,6,57,4500.0,0
2025-03-26,Wednesday,SNA-001,Munchee Super Cream Cracker,Snacks,250,0%,78,29,49,7250.0,0
2025-03-26,Wednesday,SNA-002,Maliban Lemon Puff,Snacks,300,10%,94,28,66,7560.0,0
2025-03-26,Wednesday,PAN-001,Prima Wheat Flour 1kg,Pantry,220,0%,212,18,194,3960.0,0
2025-03-26,Wednesday,PAN-002,Marina Coconut Oil 1L,Pantry,850,0%,90,16,74,13600.0,0
2025-03-26,Wednesday,BEV-001,Coca Cola 1.5L,Beverages,450,10%,143,19,124,7695.0,0
2025-03-26,Wednesday,PER-001,Signal Toothpaste 120g,Personal Care,230,10%,124,18,106,3726.0,0
2025-03-26,Wednesday,PER-002,Lifebuoy Soap,Personal Care,150,0%,220,29,191,4350.0,0
2025-03-27,Thursday,GRO-001,Keeri Samba 5kg,Grocery,1250,0%,132,18,114,22500.0,0
2025-03-27,Thursday,GRO-002,Nadu Rice 5kg,Grocery,1100,0%,212,17,195,18700.0,0
2025-03-27,Thursday,GRO-003,Mysore Dhal 1kg,Grocery,380,0%,190,20,170,7600.0,0
2025-03-27,Thursday,DAI-001,Anchor Milk Powder 400g,Dairy,1150,0%,62,26,36,29900.0,0
2025-03-27,Thursday,DAI-002,Kotmale Butter 200g,Dairy,750,0%,57,14,43,10500.0,0
2025-03-27,Thursday,SNA-001,Munchee Super Cream Cracker,Snacks,250,10%,49,29,20,6525.0,0
2025-03-27,Thursday,SNA-002,Maliban Lemon Puff,Snacks,300,10%,66,22,44,5940.0,0
2025-03-27,Thursday,PAN-001,Prima Wheat Flour 1kg,Pantry,220,0%,194,17,177,3740.0,0
2025-03-27,Thursday,PAN-002,Marina Coconut Oil 1L,Pantry,850,10%,74,22,52,16830.0,0
2025-03-27,Thursday,BEV-001,Coca Cola 1.5L,Beverages,450,10%,124,16,108,6480.0,0
2025-03-27,Thursday,PER-001,Signal Toothpaste 120g,Personal Care,230,0%,106,16,90,3680.0,0
2025-03-27,Thursday,PER-002,Lifebuoy Soap,Personal Care,150,0%,191,25,166,3750.0,0
2025-03-28,Friday,GRO-001,Keeri Samba 5kg,Grocery,1250,0%,114,14,100,17500.0,0
2025-03-28,Friday,GRO-002,Nadu Rice 5kg,Grocery,1100,0%,195,11,184,12100.0,0
2025-03-28,Friday,GRO-003,Mysore Dhal 1kg,Grocery,380,0%,170,26,144,9880.0,0
2025-03-28,Friday,DAI-001,Anchor Milk Powder 400g,Dairy,1150,0%,236,25,211,28750.0,0
2025-03-28,Friday,DAI-002,Kotmale Butter 200g,Dairy,750,0%,43,10,33,7500.0,0
2025-03-28,Friday,SNA-001,Munchee Super Cream Cracker,Snacks,250,0%,220,30,190,7500.0,0
2025-03-28,Friday,SNA-002,Maliban Lemon Puff,Snacks,300,0%,44,33,11,9900.0,0
2025-03-28,Friday,PAN-001,Prima Wheat Flour 1kg,Pantry,220,0%,177,23,154,5060.0,0
2025-03-28,Friday,PAN-002,Marina Coconut Oil 1L,Pantry,850,0%,52,21,31,17850.0,0
2025-03-28,Friday,BEV-001,Coca Cola 1.5L,Beverages,450,0%,108,8,100,3600.0,0
2025-03-28,Friday,PER-001,Signal Toothpaste 120g,Personal Care,230,0%,90,16,74,3680.0,0
2025-03-28,Friday,PER-002,Lifebuoy Soap,Personal Care,150,0%,166,20,146,3000.0,0
2025-03-29,Saturday,GRO-001,Keeri Samba 5kg,Grocery,1250,0%,100,23,77,28750.0,0
2025-03-29,Saturday,GRO-002,Nadu Rice 5kg,Grocery,1100,0%,184,18,166,19800.0,0
2025-03-29,Saturday,GRO-003,Mysore Dhal 1kg,Grocery,380,0%,144,33,111,12540.0,0
2025-03-29,Saturday,DAI-001,Anchor Milk Powder 400g,Dairy,1150,0%,211,37,174,42550.0,0
2025-03-29,Saturday,DAI-002,Kotmale Butter 200g,Dairy,750,0%,233,16,217,12000.0,0
2025-03-29,Saturday,SNA-001,Munchee Super Cream Cracker,Snacks,250,10%,190,37,153,8325.0,0
2025-03-29,Saturday,SNA-002,Maliban Lemon Puff,Snacks,300,0%,211,37,174,11100.0,0
2025-03-29,Saturday,PAN-001,Prima Wheat Flour 1kg,Pantry,220,0%,154,40,114,8800.0,0
2025-03-29,Saturday,PAN-002,Marina Coconut Oil 1L,Pantry,850,0%,231,25,206,21250.0,0
2025-03-29,Saturday,BEV-001,Coca Cola 1.5L,Beverages,450,0%,100,14,86,6300.0,0
2025-03-29,Saturday,PER-001,Signal Toothpaste 120g,Personal Care,230,10%,74,18,56,3726.0,0
2025-03-29,Saturday,PER-002,Lifebuoy Soap,Personal Care,150,0%,146,43,103,6450.0,0
2025-03-30,Sunday,GRO-001,Keeri Samba 5kg,Grocery,1250,0%,77,14,63,17500.0,0
2025-03-30,Sunday,GRO-002,Nadu Rice 5kg,Grocery,1100,0%,166,35,131,38500.0,0
2025-03-30,Sunday,GRO-003,Mysore Dhal 1kg,Grocery,380,0%,111,39,72,14820.0,0
2025-03-30,Sunday,DAI-001,Anchor Milk Powder 400g,Dairy,1150,10%,174,26,148,26910.0,0
2025-03-30,Sunday,DAI-002,Kotmale Butter 200g,Dairy,750,0%,217,19,198,14250.0,0
2025-03-30,Sunday,SNA-001,Munchee Super Cream Cracker,Snacks,250,0%,153,37,116,9250.0,0
2025-03-30,Sunday,SNA-002,Maliban Lemon Puff,Snacks,300,10%,174,44,130,11880.0,0
2025-03-30,Sunday,PAN-001,Prima Wheat Flour 1kg,Pantry,220,0%,114,18,96,3960.0,0
2025-03-30,Sunday,PAN-002,Marina Coconut Oil 1L,Pantry,850,0%,206,35,171,29750.0,0
2025-03-30,Sunday,BEV-001,Coca Cola 1.5L,Beverages,450,0%,86,25,61,11250.0,0
2025-03-30,Sunday,PER-001,Signal Toothpaste 120g,Personal Care,230,0%,56,25,31,5750.0,0
2025-03-30,Sunday,PER-002,Lifebuoy Soap,Personal Care,150,0%,103,46,57,6900.0,0
2025-03-31,Monday,GRO-001,Keeri Samba 5kg,Grocery,1250,0%,63,11,52,13750.0,0
2025-03-31,Monday,GRO-002,Nadu Rice 5kg,Grocery,1100,10%,131,21,110,20790.0,0
2025-03-31,Monday,GRO-003,Mysore Dhal 1kg,Grocery,380,0%,72,32,40,12160.0,0
2025-03-31,Monday,DAI-001,Anchor Milk Powder 400g,Dairy,1150,0%,148,17,131,19550.0,0
2025-03-31,Monday,DAI-002,Kotmale Butter 200g,Dairy,750,0%,198,9,189,6750.0,0
2025-03-31,Monday,SNA-001,Munchee Super Cream Cracker,Snacks,250,0%,116,30,86,7500.0,0
2025-03-31,Monday,SNA-002,Maliban Lemon Puff,Snacks,300,10%,130,19,111,5130.0,0
2025-03-31,Monday,PAN-001,Prima Wheat Flour 1kg,Pantry,220,0%,96,13,83,2860.0,0
2025-03-31,Monday,PAN-002,Marina Coconut Oil 1L,Pantry,850,0%,171,16,155,13600.0,0
2025-03-31,Monday,BEV-001,Coca Cola 1.5L,Beverages,450,10%,61,11,50,4455.0,0
2025-03-31,Monday,PER-001,Signal Toothpaste 120g,Personal Care,230,0%,231,17,214,3910.0,0
2025-03-31,Monday,PER-002,Lifebuoy Soap,Personal Care,150,0%,57,36,21,5400.0,0
2025-04-01,Tuesday,GRO-001,Keeri Samba 5kg,Grocery,1250,0%,52,35,17,43750.0,1
2025-04-01,Tuesday,GRO-002,Nadu Rice 5kg,Grocery,1100,0%,110,35,75,38500.0,1
2025-04-01,Tuesday,GRO-003,Mysore Dhal 1kg,Grocery,380,10%,40,40,0,13680.0,1
2025-04-01,Tuesday,DAI-001,Anchor Milk Powder 400g,Dairy,1150,0%,131,27,104,31050.0,0
2025-04-01,Tuesday,DAI-002,Kotmale Butter 200g,Dairy,750,10%,189,13,176,8775.0,0
2025-04-01,Tuesday,SNA-001,Munchee Super Cream Cracker,Snacks,250,0%,86,86,0,21500.0,1
2025-04-01,Tuesday,SNA-002,Maliban Lemon Puff,Snacks,300,0%,111,77,34,23100.0,1
2025-04-01,Tuesday,PAN-001,Prima Wheat Flour 1kg,Pantry,220,10%,83,50,33,9900.0,1
2025-04-01,Tuesday,PAN-002,Marina Coconut Oil 1L,Pantry,850,0%,155,35,120,29750.0,1
2025-04-01,Tuesday,BEV-001,Coca Cola 1.5L,Beverages,450,0%,50,19,31,8550.0,0
2025-04-01,Tuesday,PER-001,Signal Toothpaste 120g,Personal Care,230,0%,214,17,197,3910.0,0
2025-04-01,Tuesday,PER-002,Lifebuoy Soap,Personal Care,150,0%,221,31,190,4650.0,0
2025-04-02,Wednesday,GRO-001,Keeri Samba 5kg,Grocery,1250,0%,217,47,170,58750.0,1
2025-04-02,Wednesday,GRO-002,Nadu Rice 5kg,Grocery,1100,0%,75,55,20,60500.0,1
2025-04-02,Wednesday,GRO-003,Mysore Dhal 1kg,Grocery,380,0%,200,90,110,34200.0,1
2025-04-02,Wednesday,DAI-001,Anchor Milk Powder 400g,Dairy,1150,10%,104,19,85,19665.0,0
2025-04-02,Wednesday,DAI-002,Kotmale Butter 200g,Dairy,750,10%,176,13,163,8775.0,0
2025-04-02,Wednesday,SNA-001,Munchee Super Cream Cracker,Snacks,250,10%,200,72,128,16200.0,1
2025-04-02,Wednesday,SNA-002,Maliban Lemon Puff,Snacks,300,0%,234,67,167,20100.0,1
2025-04-02,Wednesday,PAN-001,Prima Wheat Flour 1kg,Pantry,220,0%,233,47,186,10340.0,1
2025-04-02,Wednesday,PAN-002,Marina Coconut Oil 1L,Pantry,850,0%,120,57,63,48450.0,1
2025-04-02,Wednesday,BEV-001,Coca Cola 1.5L,Beverages,450,0%,231,21,210,9450.0,0
2025-04-02,Wednesday,PER-001,Signal Toothpaste 120g,Personal Care,230,10%,197,10,187,2070.0,0
2025-04-02,Wednesday,PER-002,Lifebuoy Soap,Personal Care,150,0%,190,27,163,4050.0,0
2025-04-03,Thursday,GRO-001,Keeri Samba 5kg,Grocery,1250,0%,170,32,138,40000.0,1
2025-04-03,Thursday,GRO-002,Nadu Rice 5kg,Grocery,1100,0%,220,55,165,60500.0,1
2025-04-03,Thursday,GRO-003,Mysore Dhal 1kg,Grocery,380,0%,110,55,55,20900.0,1
2025-04-03,Thursday,DAI-001,Anchor Milk Powder 400g,Dairy,1150,0%,85,26,59,29900.0,0
2025-04-03,Thursday,DAI-002,Kotmale Butter 200g,Dairy,750,0%,163,13,150,9750.0,0
2025-04-03,Thursday,SNA-001,Munchee Super Cream Cracker,Snacks,250,0%,128,117,11,29250.0,1
2025-04-03,Thursday,SNA-002,Maliban Lemon Puff,Snacks,300,0%,167,67,100,20100.0,1
2025-04-03,Thursday,PAN-001,Prima Wheat Flour 1kg,Pantry,220,0%,186,52,134,11440.0,1
2025-04-03,Thursday,PAN-002,Marina Coconut Oil 1L,Pantry,850,0%,63,27,36,22950.0,1
2025-04-03,Thursday,BEV-001,Coca Cola 1.5L,Beverages,450,0%,210,17,193,7650.0,0
2025-04-03,Thursday,PER-001,Signal Toothpaste 120g,Personal Care,230,0%,187,10,177,2300.0,0
2025-04-03,Thursday,PER-002,Lifebuoy Soap,Personal Care,150,0%,163,28,135,4200.0,0
2025-04-04,Friday,GRO-001,Keeri Samba 5kg,Grocery,1250,0%,138,45,93,56250.0,1
2025-04-04,Friday,GRO-002,Nadu Rice 5kg,Grocery,1100,10%,165,50,115,49500.0,1
2025-04-04,Friday,GRO-003,Mysore Dhal 1kg,Grocery,380,10%,55,55,0,18810.0,1
2025-04-04,Friday,DAI-001,Anchor Milk Powder 400g,Dairy,1150,0%,59,26,33,29900.0,0
2025-04-04,Friday,DAI-002,Kotmale Butter 200g,Dairy,750,0%,150,8,142,6000.0,0
2025-04-04,Friday,SNA-001,Munchee Super Cream Cracker,Snacks,250,0%,211,80,131,20000.0,1
2025-04-04,Friday,SNA-002,Maliban Lemon Puff,Snacks,300,0%,100,65,35,19500.0,1
2025-04-04,Friday,PAN-001,Prima Wheat Flour 1kg,Pantry,220,0%,134,47,87,10340.0,1
2025-04-04,Friday,PAN-002,Marina Coconut Oil 1L,Pantry,850,0%,236,62,174,52700.0,1
2025-04-04,Friday,BEV-001,Coca Cola 1.5L,Beverages,450,0%,193,13,180,5850.0,0
2025-04-04,Friday,PER-001,Signal Toothpaste 120g,Personal Care,230,0%,177,17,160,3910.0,0
2025-04-04,Friday,PER-002,Lifebuoy Soap,Personal Care,150,0%,135,33,102,4950.0,0
2025-04-05,Saturday,GRO-001,Keeri Samba 5kg,Grocery,1250,0%,93,45,48,56250.0,1
2025-04-05,Saturday,GRO-002,Nadu Rice 5kg,Grocery,1100,0%,115,57,58,62700.0,1
2025-04-05,Saturday,GRO-003,Mysore Dhal 1kg,Grocery,380,0%,200,92,108,34960.0,1
2025-04-05,Saturday,DAI-001,Anchor Milk Powder 400g,Dairy,1150,0%,233,22,211,25300.0,0
2025-04-05,Saturday,DAI-002,Kotmale Butter 200g,Dairy,750,0%,142,15,127,11250.0,0
2025-04-05,Saturday,SNA-001,Munchee Super Cream Cracker,Snacks,250,0%,131,107,24,26750.0,1
2025-04-05,Saturday,SNA-002,Maliban Lemon Puff,Snacks,300,0%,235,75,160,22500.0,1
2025-04-05,Saturday,PAN-001,Prima Wheat Flour 1kg,Pantry,220,0%,87,87,0,19140.0,1
2025-04-05,Saturday,PAN-002,Marina Coconut Oil 1L,Pantry,850,0%,174,62,112,52700.0,1
2025-04-05,Saturday,BEV-001,Coca Cola 1.5L,Beverages,450,0%,180,29,151,13050.0,0
2025-04-05,Saturday,PER-001,Signal Toothpaste 120g,Personal Care,230,0%,160,19,141,4370.0,0
2025-04-05,Saturday,PER-002,Lifebuoy Soap,Personal Care,150,0%,102,47,55,7050.0,0
2025-04-06,Sunday,GRO-001,Keeri Samba 5kg,Grocery,1250,0%,48,48,0,60000.0,1
2025-04-06,Sunday,GRO-002,Nadu Rice 5kg,Grocery,1100,0%,58,58,0,63800.0,1
2025-04-06,Sunday,GRO-003,Mysore Dhal 1kg,Grocery,380,10%,108,105,3,35910.0,1
2025-04-06,Sunday,DAI-001,Anchor Milk Powder 400g,Dairy,1150,0%,211,42,169,48300.0,0
2025-04-06,Sunday,DAI-002,Kotmale Butter 200g,Dairy,750,0%,127,18,109,13500.0,0
2025-04-06,Sunday,SNA-001,Munchee Super Cream Cracker,Snacks,250,0%,224,107,117,26750.0,1
2025-04-06,Sunday,SNA-002,Maliban Lemon Puff,Snacks,300,10%,160,75,85,20250.0,1
2025-04-06,Sunday,PAN-001,Prima Wheat Flour 1kg,Pantry,220,10%,200,75,125,14850.0,1
2025-04-06,Sunday,PAN-002,Marina Coconut Oil 1L,Pantry,850,0%,112,55,57,46750.0,1
2025-04-06,Sunday,BEV-001,Coca Cola 1.5L,Beverages,450,0%,151,26,125,11700.0,0
2025-04-06,Sunday,PER-001,Signal Toothpaste 120g,Personal Care,230,0%,141,28,113,6440.0,0
2025-04-06,Sunday,PER-002,Lifebuoy Soap,Personal Care,150,0%,55,47,8,7050.0,0
2025-04-07,Monday,GRO-001,Keeri Samba 5kg,Grocery,1250,0%,200,27,173,33750.0,1
2025-04-07,Monday,GRO-002,Nadu Rice 5kg,Grocery,1100,0%,200,50,150,55000.0,1
2025-04-07,Monday,GRO-003,Mysore Dhal 1kg,Grocery,380,0%,203,50,153,19000.0,1
2025-04-07,Monday,DAI-001,Anchor Milk Powder 400g,Dairy,1150,0%,169,30,139,34500.0,0
2025-04-07,Monday,DAI-002,Kotmale Butter 200g,Dairy,750,0%,109,14,95,10500.0,0
2025-04-07,Monday,SNA-001,Munchee Super Cream Cracker,Snacks,250,10%,117,95,22,21375.0,1
2025-04-07,Monday,SNA-002,Maliban Lemon Puff,Snacks,300,0%,85,75,10,22500.0,1
2025-04-07,Monday,PAN-001,Prima Wheat Flour 1kg,Pantry,220,0%,125,50,75,11000.0,1
2025-04-07,Monday,PAN-002,Marina Coconut Oil 1L,Pantry,850,0%,57,37,20,31450.0,1
2025-04-07,Monday,BEV-001,Coca Cola 1.5L,Beverages,450,0%,125,20,105,9000.0,0
2025-04-07,Monday,PER-001,Signal Toothpaste 120g,Personal Care,230,0%,113,19,94,4370.0,0
2025-04-07,Monday,PER-002,Lifebuoy Soap,Personal Care,150,10%,208,27,181,3645.0,0
2025-04-08,Tuesday,GRO-001,Keeri Samba 5kg,Grocery,1250,0%,173,42,131,52500.0,1
2025-04-08,Tuesday,GRO-002,Nadu Rice 5kg,Grocery,1100,10%,150,42,108,41580.0,1
2025-04-08,Tuesday,GRO-003,Mysore Dhal 1kg,Grocery,380,10%,153,65,88,22230.0,1
2025-04-08,Tuesday,DAI-001,Anchor Milk Powder 400g,Dairy,1150,10%,139,27,112,27945.0,0
2025-04-08,Tuesday,DAI-002,Kotmale Butter 200g,Dairy,750,0%,95,13,82,9750.0,0
2025-04-08,Tuesday,SNA-001,Munchee Super Cream Cracker,Snacks,250,0%,222,72,150,18000.0,1
2025-04-08,Tuesday,SNA-002,Maliban Lemon Puff,Snacks,300,0%,210,55,155,16500.0,1
2025-04-08,Tuesday,PAN-001,Prima Wheat Flour 1kg,Pantry,220,10%,75,50,25,9900.0,1
2025-04-08,Tuesday,PAN-002,Marina Coconut Oil 1L,Pantry,850,0%,220,45,175,38250.0,1
2025-04-08,Tuesday,BEV-001,Coca Cola 1.5L,Beverages,450,0%,105,23,82,10350.0,0
2025-04-08,Tuesday,PER-001,Signal Toothpaste 120g,Personal Care,230,0%,94,17,77,3910.0,0
2025-04-08,Tuesday,PER-002,Lifebuoy Soap,Personal Care,150,0%,181,30,151,4500.0,0
2025-04-09,Wednesday,GRO-001,Keeri Samba 5kg,Grocery,1250,0%,131,35,96,43750.0,1
2025-04-09,Wednesday,GRO-002,Nadu Rice 5kg,Grocery,1100,0%,108,47,61,51700.0,1
2025-04-09,Wednesday,GRO-003,Mysore Dhal 1kg,Grocery,380,10%,88,70,18,23940.0,1
2025-04-09,Wednesday,DAI-001,Anchor Milk Powder 400g,Dairy,1150,10%,112,25,87,25875.0,0
2025-04-09,Wednesday,DAI-002,Kotmale Butter 200g,Dairy,750,0%,82,10,72,7500.0,0
2025-04-09,Wednesday,SNA-001,Munchee Super Cream Cracker,Snacks,250,0%,150,70,80,17500.0,1
2025-04-09,Wednesday,SNA-002,Maliban Lemon Puff,Snacks,300,0%,155,55,100,16500.0,1
2025-04-09,Wednesday,PAN-001,Prima Wheat Flour 1kg,Pantry,220,10%,225,57,168,11286.0,1
2025-04-09,Wednesday,PAN-002,Marina Coconut Oil 1L,Pantry,850,0%,175,47,128,39950.0,1
2025-04-09,Wednesday,BEV-001,Coca Cola 1.5L,Beverages,450,0%,82,15,67,6750.0,0
2025-04-09,Wednesday,PER-001,Signal Toothpaste 120g,Personal Care,230,10%,77,18,59,3726.0,0
2025-04-09,Wednesday,PER-002,Lifebuoy Soap,Personal Care,150,0%,151,20,131,3000.0,0
2025-04-10,Thursday,GRO-001,Keeri Samba 5kg,Grocery,1250,10%,96,45,51,50625.0,1
2025-04-10,Thursday,GRO-002,Nadu Rice 5kg,Grocery,1100,0%,61,61,0,67100.0,1
2025-04-10,Thursday,GRO-003,Mysore Dhal 1kg,Grocery,380,0%,218,102,116,38760.0,1
2025-04-10,Thursday,DAI-001,Anchor Milk Powder 400g,Dairy,1150,0%,87,34,53,39100.0,0
2025-04-10,Thursday,DAI-002,Kotmale Butter 200g,Dairy,750,0%,72,14,58,10500.0,0
2025-04-10,Thursday,SNA-001,Munchee Super Cream Cracker,Snacks,250,0%,80,55,25,13750.0,1
2025-04-10,Thursday,SNA-002,Maliban Lemon Puff,Snacks,300,10%,100,75,25,20250.0,1
2025-04-10,Thursday,PAN-001,Prima Wheat Flour 1kg,Pantry,220,0%,168,55,113,12100.0,1
2025-04-10,Thursday,PAN-002,Marina Coconut Oil 1L,Pantry,850,0%,128,40,88,34000.0,1
2025-04-10,Thursday,BEV-001,Coca Cola 1.5L,Beverages,450,0%,67,17,50,7650.0,0
2025-04-10,Thursday,PER-001,Signal Toothpaste 120g,Personal Care,230,0%,59,14,45,3220.0,0
2025-04-10,Thursday,PER-002,Lifebuoy Soap,Personal Care,150,0%,131,20,111,3000.0,0
2025-04-11,Friday,GRO-001,Keeri Samba 5kg,Grocery,1250,0%,51,35,16,43750.0,1
2025-04-11,Friday,GRO-002,Nadu Rice 5kg,Grocery,1100,0%,200,45,155,49500.0,1
2025-04-11,Friday,GRO-003,Mysore Dhal 1kg,Grocery,380,0%,116,77,39,29260.0,1
2025-04-11,Friday,DAI-001,Anchor Milk Powder 400g,Dairy,1150,0%,53,32,21,36800.0,0
2025-04-11,Friday,DAI-002,Kotmale Butter 200g,Dairy,750,0%,58,11,47,8250.0,0
2025-04-11,Friday,SNA-001,Munchee Super Cream Cracker,Snacks,250,0%,225,112,113,28000.0,1
2025-04-11,Friday,SNA-002,Maliban Lemon Puff,Snacks,300,0%,225,72,153,21600.0,1
2025-04-11,Friday,PAN-001,Prima Wheat Flour 1kg,Pantry,220,0%,113,52,61,11440.0,1
2025-04-11,Friday,PAN-002,Marina Coconut Oil 1L,Pantry,850,0%,88,25,63,21250.0,1
2025-04-11,Friday,BEV-001,Coca Cola 1.5L,Beverages,450,0%,50,21,29,9450.0,0
2025-04-11,Friday,PER-001,Signal Toothpaste 120g,Personal Care,230,0%,45,16,29,3680.0,0
2025-04-11,Friday,PER-002,Lifebuoy Soap,Personal Care,150,0%,111,24,87,3600.0,0
2025-04-12,Saturday,GRO-001,Keeri Samba 5kg,Grocery,1250,0%,216,62,154,77500.0,1
2025-04-12,Saturday,GRO-002,Nadu Rice 5kg,Grocery,1100,0%,155,57,98,62700.0,1
2025-04-12,Saturday,GRO-003,Mysore Dhal 1kg,Grocery,380,0%,239,75,164,28500.0,1
2025-04-12,Saturday,DAI-001,Anchor Milk Powder 400g,Dairy,1150,0%,221,35,186,40250.0,0
2025-04-12,Saturday,DAI-002,Kotmale Butter 200g,Dairy,750,0%,47,11,36,8250.0,0
2025-04-12,Saturday,SNA-001,Munchee Super Cream Cracker,Snacks,250,10%,113,82,31,18450.0,1
2025-04-12,Saturday,SNA-002,Maliban Lemon Puff,Snacks,300,0%,153,92,61,27600.0,1
2025-04-12,Saturday,PAN-001,Prima Wheat Flour 1kg,Pantry,220,10%,61,61,0,12078.0,1
2025-04-12,Saturday,PAN-002,Marina Coconut Oil 1L,Pantry,850,0%,63,37,26,31450.0,1
2025-04-12,Saturday,BEV-001,Coca Cola 1.5L,Beverages,450,0%,229,23,206,10350.0,0
2025-04-12,Saturday,PER-001,Signal Toothpaste 120g,Personal Care,230,10%,229,25,204,5175.0,0
2025-04-12,Saturday,PER-002,Lifebuoy Soap,Personal Care,150,0%,87,47,40,7050.0,0
2025-04-13,Sunday,GRO-001,Keeri Samba 5kg,Grocery,1250,10%,154,55,99,61875.0,1
2025-04-13,Sunday,GRO-002,Nadu Rice 5kg,Grocery,1100,0%,98,80,18,88000.0,1
2025-04-13,Sunday,GRO-003,Mysore Dhal 1kg,Grocery,380,0%,164,90,74,34200.0,1
2025-04-13,Sunday,DAI-001,Anchor Milk Powder 400g,Dairy,1150,0%,186,33,153,37950.0,0
2025-04-13,Sunday,DAI-002,Kotmale Butter 200g,Dairy,750,0%,236,16,220,12000.0,0
2025-04-13,Sunday,SNA-001,Munchee Super Cream Cracker,Snacks,250,0%,231,92,139,23000.0,1
2025-04-13,Sunday,SNA-002,Maliban Lemon Puff,Snacks,300,0%,61,61,0,18300.0,1
2025-04-13,Sunday,PAN-001,Prima Wheat Flour 1kg,Pantry,220,0%,200,55,145,12100.0,1
2025-04-13,Sunday,PAN-002,Marina Coconut Oil 1L,Pantry,850,0%,226,52,174,44200.0,1
2025-04-13,Sunday,BEV-001,Coca Cola 1.5L,Beverages,450,10%,206,26,180,10530.0,0
2025-04-13,Sunday,PER-001,Signal Toothpaste 120g,Personal Care,230,10%,204,22,182,4554.0,0
2025-04-13,Sunday,PER-002,Lifebuoy Soap,Personal Care,150,10%,40,40,0,5400.0,0
2025-04-14,Monday,GRO-001,Keeri Samba 5kg,Grocery,1250,0%,99,32,67,40000.0,1
2025-04-14,Monday,GRO-002,Nadu Rice 5kg,Grocery,1100,0%,218,55,163,60500.0,1
2025-04-14,Monday,GRO-003,Mysore Dhal 1kg,Grocery,380,0%,74,40,34,15200.0,1
2025-04-14,Monday,DAI-001,Anchor Milk Powder 400g,Dairy,1150,0%,153,23,130,26450.0,0
2025-04-14,Monday,DAI-002,Kotmale Butter 200g,Dairy,750,0%,220,14,206,10500.0,0
2025-04-14,Monday,SNA-001,Munchee Super Cream Cracker,Snacks,250,0%,139,97,42,24250.0,1
2025-04-14,Monday,SNA-002,Maliban Lemon Puff,Snacks,300,0%,200,57,143,17100.0,1
2025-04-14,Monday,PAN-001,Prima Wheat Flour 1kg,Pantry,220,0%,145,55,90,12100.0,1
2025-04-14,Monday,PAN-002,Marina Coconut Oil 1L,Pantry,850,0%,174,50,124,42500.0,1
2025-04-14,Monday,BEV-001,Coca Cola 1.5L,Beverages,450,0%,180,22,158,9900.0,0
2025-04-14,Monday,PER-001,Signal Toothpaste 120g,Personal Care,230,0%,182,14,168,3220.0,0
2025-04-14,Monday,PER-002,Lifebuoy Soap,Personal Care,150,0%,200,38,162,5700.0,0
2025-04-15,Tuesday,GRO-001,Keeri Samba 5kg,Grocery,1250,0%,67,12,55,15000.0,0
2025-04-15,Tuesday,GRO-002,Nadu Rice 5kg,Grocery,1100,0%,163,18,145,19800.0,0
2025-04-15,Tuesday,GRO-003,Mysore Dhal 1kg,Grocery,380,0%,234,35,199,13300.0,0
2025-04-15,Tuesday,DAI-001,Anchor Milk Powder 400g,Dairy,1150,0%,130,29,101,33350.0,0
2025-04-15,Tuesday,DAI-002,Kotmale Butter 200g,Dairy,750,0%,206,14,192,10500.0,0
2025-04-15,Tuesday,SNA-001,Munchee Super Cream Cracker,Snacks,250,0%,42,41,1,10250.0,0
2025-04-15,Tuesday,SNA-002,Maliban Lemon Puff,Snacks,300,0%,143,29,114,8700.0,0
2025-04-15,Tuesday,PAN-001,Prima Wheat Flour 1kg,Pantry,220,10%,90,18,72,3564.0,0
2025-04-15,Tuesday,PAN-002,Marina Coconut Oil 1L,Pantry,850,0%,124,19,105,16150.0,0
2025-04-15,Tuesday,BEV-001,Coca Cola 1.5L,Beverages,450,0%,158,18,140,8100.0,0
2025-04-15,Tuesday,PER-001,Signal Toothpaste 120g,Personal Care,230,0%,168,14,154,3220.0,0
2025-04-15,Tuesday,PER-002,Lifebuoy Soap,Personal Care,150,0%,162,24,138,3600.0,0
2025-04-16,Wednesday,GRO-001,Keeri Samba 5kg,Grocery,1250,0%,55,14,41,17500.0,0
2025-04-16,Wednesday,GRO-002,Nadu Rice 5kg,Grocery,1100,10%,145,16,129,15840.0,0
2025-04-16,Wednesday,GRO-003,Mysore Dhal 1kg,Grocery,380,0%,199,25,174,9500.0,0
2025-04-16,Wednesday,DAI-001,Anchor Milk Powder 400g,Dairy,1150,0%,101,21,80,24150.0,0
2025-04-16,Wednesday,DAI-002,Kotmale Butter 200g,Dairy,750,0%,192,8,184,6000.0,0
2025-04-16,Wednesday,SNA-001,Munchee Super Cream Cracker,Snacks,250,0%,201,38,163,9500.0,0
2025-04-16,Wednesday,SNA-002,Maliban Lemon Puff,Snacks,300,0%,114,26,88,7800.0,0
2025-04-16,Wednesday,PAN-001,Prima Wheat Flour 1kg,Pantry,220,0%,72,21,51,4620.0,0
2025-04-16,Wednesday,PAN-002,Marina Coconut Oil 1L,Pantry,850,10%,105,19,86,14535.0,0
2025-04-16,Wednesday,BEV-001,Coca Cola 1.5L,Beverages,450,0%,140,14,126,6300.0,0
2025-04-16,Wednesday,PER-001,Signal Toothpaste 120g,Personal Care,230,0%,154,15,139,3450.0,0
2025-04-16,Wednesday,PER-002,Lifebuoy Soap,Personal Care,150,0%,138,25,113,3750.0,0
2025-04-17,Thursday,GRO-001,Keeri Samba 5kg,Grocery,1250,0%,41,9,32,11250.0,0
2025-04-17,Thursday,GRO-002,Nadu Rice 5kg,Grocery,1100,10%,129,22,107,21780.0,0
2025-04-17,Thursday,GRO-003,Mysore Dhal 1kg,Grocery,380,0%,174,32,142,12160.0,0
2025-04-17,Thursday,DAI-001,Anchor Milk Powder 400g,Dairy,1150,0%,80,22,58,25300.0,0
2025-04-17,Thursday,DAI-002,Kotmale Butter 200g,Dairy,750,0%,184,15,169,11250.0,0
2025-04-17,Thursday,SNA-001,Munchee Super Cream Cracker,Snacks,250,0%,163,36,127,9000.0,0
2025-04-17,Thursday,SNA-002,Maliban Lemon Puff,Snacks,300,10%,88,32,56,8640.0,0
2025-04-17,Thursday,PAN-001,Prima Wheat Flour 1kg,Pantry,220,0%,51,22,29,4840.0,0
2025-04-17,Thursday,PAN-002,Marina Coconut Oil 1L,Pantry,850,0%,86,16,70,13600.0,0
2025-04-17,Thursday,BEV-001,Coca Cola 1.5L,Beverages,450,0%,126,20,106,9000.0,0
2025-04-17,Thursday,PER-001,Signal Toothpaste 120g,Personal Care,230,0%,139,13,126,2990.0,0
2025-04-17,Thursday,PER-002,Lifebuoy Soap,Personal Care,150,10%,113,31,82,4185.0,0
2025-04-18,Friday,GRO-001,Keeri Samba 5kg,Grocery,1250,0%,232,13,219,16250.0,0
2025-04-18,Friday,GRO-002,Nadu Rice 5kg,Grocery,1100,0%,107,23,84,25300.0,0
2025-04-18,Friday,GRO-003,Mysore Dhal 1kg,Grocery,380,0%,142,32,110,12160.0,0
2025-04-18,Friday,DAI-001,Anchor Milk Powder 400g,Dairy,1150,0%,58,16,42,18400.0,0
2025-04-18,Friday,DAI-002,Kotmale Butter 200g,Dairy,750,0%,169,13,156,9750.0,0
2025-04-18,Friday,SNA-001,Munchee Super Cream Cracker,Snacks,250,0%,127,26,101,6500.0,0
2025-04-18,Friday,SNA-002,Maliban Lemon Puff,Snacks,300,0%,56,25,31,7500.0,0
2025-04-18,Friday,PAN-001,Prima Wheat Flour 1kg,Pantry,220,0%,229,22,207,4840.0,0
2025-04-18,Friday,PAN-002,Marina Coconut Oil 1L,Pantry,850,0%,70,16,54,13600.0,0
2025-04-18,Friday,BEV-001,Coca Cola 1.5L,Beverages,450,0%,106,20,86,9000.0,0
2025-04-18,Friday,PER-001,Signal Toothpaste 120g,Personal Care,230,0%,126,13,113,2990.0,0
2025-04-18,Friday,PER-002,Lifebuoy Soap,Personal Care,150,0%,82,20,62,3000.0,0
2025-04-19,Saturday,GRO-001,Keeri Samba 5kg,Grocery,1250,0%,219,19,200,23750.0,0
2025-04-19,Saturday,GRO-002,Nadu Rice 5kg,Grocery,1100,0%,84,28,56,30800.0,0
2025-04-19,Saturday,GRO-003,Mysore Dhal 1kg,Grocery,380,0%,110,37,73,14060.0,0
2025-04-19,Saturday,DAI-001,Anchor Milk Powder 400g,Dairy,1150,0%,42,30,12,34500.0,0
2025-04-19,Saturday,DAI-002,Kotmale Butter 200g,Dairy,750,0%,156,18,138,13500.0,0
2025-04-19,Saturday,SNA-001,Munchee Super Cream Cracker,Snacks,250,0%,101,44,57,11000.0,0
2025-04-19,Saturday,SNA-002,Maliban Lemon Puff,Snacks,300,10%,231,42,189,11340.0,0
2025-04-19,Saturday,PAN-001,Prima Wheat Flour 1kg,Pantry,220,10%,207,25,182,4950.0,0
2025-04-19,Saturday,PAN-002,Marina Coconut Oil 1L,Pantry,850,0%,54,23,31,19550.0,0
2025-04-19,Saturday,BEV-001,Coca Cola 1.5L,Beverages,450,0%,86,26,60,11700.0,0
2025-04-19,Saturday,PER-001,Signal Toothpaste 120g,Personal Care,230,0%,113,23,90,5290.0,0
2025-04-19,Saturday,PER-002,Lifebuoy Soap,Personal Care,150,10%,62,37,25,4995.0,0
2025-04-20,Sunday,GRO-001,Keeri Samba 5kg,Grocery,1250,10%,200,16,184,18000.0,0
2025-04-20,Sunday,GRO-002,Nadu Rice 5kg,Grocery,1100,0%,56,28,28,30800.0,0
2025-04-20,Sunday,GRO-003,Mysore Dhal 1kg,Grocery,380,0%,73,39,34,14820.0,0
2025-04-20,Sunday,DAI-001,Anchor Milk Powder 400g,Dairy,1150,10%,212,35,177,36225.0,0
2025-04-20,Sunday,DAI-002,Kotmale Butter 200g,Dairy,750,0%,138,18,120,13500.0,0
2025-04-20,Sunday,SNA-001,Munchee Super Cream Cracker,Snacks,250,0%,57,46,11,11500.0,0
2025-04-20,Sunday,SNA-002,Maliban Lemon Puff,Snacks,300,0%,189,49,140,14700.0,0
2025-04-20,Sunday,PAN-001,Prima Wheat Flour 1kg,Pantry,220,0%,182,22,160,4840.0,0
2025-04-20,Sunday,PAN-002,Marina Coconut Oil 1L,Pantry,850,0%,231,29,202,24650.0,0
2025-04-20,Sunday,BEV-001,Coca Cola 1.5L,Beverages,450,0%,60,23,37,10350.0,0
2025-04-20,Sunday,PER-001,Signal Toothpaste 120g,Personal Care,230,0%,90,18,72,4140.0,0
2025-04-20,Sunday,PER-002,Lifebuoy Soap,Personal Care,150,0%,225,58,167,8700.0,0
2025-04-21,Monday,GRO-001,Keeri Samba 5kg,Grocery,1250,0%,184,16,168,20000.0,0
2025-04-21,Monday,GRO-002,Nadu Rice 5kg,Grocery,1100,0%,228,22,206,24200.0,0
2025-04-21,Monday,GRO-003,Mysore Dhal 1kg,Grocery,380,0%,234,24,210,9120.0,0
2025-04-21,Monday,DAI-001,Anchor Milk Powder 400g,Dairy,1150,0%,177,22,155,25300.0,0
2025-04-21,Monday,DAI-002,Kotmale Butter 200g,Dairy,750,0%,120,12,108,9000.0,0
2025-04-21,Monday,SNA-001,Munchee Super Cream Cracker,Snacks,250,10%,211,44,167,9900.0,0
2025-04-21,Monday,SNA-002,Maliban Lemon Puff,Snacks,300,0%,140,22,118,6600.0,0
2025-04-21,Monday,PAN-001,Prima Wheat Flour 1kg,Pantry,220,0%,160,19,141,4180.0,0
2025-04-21,Monday,PAN-002,Marina Coconut Oil 1L,Pantry,850,0%,202,17,185,14450.0,0
2025-04-21,Monday,BEV-001,Coca Cola 1.5L,Beverages,450,0%,237,23,214,10350.0,0
2025-04-21,Monday,PER-001,Signal Toothpaste 120g,Personal Care,230,0%,72,14,58,3220.0,0
2025-04-21,Monday,PER-002,Lifebuoy Soap,Personal Care,150,0%,167,37,130,5550.0,0
2025-04-22,Tuesday,GRO-001,Keeri Samba 5kg,Grocery,1250,0%,168,16,152,20000.0,0
2025-04-22,Tuesday,GRO-002,Nadu Rice 5kg,Grocery,1100,0%,206,20,186,22000.0,0
2025-04-22,Tuesday,GRO-003,Mysore Dhal 1kg,Grocery,380,10%,210,35,175,11970.0,0
2025-04-22,Tuesday,DAI-001,Anchor Milk Powder 400g,Dairy,1150,0%,155,26,129,29900.0,0
2025-04-22,Tuesday,DAI-002,Kotmale Butter 200g,Dairy,750,0%,108,14,94,10500.0,0
2025-04-22,Tuesday,SNA-001,Munchee Super Cream Cracker,Snacks,250,0%,167,35,132,8750.0,0
2025-04-22,Tuesday,SNA-002,Maliban Lemon Puff,Snacks,300,10%,118,13,105,3510.0,0
2025-04-22,Tuesday,PAN-001,Prima Wheat Flour 1kg,Pantry,220,0%,141,23,118,5060.0,0
2025-04-22,Tuesday,PAN-002,Marina Coconut Oil 1L,Pantry,850,0%,185,17,168,14450.0,0
2025-04-22,Tuesday,BEV-001,Coca Cola 1.5L,Beverages,450,10%,214,14,200,5670.0,0
2025-04-22,Tuesday,PER-001,Signal Toothpaste 120g,Personal Care,230,0%,58,21,37,4830.0,0
2025-04-22,Tuesday,PER-002,Lifebuoy Soap,Personal Care,150,10%,130,27,103,3645.0,0
2025-04-23,Wednesday,GRO-001,Keeri Samba 5kg,Grocery,1250,0%,152,10,142,12500.0,0
2025-04-23,Wednesday,GRO-002,Nadu Rice 5kg,Grocery,1100,0%,186,20,166,22000.0,0
2025-04-23,Wednesday,GRO-003,Mysore Dhal 1kg,Grocery,380,0%,175,33,142,12540.0,0
2025-04-23,Wednesday,DAI-001,Anchor Milk Powder 400g,Dairy,1150,0%,129,23,106,26450.0,0
2025-04-23,Wednesday,DAI-002,Kotmale Butter 200g,Dairy,750,0%,94,11,83,8250.0,0
2025-04-23,Wednesday,SNA-001,Munchee Super Cream Cracker,Snacks,250,0%,132,23,109,5750.0,0
2025-04-23,Wednesday,SNA-002,Maliban Lemon Puff,Snacks,300,0%,105,30,75,9000.0,0
2025-04-23,Wednesday,PAN-001,Prima Wheat Flour 1kg,Pantry,220,0%,118,25,93,5500.0,0
2025-04-23,Wednesday,PAN-002,Marina Coconut Oil 1L,Pantry,850,0%,168,15,153,12750.0,0
2025-04-23,Wednesday,BEV-001,Coca Cola 1.5L,Beverages,450,0%,200,24,176,10800.0,0
2025-04-23,Wednesday,PER-001,Signal Toothpaste 120g,Personal Care,230,0%,237,13,224,2990.0,0
2025-04-23,Wednesday,PER-002,Lifebuoy Soap,Personal Care,150,0%,103,31,72,4650.0,0
2025-04-24,Thursday,GRO-001,Keeri Samba 5kg,Grocery,1250,0%,142,16,126,20000.0,0
2025-04-24,Thursday,GRO-002,Nadu Rice 5kg,Grocery,1100,0%,166,23,143,25300.0,0
2025-04-24,Thursday,GRO-003,Mysore Dhal 1kg,Grocery,380,0%,142,24,118,9120.0,0
2025-04-24,Thursday,DAI-001,Anchor Milk Powder 400g,Dairy,1150,0%,106,27,79,31050.0,0
2025-04-24,Thursday,DAI-002,Kotmale Butter 200g,Dairy,750,10%,83,8,75,5400.0,0
2025-04-24,Thursday,SNA-001,Munchee Super Cream Cracker,Snacks,250,10%,109,41,68,9225.0,0
2025-04-24,Thursday,SNA-002,Maliban Lemon Puff,Snacks,300,0%,75,26,49,7800.0,0
2025-04-24,Thursday,PAN-001,Prima Wheat Flour 1kg,Pantry,220,0%,93,23,70,5060.0,0
2025-04-24,Thursday,PAN-002,Marina Coconut Oil 1L,Pantry,850,0%,153,23,130,19550.0,0
2025-04-24,Thursday,BEV-001,Coca Cola 1.5L,Beverages,450,10%,176,18,158,7290.0,0
2025-04-24,Thursday,PER-001,Signal Toothpaste 120g,Personal Care,230,10%,224,14,210,2898.0,0
2025-04-24,Thursday,PER-002,Lifebuoy Soap,Personal Care,150,0%,72,17,55,2550.0,0
2025-04-25,Friday,GRO-001,Keeri Samba 5kg,Grocery,1250,10%,126,14,112,15750.0,0
2025-04-25,Friday,GRO-002,Nadu Rice 5kg,Grocery,1100,0%,143,22,121,24200.0,0
2025-04-25,Friday,GRO-003,Mysore Dhal 1kg,Grocery,380,0%,118,30,88,11400.0,0
2025-04-25,Friday,DAI-001,Anchor Milk Powder 400g,Dairy,1150,10%,79,24,55,24840.0,0
2025-04-25,Friday,DAI-002,Kotmale Butter 200g,Dairy,750,0%,75,10,65,7500.0,0
2025-04-25,Friday,SNA-001,Munchee Super Cream Cracker,Snacks,250,10%,68,40,28,9000.0,0
2025-04-25,Friday,SNA-002,Maliban Lemon Puff,Snacks,300,0%,49,21,28,6300.0,0
2025-04-25,Friday,PAN-001,Prima Wheat Flour 1kg,Pantry,220,0%,70,12,58,2640.0,0
2025-04-25,Friday,PAN-002,Marina Coconut Oil 1L,Pantry,850,0%,130,19,111,16150.0,0
2025-04-25,Friday,BEV-001,Coca Cola 1.5L,Beverages,450,0%,158,18,140,8100.0,0
2025-04-25,Friday,PER-001,Signal Toothpaste 120g,Personal Care,230,0%,210,14,196,3220.0,0
2025-04-25,Friday,PER-002,Lifebuoy Soap,Personal Care,150,0%,55,37,18,5550.0,0
2025-04-26,Saturday,GRO-001,Keeri Samba 5kg,Grocery,1250,0%,112,16,96,20000.0,0
2025-04-26,Saturday,GRO-002,Nadu Rice 5kg,Grocery,1100,0%,121,37,84,40700.0,0
2025-04-26,Saturday,GRO-003,Mysore Dhal 1kg,Grocery,380,0%,88,39,49,14820.0,0
2025-04-26,Saturday,DAI-001,Anchor Milk Powder 400g,Dairy,1150,0%,55,36,19,41400.0,0
2025-04-26,Saturday,DAI-002,Kotmale Butter 200g,Dairy,750,0%,65,12,53,9000.0,0
2025-04-26,Saturday,SNA-001,Munchee Super Cream Cracker,Snacks,250,0%,228,61,167,15250.0,0
2025-04-26,Saturday,SNA-002,Maliban Lemon Puff,Snacks,300,10%,228,26,202,7020.0,0
2025-04-26,Saturday,PAN-001,Prima Wheat Flour 1kg,Pantry,220,10%,58,23,35,4554.0,0
2025-04-26,Saturday,PAN-002,Marina Coconut Oil 1L,Pantry,850,0%,111,16,95,13600.0,0
2025-04-26,Saturday,BEV-001,Coca Cola 1.5L,Beverages,450,0%,140,25,115,11250.0,0
2025-04-26,Saturday,PER-001,Signal Toothpaste 120g,Personal Care,230,0%,196,14,182,3220.0,0
2025-04-26,Saturday,PER-002,Lifebuoy Soap,Personal Care,150,0%,218,42,176,6300.0,0
2025-04-27,Sunday,GRO-001,Keeri Samba 5kg,Grocery,1250,0%,96,19,77,23750.0,0
2025-04-27,Sunday,GRO-002,Nadu Rice 5kg,Grocery,1100,0%,84,12,72,13200.0,0
2025-04-27,Sunday,GRO-003,Mysore Dhal 1kg,Grocery,380,10%,49,49,0,16758.0,0
2025-04-27,Sunday,DAI-001,Anchor Milk Powder 400g,Dairy,1150,0%,219,26,193,29900.0,0
2025-04-27,Sunday,DAI-002,Kotmale Butter 200g,Dairy,750,0%,53,16,37,12000.0,0
2025-04-27,Sunday,SNA-001,Munchee Super Cream Cracker,Snacks,250,0%,167,49,118,12250.0,0
2025-04-27,Sunday,SNA-002,Maliban Lemon Puff,Snacks,300,10%,202,42,160,11340.0,0
2025-04-27,Sunday,PAN-001,Prima Wheat Flour 1kg,Pantry,220,10%,235,36,199,7128.0,0
2025-04-27,Sunday,PAN-002,Marina Coconut Oil 1L,Pantry,850,0%,95,29,66,24650.0,0
2025-04-27,Sunday,BEV-001,Coca Cola 1.5L,Beverages,450,0%,115,19,96,8550.0,0
2025-04-27,Sunday,PER-001,Signal Toothpaste 120g,Personal Care,230,0%,182,16,166,3680.0,0
2025-04-27,Sunday,PER-002,Lifebuoy Soap,Personal Care,150,0%,176,43,133,6450.0,0
2025-04-28,Monday,GRO-001,Keeri Samba 5kg,Grocery,1250,0%,77,13,64,16250.0,0
2025-04-28,Monday,GRO-002,Nadu Rice 5kg,Grocery,1100,0%,72,18,54,19800.0,0
2025-04-28,Monday,GRO-003,Mysore Dhal 1kg,Grocery,380,0%,200,37,163,14060.0,0
2025-04-28,Monday,DAI-001,Anchor Milk Powder 400g,Dairy,1150,0%,193,30,163,34500.0,0
2025-04-28,Monday,DAI-002,Kotmale Butter 200g,Dairy,750,0%,237,9,228,6750.0,0
2025-04-28,Monday,SNA-001,Munchee Super Cream Cracker,Snacks,250,0%,118,36,82,9000.0,0
2025-04-28,Monday,SNA-002,Maliban Lemon Puff,Snacks,300,0%,160,26,134,7800.0,0
2025-04-28,Monday,PAN-001,Prima Wheat Flour 1kg,Pantry,220,0%,199,17,182,3740.0,0
2025-04-28,Monday,PAN-002,Marina Coconut Oil 1L,Pantry,850,0%,66,17,49,14450.0,0
2025-04-28,Monday,BEV-001,Coca Cola 1.5L,Beverages,450,0%,96,16,80,7200.0,0
2025-04-28,Monday,PER-001,Signal Toothpaste 120g,Personal Care,230,0%,166,16,150,3680.0,0
2025-04-28,Monday,PER-002,Lifebuoy Soap,Personal Care,150,0%,133,38,95,5700.0,0
2025-04-29,Tuesday,GRO-001,Keeri Samba 5kg,Grocery,1250,0%,64,17,47,21250.0,0
2025-04-29,Tuesday,GRO-002,Nadu Rice 5kg,Grocery,1100,0%,54,21,33,23100.0,0
2025-04-29,Tuesday,GRO-003,Mysore Dhal 1kg,Grocery,380,0%,163,37,126,14060.0,0
2025-04-29,Tuesday,DAI-001,Anchor Milk Powder 400g,Dairy,1150,10%,163,24,139,24840.0,0
2025-04-29,Tuesday,DAI-002,Kotmale Butter 200g,Dairy,750,0%,228,13,215,9750.0,0
2025-04-29,Tuesday,SNA-001,Munchee Super Cream Cracker,Snacks,250,0%,82,24,58,6000.0,0
2025-04-29,Tuesday,SNA-002,Maliban Lemon Puff,Snacks,300,0%,134,21,113,6300.0,0
2025-04-29,Tuesday,PAN-001,Prima Wheat Flour 1kg,Pantry,220,0%,182,23,159,5060.0,0
2025-04-29,Tuesday,PAN-002,Marina Coconut Oil 1L,Pantry,850,0%,49,15,34,12750.0,0
2025-04-29,Tuesday,BEV-001,Coca Cola 1.5L,Beverages,450,0%,80,16,64,7200.0,0
2025-04-29,Tuesday,PER-001,Signal Toothpaste 120g,Personal Care,230,0%,150,18,132,4140.0,0
2025-04-29,Tuesday,PER-002,Lifebuoy Soap,Personal Care,150,0%,95,21,74,3150.0,0
2025-04-30,Wednesday,GRO-001,Keeri Samba 5kg,Grocery,1250,10%,47,17,30,19125.0,0
2025-04-30,Wednesday,GRO-002,Nadu Rice 5kg,Grocery,1100,0%,233,17,216,18700.0,0
2025-04-30,Wednesday,GRO-003,Mysore Dhal 1kg,Grocery,380,0%,126,31,95,11780.0,0
2025-04-30,Wednesday,DAI-001,Anchor Milk Powder 400g,Dairy,1150,0%,139,26,113,29900.0,0
2025-04-30,Wednesday,DAI-002,Kotmale Butter 200g,Dairy,750,0%,215,16,199,12000.0,0
2025-04-30,Wednesday,SNA-001,Munchee Super Cream Cracker,Snacks,250,0%,58,40,18,10000.0,0
2025-04-30,Wednesday,SNA-002,Maliban Lemon Puff,Snacks,300,0%,113,23,90,6900.0,0
2025-04-30,Wednesday,PAN-001,Prima Wheat Flour 1kg,Pantry,220,0%,159,18,141,3960.0,0
2025-04-30,Wednesday,PAN-002,Marina Coconut Oil 1L,Pantry,850,10%,234,14,220,10710.0,0
2025-04-30,Wednesday,BEV-001,Coca Cola 1.5L,Beverages,450,0%,64,13,51,5850.0,0
2025-04-30,Wednesday,PER-001,Signal Toothpaste 120g,Personal Care,230,0%,132,13,119,2990.0,0
2025-04-30,Wednesday,PER-002,Lifebuoy Soap,Personal Care,150,0%,74,29,45,4350.0,0
2025-05-01,Thursday,GRO-001,Keeri Samba 5kg,Grocery,1250,0%,230,14,216,17500.0,0
2025-05-01,Thursday,GRO-002,Nadu Rice 5kg,Grocery,1100,0%,216,22,194,24200.0,0
2025-05-01,Thursday,GRO-003,Mysore Dhal 1kg,Grocery,380,0%,95,39,56,14820.0,0
2025-05-01,Thursday,DAI-001,Anchor Milk Powder 400g,Dairy,1150,0%,113,23,90,26450.0,0
2025-05-01,Thursday,DAI-002,Kotmale Butter 200g,Dairy,750,0%,199,13,186,9750.0,0
2025-05-01,Thursday,SNA-001,Munchee Super Cream Cracker,Snacks,250,0%,218,36,182,9000.0,0
2025-05-01,Thursday,SNA-002,Maliban Lemon Puff,Snacks,300,10%,90,24,66,6480.0,0
2025-05-01,Thursday,PAN-001,Prima Wheat Flour 1kg,Pantry,220,0%,141,25,116,5500.0,0
2025-05-01,Thursday,PAN-002,Marina Coconut Oil 1L,Pantry,850,10%,220,15,205,11475.0,0
2025-05-01,Thursday,BEV-001,Coca Cola 1.5L,Beverages,450,0%,51,11,40,4950.0,0
2025-05-01,Thursday,PER-001,Signal Toothpaste 120g,Personal Care,230,0%,119,8,111,1840.0,0
2025-05-01,Thursday,PER-002,Lifebuoy Soap,Personal Care,150,0%,45,23,22,3450.0,0
2025-05-02,Friday,GRO-001,Keeri Samba 5kg,Grocery,1250,0%,216,18,198,22500.0,0
2025-05-02,Friday,GRO-002,Nadu Rice 5kg,Grocery,1100,0%,194,22,172,24200.0,0
2025-05-02,Friday,GRO-003,Mysore Dhal 1kg,Grocery,380,0%,56,36,20,13680.0,0
2025-05-02,Friday,DAI-001,Anchor Milk Powder 400g,Dairy,1150,10%,90,26,64,26910.0,0
2025-05-02,Friday,DAI-002,Kotmale Butter 200g,Dairy,750,0%,186,15,171,11250.0,0
2025-05-02,Friday,SNA-001,Munchee Super Cream Cracker,Snacks,250,0%,182,27,155,6750.0,0
2025-05-02,Friday,SNA-002,Maliban Lemon Puff,Snacks,300,0%,66,24,42,7200.0,0
2025-05-02,Friday,PAN-001,Prima Wheat Flour 1kg,Pantry,220,0%,116,15,101,3300.0,0
2025-05-02,Friday,PAN-002,Marina Coconut Oil 1L,Pantry,850,0%,205,20,185,17000.0,0
2025-05-02,Friday,BEV-001,Coca Cola 1.5L,Beverages,450,0%,40,16,24,7200.0,0
2025-05-02,Friday,PER-001,Signal Toothpaste 120g,Personal Care,230,0%,111,6,105,1380.0,0
2025-05-02,Friday,PER-002,Lifebuoy Soap,Personal Care,150,0%,222,27,195,4050.0,0
2025-05-03,Saturday,GRO-001,Keeri Samba 5kg,Grocery,1250,0%,198,8,190,10000.0,0
2025-05-03,Saturday,GRO-002,Nadu Rice 5kg,Grocery,1100,0%,172,28,144,30800.0,0
2025-05-03,Saturday,GRO-003,Mysore Dhal 1kg,Grocery,380,0%,220,25,195,9500.0,0
2025-05-03,Saturday,DAI-001,Anchor Milk Powder 400g,Dairy,1150,0%,64,29,35,33350.0,0
2025-05-03,Saturday,DAI-002,Kotmale Butter 200g,Dairy,750,10%,171,21,150,14175.0,0
2025-05-03,Saturday,SNA-001,Munchee Super Cream Cracker,Snacks,250,0%,155,51,104,12750.0,0
2025-05-03,Saturday,SNA-002,Maliban Lemon Puff,Snacks,300,10%,42,42,0,11340.0,0
2025-05-03,Saturday,PAN-001,Prima Wheat Flour 1kg,Pantry,220,0%,101,23,78,5060.0,0
2025-05-03,Saturday,PAN-002,Marina Coconut Oil 1L,Pantry,850,10%,185,42,143,32130.0,0
2025-05-03,Saturday,BEV-001,Coca Cola 1.5L,Beverages,450,0%,224,22,202,9900.0,0
2025-05-03,Saturday,PER-001,Signal Toothpaste 120g,Personal Care,230,0%,105,21,84,4830.0,0
2025-05-03,Saturday,PER-002,Lifebuoy Soap,Personal Care,150,0%,195,32,163,4800.0,0
2025-05-04,Sunday,GRO-001,Keeri Samba 5kg,Grocery,1250,0%,190,19,171,23750.0,0
2025-05-04,Sunday,GRO-002,Nadu Rice 5kg,Grocery,1100,0%,144,19,125,20900.0,0
2025-05-04,Sunday,GRO-003,Mysore Dhal 1kg,Grocery,380,0%,195,42,153,15960.0,0
2025-05-04,Sunday,DAI-001,Anchor Milk Powder 400g,Dairy,1150,0%,235,18,217,20700.0,0
2025-05-04,Sunday,DAI-002,Kotmale Butter 200g,Dairy,750,10%,150,19,131,12825.0,0
2025-05-04,Sunday,SNA-001,Munchee Super Cream Cracker,Snacks,250,0%,104,26,78,6500.0,0
2025-05-04,Sunday,SNA-002,Maliban Lemon Puff,Snacks,300,0%,200,35,165,10500.0,0
2025-05-04,Sunday,PAN-001,Prima Wheat Flour 1kg,Pantry,220,0%,78,30,48,6600.0,0
2025-05-04,Sunday,PAN-002,Marina Coconut Oil 1L,Pantry,850,0%,143,23,120,19550.0,0
2025-05-04,Sunday,BEV-001,Coca Cola 1.5L,Beverages,450,0%,202,25,177,11250.0,0
2025-05-04,Sunday,PER-001,Signal Toothpaste 120g,Personal Care,230,0%,84,16,68,3680.0,0
2025-05-04,Sunday,PER-002,Lifebuoy Soap,Personal Care,150,0%,163,53,110,7950.0,0
2025-05-05,Monday,GRO-001,Keeri Samba 5kg,Grocery,1250,0%,171,16,155,20000.0,0
2025-05-05,Monday,GRO-002,Nadu Rice 5kg,Grocery,1100,0%,125,18,107,19800.0,0
2025-05-05,Monday,GRO-003,Mysore Dhal 1kg,Grocery,380,0%,153,26,127,9880.0,0
2025-05-05,Monday,DAI-001,Anchor Milk Powder 400g,Dairy,1150,0%,217,23,194,26450.0,0
2025-05-05,Monday,DAI-002,Kotmale Butter 200g,Dairy,750,0%,131,12,119,9000.0,0
2025-05-05,Monday,SNA-001,Munchee Super Cream Cracker,Snacks,250,0%,78,50,28,12500.0,0
2025-05-05,Monday,SNA-002,Maliban Lemon Puff,Snacks,300,0%,165,25,140,7500.0,0
2025-05-05,Monday,PAN-001,Prima Wheat Flour 1kg,Pantry,220,0%,48,21,27,4620.0,0
2025-05-05,Monday,PAN-002,Marina Coconut Oil 1L,Pantry,850,10%,120,11,109,8415.0,0
2025-05-05,Monday,BEV-001,Coca Cola 1.5L,Beverages,450,0%,177,21,156,9450.0,0
2025-05-05,Monday,PER-001,Signal Toothpaste 120g,Personal Care,230,10%,68,14,54,2898.0,0
2025-05-05,Monday,PER-002,Lifebuoy Soap,Personal Care,150,0%,110,30,80,4500.0,0
2025-05-06,Tuesday,GRO-001,Keeri Samba 5kg,Grocery,1250,0%,155,17,138,21250.0,0
2025-05-06,Tuesday,GRO-002,Nadu Rice 5kg,Grocery,1100,0%,107,20,87,22000.0,0
2025-05-06,Tuesday,GRO-003,Mysore Dhal 1kg,Grocery,380,0%,127,27,100,10260.0,0
2025-05-06,Tuesday,DAI-001,Anchor Milk Powder 400g,Dairy,1150,0%,194,22,172,25300.0,0
2025-05-06,Tuesday,DAI-002,Kotmale Butter 200g,Dairy,750,0%,119,14,105,10500.0,0
2025-05-06,Tuesday,SNA-001,Munchee Super Cream Cracker,Snacks,250,0%,228,34,194,8500.0,0
2025-05-06,Tuesday,SNA-002,Maliban Lemon Puff,Snacks,300,0%,140,38,102,11400.0,0
2025-05-06,Tuesday,PAN-001,Prima Wheat Flour 1kg,Pantry,220,0%,227,27,200,5940.0,0
2025-05-06,Tuesday,PAN-002,Marina Coconut Oil 1L,Pantry,850,0%,109,13,96,11050.0,0
2025-05-06,Tuesday,BEV-001,Coca Cola 1.5L,Beverages,450,10%,156,14,142,5670.0,0
2025-05-06,Tuesday,PER-001,Signal Toothpaste 120g,Personal Care,230,0%,54,10,44,2300.0,0
2025-05-06,Tuesday,PER-002,Lifebuoy Soap,Personal Care,150,0%,80,24,56,3600.0,0
2025-05-07,Wednesday,GRO-001,Keeri Samba 5kg,Grocery,1250,0%,138,16,122,20000.0,0
2025-05-07,Wednesday,GRO-002,Nadu Rice 5kg,Grocery,1100,0%,87,10,77,11000.0,0
2025-05-07,Wednesday,GRO-003,Mysore Dhal 1kg,Grocery,380,0%,100,33,67,12540.0,0
2025-05-07,Wednesday,DAI-001,Anchor Milk Powder 400g,Dairy,1150,0%,172,30,142,34500.0,0
2025-05-07,Wednesday,DAI-002,Kotmale Butter 200g,Dairy,750,0%,105,9,96,6750.0,0
2025-05-07,Wednesday,SNA-001,Munchee Super Cream Cracker,Snacks,250,0%,194,37,157,9250.0,0
2025-05-07,Wednesday,SNA-002,Maliban Lemon Puff,Snacks,300,0%,102,29,73,8700.0,0
2025-05-07,Wednesday,PAN-001,Prima Wheat Flour 1kg,Pantry,220,0%,200,19,181,4180.0,0
2025-05-07,Wednesday,PAN-002,Marina Coconut Oil 1L,Pantry,850,10%,96,18,78,13770.0,0
2025-05-07,Wednesday,BEV-001,Coca Cola 1.5L,Beverages,450,0%,142,19,123,8550.0,0
2025-05-07,Wednesday,PER-001,Signal Toothpaste 120g,Personal Care,230,0%,44,18,26,4140.0,0
2025-05-07,Wednesday,PER-002,Lifebuoy Soap,Personal Care,150,0%,56,21,35,3150.0,0
2025-05-08,Thursday,GRO-001,Keeri Samba 5kg,Grocery,1250,0%,122,15,107,18750.0,0
2025-05-08,Thursday,GRO-002,Nadu Rice 5kg,Grocery,1100,0%,77,24,53,26400.0,0
2025-05-08,Thursday,GRO-003,Mysore Dhal 1kg,Grocery,380,0%,67,33,34,12540.0,0
2025-05-08,Thursday,DAI-001,Anchor Milk Powder 400g,Dairy,1150,0%,142,35,107,40250.0,0
2025-05-08,Thursday,DAI-002,Kotmale Butter 200g,Dairy,750,0%,96,11,85,8250.0,0
2025-05-08,Thursday,SNA-001,Munchee Super Cream Cracker,Snacks,250,10%,157,30,127,6750.0,0
2025-05-08,Thursday,SNA-002,Maliban Lemon Puff,Snacks,300,0%,73,23,50,6900.0,0
2025-05-08,Thursday,PAN-001,Prima Wheat Flour 1kg,Pantry,220,0%,181,27,154,5940.0,0
2025-05-08,Thursday,PAN-002,Marina Coconut Oil 1L,Pantry,850,0%,78,18,60,15300.0,0
2025-05-08,Thursday,BEV-001,Coca Cola 1.5L,Beverages,450,0%,123,13,110,5850.0,0
2025-05-08,Thursday,PER-001,Signal Toothpaste 120g,Personal Care,230,0%,226,14,212,3220.0,0
2025-05-08,Thursday,PER-002,Lifebuoy Soap,Personal Care,150,0%,235,26,209,3900.0,0
2025-05-09,Friday,GRO-001,Keeri Samba 5kg,Grocery,1250,0%,107,16,91,20000.0,0
2025-05-09,Friday,GRO-002,Nadu Rice 5kg,Grocery,1100,0%,53,19,34,20900.0,0
2025-05-09,Friday,GRO-003,Mysore Dhal 1kg,Grocery,380,10%,234,41,193,14022.0,0
2025-05-09,Friday,DAI-001,Anchor Milk Powder 400g,Dairy,1150,0%,107,22,85,25300.0,0
2025-05-09,Friday,DAI-002,Kotmale Butter 200g,Dairy,750,0%,85,15,70,11250.0,0
2025-05-09,Friday,SNA-001,Munchee Super Cream Cracker,Snacks,250,0%,127,37,90,9250.0,0
2025-05-09,Friday,SNA-002,Maliban Lemon Puff,Snacks,300,0%,50,20,30,6000.0,0
2025-05-09,Friday,PAN-001,Prima Wheat Flour 1kg,Pantry,220,10%,154,18,136,3564.0,0
2025-05-09,Friday,PAN-002,Marina Coconut Oil 1L,Pantry,850,0%,60,17,43,14450.0,0
2025-05-09,Friday,BEV-001,Coca Cola 1.5L,Beverages,450,10%,110,19,91,7695.0,0
2025-05-09,Friday,PER-001,Signal Toothpaste 120g,Personal Care,230,0%,212,17,195,3910.0,0
2025-05-09,Friday,PER-002,Lifebuoy Soap,Personal Care,150,0%,209,18,191,2700.0,0
2025-05-10,Saturday,GRO-001,Keeri Samba 5kg,Grocery,1250,0%,91,38,53,47500.0,1
2025-05-10,Saturday,GRO-002,Nadu Rice 5kg,Grocery,1100,10%,234,72,162,71280.0,1
2025-05-10,Saturday,GRO-003,Mysore Dhal 1kg,Grocery,380,0%,193,92,101,34960.0,1
2025-05-10,Saturday,DAI-001,Anchor Milk Powder 400g,Dairy,1150,10%,85,36,49,37260.0,0
2025-05-10,Saturday,DAI-002,Kotmale Butter 200g,Dairy,750,10%,70,18,52,12150.0,0
2025-05-10,Saturday,SNA-001,Munchee Super Cream Cracker,Snacks,250,0%,90,57,33,14250.0,0
2025-05-10,Saturday,SNA-002,Maliban Lemon Puff,Snacks,300,0%,230,28,202,8400.0,0
2025-05-10,Saturday,PAN-001,Prima Wheat Flour 1kg,Pantry,220,10%,136,74,62,14652.0,1
2025-05-10,Saturday,PAN-002,Marina Coconut Oil 1L,Pantry,850,0%,43,38,5,32300.0,1
2025-05-10,Saturday,BEV-001,Coca Cola 1.5L,Beverages,450,0%,91,58,33,26100.0,1
2025-05-10,Saturday,PER-001,Signal Toothpaste 120g,Personal Care,230,0%,195,19,176,4370.0,0
2025-05-10,Saturday,PER-002,Lifebuoy Soap,Personal Care,150,10%,191,58,133,7830.0,0
2025-05-11,Sunday,GRO-001,Keeri Samba 5kg,Grocery,1250,0%,53,28,25,35000.0,1
2025-05-11,Sunday,GRO-002,Nadu Rice 5kg,Grocery,1100,0%,162,56,106,61600.0,1
2025-05-11,Sunday,GRO-003,Mysore Dhal 1kg,Grocery,380,0%,101,66,35,25080.0,1
2025-05-11,Sunday,DAI-001,Anchor Milk Powder 400g,Dairy,1150,0%,49,25,24,28750.0,0
2025-05-11,Sunday,DAI-002,Kotmale Butter 200g,Dairy,750,0%,52,18,34,13500.0,0
2025-05-11,Sunday,SNA-001,Munchee Super Cream Cracker,Snacks,250,0%,233,71,162,17750.0,0
2025-05-11,Sunday,SNA-002,Maliban Lemon Puff,Snacks,300,0%,202,29,173,8700.0,0
2025-05-11,Sunday,PAN-001,Prima Wheat Flour 1kg,Pantry,220,10%,62,62,0,12276.0,1
2025-05-11,Sunday,PAN-002,Marina Coconut Oil 1L,Pantry,850,0%,205,38,167,32300.0,1
2025-05-11,Sunday,BEV-001,Coca Cola 1.5L,Beverages,450,10%,233,58,175,23490.0,1
2025-05-11,Sunday,PER-001,Signal Toothpaste 120g,Personal Care,230,0%,176,14,162,3220.0,0
2025-05-11,Sunday,PER-002,Lifebuoy Soap,Personal Care,150,0%,133,37,96,5550.0,0
2025-05-12,Monday,GRO-001,Keeri Samba 5kg,Grocery,1250,0%,225,28,197,35000.0,1
2025-05-12,Monday,GRO-002,Nadu Rice 5kg,Grocery,1100,0%,106,48,58,52800.0,1
2025-05-12,Monday,GRO-003,Mysore Dhal 1kg,Grocery,380,0%,235,76,159,28880.0,1
2025-05-12,Monday,DAI-001,Anchor Milk Powder 400g,Dairy,1150,0%,224,26,198,29900.0,0
2025-05-12,Monday,DAI-002,Kotmale Butter 200g,Dairy,750,0%,234,11,223,8250.0,0
2025-05-12,Monday,SNA-001,Munchee Super Cream Cracker,Snacks,250,0%,162,45,117,11250.0,0
2025-05-12,Monday,SNA-002,Maliban Lemon Puff,Snacks,300,0%,173,24,149,7200.0,0
2025-05-12,Monday,PAN-001,Prima Wheat Flour 1kg,Pantry,220,0%,200,42,158,9240.0,1
2025-05-12,Monday,PAN-002,Marina Coconut Oil 1L,Pantry,850,0%,167,36,131,30600.0,1
2025-05-12,Monday,BEV-001,Coca Cola 1.5L,Beverages,450,0%,175,34,141,15300.0,1
2025-05-12,Monday,PER-001,Signal Toothpaste 120g,Personal Care,230,0%,162,15,147,3450.0,0
2025-05-12,Monday,PER-002,Lifebuoy Soap,Personal Care,150,0%,96,38,58,5700.0,0
2025-05-13,Tuesday,GRO-001,Keeri Samba 5kg,Grocery,1250,0%,197,32,165,40000.0,1
2025-05-13,Tuesday,GRO-002,Nadu Rice 5kg,Grocery,1100,0%,58,36,22,39600.0,1
2025-05-13,Tuesday,GRO-003,Mysore Dhal 1kg,Grocery,380,0%,159,60,99,22800.0,1
2025-05-13,Tuesday,DAI-001,Anchor Milk Powder 400g,Dairy,1150,0%,198,20,178,23000.0,0
2025-05-13,Tuesday,DAI-002,Kotmale Butter 200g,Dairy,750,0%,223,12,211,9000.0,0
2025-05-13,Tuesday,SNA-001,Munchee Super Cream Cracker,Snacks,250,0%,117,40,77,10000.0,0
2025-05-13,Tuesday,SNA-002,Maliban Lemon Puff,Snacks,300,0%,149,23,126,6900.0,0
2025-05-13,Tuesday,PAN-001,Prima Wheat Flour 1kg,Pantry,220,0%,158,46,112,10120.0,1
2025-05-13,Tuesday,PAN-002,Marina Coconut Oil 1L,Pantry,850,0%,131,32,99,27200.0,1
2025-05-13,Tuesday,BEV-001,Coca Cola 1.5L,Beverages,450,0%,141,26,115,11700.0,1
2025-05-13,Tuesday,PER-001,Signal Toothpaste 120g,Personal Care,230,0%,147,13,134,2990.0,0
2025-05-13,Tuesday,PER-002,Lifebuoy Soap,Personal Care,150,0%,58,40,18,6000.0,0
2025-05-14,Wednesday,GRO-001,Keeri Samba 5kg,Grocery,1250,0%,165,22,143,27500.0,1
2025-05-14,Wednesday,GRO-002,Nadu Rice 5kg,Grocery,1100,0%,222,46,176,50600.0,1
2025-05-14,Wednesday,GRO-003,Mysore Dhal 1kg,Grocery,380,0%,99,52,47,19760.0,1
2025-05-14,Wednesday,DAI-001,Anchor Milk Powder 400g,Dairy,1150,0%,178,37,141,42550.0,0
2025-05-14,Wednesday,DAI-002,Kotmale Butter 200g,Dairy,750,0%,211,13,198,9750.0,0
2025-05-14,Wednesday,SNA-001,Munchee Super Cream Cracker,Snacks,250,0%,77,34,43,8500.0,0
2025-05-14,Wednesday,SNA-002,Maliban Lemon Puff,Snacks,300,10%,126,27,99,7290.0,0
2025-05-14,Wednesday,PAN-001,Prima Wheat Flour 1kg,Pantry,220,0%,112,42,70,9240.0,1
2025-05-14,Wednesday,PAN-002,Marina Coconut Oil 1L,Pantry,850,0%,99,48,51,40800.0,1
2025-05-14,Wednesday,BEV-001,Coca Cola 1.5L,Beverages,450,0%,115,46,69,20700.0,1
2025-05-14,Wednesday,PER-001,Signal Toothpaste 120g,Personal Care,230,0%,134,13,121,2990.0,0
2025-05-14,Wednesday,PER-002,Lifebuoy Soap,Personal Care,150,0%,218,28,190,4200.0,0
2025-05-15,Thursday,GRO-001,Keeri Samba 5kg,Grocery,1250,0%,143,30,113,37500.0,1
2025-05-15,Thursday,GRO-002,Nadu Rice 5kg,Grocery,1100,0%,176,30,146,33000.0,1
2025-05-15,Thursday,GRO-003,Mysore Dhal 1kg,Grocery,380,0%,47,38,9,14440.0,1
2025-05-15,Thursday,DAI-001,Anchor Milk Powder 400g,Dairy,1150,0%,141,25,116,28750.0,0
2025-05-15,Thursday,DAI-002,Kotmale Butter 200g,Dairy,750,0%,198,13,185,9750.0,0
2025-05-15,Thursday,SNA-001,Munchee Super Cream Cracker,Snacks,250,0%,43,41,2,10250.0,0
2025-05-15,Thursday,SNA-002,Maliban Lemon Puff,Snacks,300,0%,99,21,78,6300.0,0
2025-05-15,Thursday,PAN-001,Prima Wheat Flour 1kg,Pantry,220,10%,70,54,16,10692.0,1
2025-05-15,Thursday,PAN-002,Marina Coconut Oil 1L,Pantry,850,0%,51,50,1,42500.0,1
2025-05-15,Thursday,BEV-001,Coca Cola 1.5L,Beverages,450,0%,69,16,53,7200.0,1
2025-05-15,Thursday,PER-001,Signal Toothpaste 120g,Personal Care,230,0%,121,14,107,3220.0,0
2025-05-15,Thursday,PER-002,Lifebuoy Soap,Personal Care,150,0%,190,28,162,4200.0,0
2025-05-16,Friday,GRO-001,Keeri Samba 5kg,Grocery,1250,0%,113,17,96,21250.0,0
2025-05-16,Friday,GRO-002,Nadu Rice 5kg,Grocery,1100,0%,146,10,136,11000.0,0
2025-05-16,Friday,GRO-003,Mysore Dhal 1kg,Grocery,380,0%,209,36,173,13680.0,0
2025-05-16,Friday,DAI-001,Anchor Milk Powder 400g,Dairy,1150,0%,116,22,94,25300.0,0
2025-05-16,Friday,DAI-002,Kotmale Butter 200g,Dairy,750,10%,185,9,176,6075.0,0
2025-05-16,Friday,SNA-001,Munchee Super Cream Cracker,Snacks,250,10%,202,33,169,7425.0,0
2025-05-16,Friday,SNA-002,Maliban Lemon Puff,Snacks,300,0%,78,28,50,8400.0,0
2025-05-16,Friday,PAN-001,Prima Wheat Flour 1kg,Pantry,220,0%,216,25,191,5500.0,0
2025-05-16,Friday,PAN-002,Marina Coconut Oil 1L,Pantry,850,0%,201,17,184,14450.0,0
2025-05-16,Friday,BEV-001,Coca Cola 1.5L,Beverages,450,0%,53,18,35,8100.0,0
2025-05-16,Friday,PER-001,Signal Toothpaste 120g,Personal Care,230,0%,107,18,89,4140.0,0
2025-05-16,Friday,PER-002,Lifebuoy Soap,Personal Care,150,0%,162,30,132,4500.0,0
2025-05-17,Saturday,GRO-001,Keeri Samba 5kg,Grocery,1250,0%,96,18,78,22500.0,0
2025-05-17,Saturday,GRO-002,Nadu Rice 5kg,Grocery,1100,0%,136,29,107,31900.0,0
2025-05-17,Saturday,GRO-003,Mysore Dhal 1kg,Grocery,380,10%,173,42,131,14364.0,0
2025-05-17,Saturday,DAI-001,Anchor Milk Powder 400g,Dairy,1150,0%,94,36,58,41400.0,0
2025-05-17,Saturday,DAI-002,Kotmale Butter 200g,Dairy,750,10%,176,15,161,10125.0,0
2025-05-17,Saturday,SNA-001,Munchee Super Cream Cracker,Snacks,250,0%,169,43,126,10750.0,0
2025-05-17,Saturday,SNA-002,Maliban Lemon Puff,Snacks,300,0%,50,19,31,5700.0,0
2025-05-17,Saturday,PAN-001,Prima Wheat Flour 1kg,Pantry,220,0%,191,29,162,6380.0,0
2025-05-17,Saturday,PAN-002,Marina Coconut Oil 1L,Pantry,850,0%,184,14,170,11900.0,0
2025-05-17,Saturday,BEV-001,Coca Cola 1.5L,Beverages,450,10%,235,19,216,7695.0,0
2025-05-17,Saturday,PER-001,Signal Toothpaste 120g,Personal Care,230,0%,89,15,74,3450.0,0
2025-05-17,Saturday,PER-002,Lifebuoy Soap,Personal Care,150,0%,132,23,109,3450.0,0
2025-05-18,Sunday,GRO-001,Keeri Samba 5kg,Grocery,1250,0%,78,23,55,28750.0,0
2025-05-18,Sunday,GRO-002,Nadu Rice 5kg,Grocery,1100,0%,107,32,75,35200.0,0
2025-05-18,Sunday,GRO-003,Mysore Dhal 1kg,Grocery,380,0%,131,56,75,21280.0,0
2025-05-18,Sunday,DAI-001,Anchor Milk Powder 400g,Dairy,1150,0%,58,28,30,32200.0,0
2025-05-18,Sunday,DAI-002,Kotmale Butter 200g,Dairy,750,0%,161,16,145,12000.0,0
2025-05-18,Sunday,SNA-001,Munchee Super Cream Cracker,Snacks,250,0%,126,49,77,12250.0,0
2025-05-18,Sunday,SNA-002,Maliban Lemon Puff,Snacks,300,0%,231,43,188,12900.0,0
2025-05-18,Sunday,PAN-001,Prima Wheat Flour 1kg,Pantry,220,10%,162,25,137,4950.0,0
2025-05-18,Sunday,PAN-002,Marina Coconut Oil 1L,Pantry,850,0%,170,25,145,21250.0,0
2025-05-18,Sunday,BEV-001,Coca Cola 1.5L,Beverages,450,0%,216,21,195,9450.0,0
2025-05-18,Sunday,PER-001,Signal Toothpaste 120g,Personal Care,230,10%,74,25,49,5175.0,0
2025-05-18,Sunday,PER-002,Lifebuoy Soap,Personal Care,150,10%,109,43,66,5805.0,0
2025-05-19,Monday,GRO-001,Keeri Samba 5kg,Grocery,1250,0%,55,24,31,30000.0,0
2025-05-19,Monday,GRO-002,Nadu Rice 5kg,Grocery,1100,0%,75,15,60,16500.0,0
2025-05-19,Monday,GRO-003,Mysore Dhal 1kg,Grocery,380,0%,75,18,57,6840.0,0
2025-05-19,Monday,DAI-001,Anchor Milk Powder 400g,Dairy,1150,0%,230,23,207,26450.0,0
2025-05-19,Monday,DAI-002,Kotmale Butter 200g,Dairy,750,0%,145,10,135,7500.0,0
2025-05-19,Monday,SNA-001,Munchee Super Cream Cracker,Snacks,250,0%,77,27,50,6750.0,0
2025-05-19,Monday,SNA-002,Maliban Lemon Puff,Snacks,300,0%,188,16,172,4800.0,0
2025-05-19,Monday,PAN-001,Prima Wheat Flour 1kg,Pantry,220,0%,137,25,112,5500.0,0
2025-05-19,Monday,PAN-002,Marina Coconut Oil 1L,Pantry,850,0%,145,16,129,13600.0,0
2025-05-19,Monday,BEV-001,Coca Cola 1.5L,Beverages,450,0%,195,15,180,6750.0,0
2025-05-19,Monday,PER-001,Signal Toothpaste 120g,Personal Care,230,0%,49,17,32,3910.0,0
2025-05-19,Monday,PER-002,Lifebuoy Soap,Personal Care,150,0%,66,26,40,3900.0,0
2025-05-20,Tuesday,GRO-001,Keeri Samba 5kg,Grocery,1250,0%,231,14,217,17500.0,0
2025-05-20,Tuesday,GRO-002,Nadu Rice 5kg,Grocery,1100,0%,60,19,41,20900.0,0
2025-05-20,Tuesday,GRO-003,Mysore Dhal 1kg,Grocery,380,0%,57,28,29,10640.0,0
2025-05-20,Tuesday,DAI-001,Anchor Milk Powder 400g,Dairy,1150,0%,207,25,182,28750.0,0
2025-05-20,Tuesday,DAI-002,Kotmale Butter 200g,Dairy,750,0%,135,9,126,6750.0,0
2025-05-20,Tuesday,SNA-001,Munchee Super Cream Cracker,Snacks,250,0%,50,29,21,7250.0,0
2025-05-20,Tuesday,SNA-002,Maliban Lemon Puff,Snacks,300,10%,172,30,142,8100.0,0
2025-05-20,Tuesday,PAN-001,Prima Wheat Flour 1kg,Pantry,220,0%,112,25,87,5500.0,0
2025-05-20,Tuesday,PAN-002,Marina Coconut Oil 1L,Pantry,850,0%,129,18,111,15300.0,0
2025-05-20,Tuesday,BEV-001,Coca Cola 1.5L,Beverages,450,10%,180,21,159,8505.0,0
2025-05-20,Tuesday,PER-001,Signal Toothpaste 120g,Personal Care,230,0%,232,12,220,2760.0,0
2025-05-20,Tuesday,PER-002,Lifebuoy Soap,Personal Care,150,0%,40,32,8,4800.0,0
2025-05-21,Wednesday,GRO-001,Keeri Samba 5kg,Grocery,1250,0%,217,10,207,12500.0,0
2025-05-21,Wednesday,GRO-002,Nadu Rice 5kg,Grocery,1100,0%,41,22,19,24200.0,0
2025-05-21,Wednesday,GRO-003,Mysore Dhal 1kg,Grocery,380,0%,229,28,201,10640.0,0
2025-05-21,Wednesday,DAI-001,Anchor Milk Powder 400g,Dairy,1150,0%,182,25,157,28750.0,0
2025-05-21,Wednesday,DAI-002,Kotmale Butter 200g,Dairy,750,0%,126,12,114,9000.0,0
2025-05-21,Wednesday,SNA-001,Munchee Super Cream Cracker,Snacks,250,0%,221,31,190,7750.0,0
2025-05-21,Wednesday,SNA-002,Maliban Lemon Puff,Snacks,300,0%,142,31,111,9300.0,0
2025-05-21,Wednesday,PAN-001,Prima Wheat Flour 1kg,Pantry,220,0%,87,19,68,4180.0,0
2025-05-21,Wednesday,PAN-002,Marina Coconut Oil 1L,Pantry,850,0%,111,20,91,17000.0,0
2025-05-21,Wednesday,BEV-001,Coca Cola 1.5L,Beverages,450,10%,159,13,146,5265.0,0
2025-05-21,Wednesday,PER-001,Signal Toothpaste 120g,Personal Care,230,0%,220,15,205,3450.0,0
2025-05-21,Wednesday,PER-002,Lifebuoy Soap,Personal Care,150,0%,208,33,175,4950.0,0
2025-05-22,Thursday,GRO-001,Keeri Samba 5kg,Grocery,1250,0%,207,16,191,20000.0,0
2025-05-22,Thursday,GRO-002,Nadu Rice 5kg,Grocery,1100,0%,219,19,200,20900.0,0
2025-05-22,Thursday,GRO-003,Mysore Dhal 1kg,Grocery,380,0%,201,34,167,12920.0,0
2025-05-22,Thursday,DAI-001,Anchor Milk Powder 400g,Dairy,1150,10%,157,30,127,31050.0,0
2025-05-22,Thursday,DAI-002,Kotmale Butter 200g,Dairy,750,0%,114,11,103,8250.0,0
2025-05-22,Thursday,SNA-001,Munchee Super Cream Cracker,Snacks,250,0%,190,18,172,4500.0,0
2025-05-22,Thursday,SNA-002,Maliban Lemon Puff,Snacks,300,10%,111,33,78,8910.0,0
2025-05-22,Thursday,PAN-001,Prima Wheat Flour 1kg,Pantry,220,0%,68,22,46,4840.0,0
2025-05-22,Thursday,PAN-002,Marina Coconut Oil 1L,Pantry,850,0%,91,21,70,17850.0,0
2025-05-22,Thursday,BEV-001,Coca Cola 1.5L,Beverages,450,0%,146,19,127,8550.0,0
2025-05-22,Thursday,PER-001,Signal Toothpaste 120g,Personal Care,230,0%,205,17,188,3910.0,0
2025-05-22,Thursday,PER-002,Lifebuoy Soap,Personal Care,150,0%,175,38,137,5700.0,0
2025-05-23,Friday,GRO-001,Keeri Samba 5kg,Grocery,1250,0%,191,6,185,7500.0,0
2025-05-23,Friday,GRO-002,Nadu Rice 5kg,Grocery,1100,0%,200,18,182,19800.0,0
2025-05-23,Friday,GRO-003,Mysore Dhal 1kg,Grocery,380,0%,167,22,145,8360.0,0
2025-05-23,Friday,DAI-001,Anchor Milk Powder 400g,Dairy,1150,0%,127,31,96,35650.0,0
2025-05-23,Friday,DAI-002,Kotmale Butter 200g,Dairy,750,0%,103,13,90,9750.0,0
2025-05-23,Friday,SNA-001,Munchee Super Cream Cracker,Snacks,250,0%,172,30,142,7500.0,0
2025-05-23,Friday,SNA-002,Maliban Lemon Puff,Snacks,300,0%,78,25,53,7500.0,0
2025-05-23,Friday,PAN-001,Prima Wheat Flour 1kg,Pantry,220,0%,46,17,29,3740.0,0
2025-05-23,Friday,PAN-002,Marina Coconut Oil 1L,Pantry,850,0%,70,15,55,12750.0,0
2025-05-23,Friday,BEV-001,Coca Cola 1.5L,Beverages,450,0%,127,17,110,7650.0,0
2025-05-23,Friday,PER-001,Signal Toothpaste 120g,Personal Care,230,10%,188,16,172,3312.0,0
2025-05-23,Friday,PER-002,Lifebuoy Soap,Personal Care,150,0%,137,23,114,3450.0,0
2025-05-24,Saturday,GRO-001,Keeri Samba 5kg,Grocery,1250,0%,185,15,170,18750.0,0
2025-05-24,Saturday,GRO-002,Nadu Rice 5kg,Grocery,1100,10%,182,32,150,31680.0,0
2025-05-24,Saturday,GRO-003,Mysore Dhal 1kg,Grocery,380,0%,145,35,110,13300.0,0
2025-05-24,Saturday,DAI-001,Anchor Milk Powder 400g,Dairy,1150,10%,96,21,75,21735.0,0
2025-05-24,Saturday,DAI-002,Kotmale Butter 200g,Dairy,750,0%,90,21,69,15750.0,0
2025-05-24,Saturday,SNA-001,Munchee Super Cream Cracker,Snacks,250,0%,142,37,105,9250.0,0
2025-05-24,Saturday,SNA-002,Maliban Lemon Puff,Snacks,300,0%,53,29,24,8700.0,0
2025-05-24,Saturday,PAN-001,Prima Wheat Flour 1kg,Pantry,220,0%,229,25,204,5500.0,0
2025-05-24,Saturday,PAN-002,Marina Coconut Oil 1L,Pantry,850,0%,55,26,29,22100.0,0
2025-05-24,Saturday,BEV-001,Coca Cola 1.5L,Beverages,450,0%,110,19,91,8550.0,0
2025-05-24,Saturday,PER-001,Signal Toothpaste 120g,Personal Care,230,0%,172,15,157,3450.0,0
2025-05-24,Saturday,PER-002,Lifebuoy Soap,Personal Care,150,0%,114,49,65,7350.0,0
2025-05-25,Sunday,GRO-001,Keeri Samba 5kg,Grocery,1250,10%,170,28,142,31500.0,0
2025-05-25,Sunday,GRO-002,Nadu Rice 5kg,Grocery,1100,10%,150,32,118,31680.0,0
2025-05-25,Sunday,GRO-003,Mysore Dhal 1kg,Grocery,380,10%,110,30,80,10260.0,0
2025-05-25,Sunday,DAI-001,Anchor Milk Powder 400g,Dairy,1150,0%,75,14,61,16100.0,0
2025-05-25,Sunday,DAI-002,Kotmale Butter 200g,Dairy,750,0%,69,19,50,14250.0,0
2025-05-25,Sunday,SNA-001,Munchee Super Cream Cracker,Snacks,250,0%,105,53,52,13250.0,0
2025-05-25,Sunday,SNA-002,Maliban Lemon Puff,Snacks,300,0%,224,25,199,7500.0,0
2025-05-25,Sunday,PAN-001,Prima Wheat Flour 1kg,Pantry,220,0%,204,35,169,7700.0,0
2025-05-25,Sunday,PAN-002,Marina Coconut Oil 1L,Pantry,850,10%,229,23,206,17595.0,0
2025-05-25,Sunday,BEV-001,Coca Cola 1.5L,Beverages,450,0%,91,28,63,12600.0,0
2025-05-25,Sunday,PER-001,Signal Toothpaste 120g,Personal Care,230,0%,157,21,136,4830.0,0
2025-05-25,Sunday,PER-002,Lifebuoy Soap,Personal Care,150,0%,65,42,23,6300.0,0
2025-05-26,Monday,GRO-001,Keeri Samba 5kg,Grocery,1250,0%,142,10,132,12500.0,0
2025-05-26,Monday,GRO-002,Nadu Rice 5kg,Grocery,1100,0%,118,15,103,16500.0,0
2025-05-26,Monday,GRO-003,Mysore Dhal 1kg,Grocery,380,10%,80,19,61,6498.0,0
2025-05-26,Monday,DAI-001,Anchor Milk Powder 400g,Dairy,1150,0%,61,20,41,23000.0,0
2025-05-26,Monday,DAI-002,Kotmale Butter 200g,Dairy,750,10%,50,11,39,7425.0,0
2025-05-26,Monday,SNA-001,Munchee Super Cream Cracker,Snacks,250,0%,52,26,26,6500.0,0
2025-05-26,Monday,SNA-002,Maliban Lemon Puff,Snacks,300,10%,199,28,171,7560.0,0
2025-05-26,Monday,PAN-001,Prima Wheat Flour 1kg,Pantry,220,10%,169,30,139,5940.0,0
2025-05-26,Monday,PAN-002,Marina Coconut Oil 1L,Pantry,850,0%,206,13,193,11050.0,0
2025-05-26,Monday,BEV-001,Coca Cola 1.5L,Beverages,450,0%,63,17,46,7650.0,0
2025-05-26,Monday,PER-001,Signal Toothpaste 120g,Personal Care,230,0%,136,14,122,3220.0,0
2025-05-26,Monday,PER-002,Lifebuoy Soap,Personal Care,150,0%,223,30,193,4500.0,0
2025-05-27,Tuesday,GRO-001,Keeri Samba 5kg,Grocery,1250,0%,132,17,115,21250.0,0
2025-05-27,Tuesday,GRO-002,Nadu Rice 5kg,Grocery,1100,0%,103,20,83,22000.0,0
2025-05-27,Tuesday,GRO-003,Mysore Dhal 1kg,Grocery,380,0%,61,40,21,15200.0,0
2025-05-27,Tuesday,DAI-001,Anchor Milk Powder 400g,Dairy,1150,0%,41,25,16,28750.0,0
2025-05-27,Tuesday,DAI-002,Kotmale Butter 200g,Dairy,750,0%,239,10,229,7500.0,0
2025-05-27,Tuesday,SNA-001,Munchee Super Cream Cracker,Snacks,250,0%,226,26,200,6500.0,0
2025-05-27,Tuesday,SNA-002,Maliban Lemon Puff,Snacks,300,0%,171,36,135,10800.0,0
2025-05-27,Tuesday,PAN-001,Prima Wheat Flour 1kg,Pantry,220,0%,139,19,120,4180.0,0
2025-05-27,Tuesday,PAN-002,Marina Coconut Oil 1L,Pantry,850,0%,193,9,184,7650.0,0
2025-05-27,Tuesday,BEV-001,Coca Cola 1.5L,Beverages,450,0%,46,22,24,9900.0,0
2025-05-27,Tuesday,PER-001,Signal Toothpaste 120g,Personal Care,230,0%,122,17,105,3910.0,0
2025-05-27,Tuesday,PER-002,Lifebuoy Soap,Personal Care,150,0%,193,38,155,5700.0,0
2025-05-28,Wednesday,GRO-001,Keeri Samba 5kg,Grocery,1250,0%,115,16,99,20000.0,0
2025-05-28,Wednesday,GRO-002,Nadu Rice 5kg,Grocery,1100,0%,83,16,67,17600.0,0
2025-05-28,Wednesday,GRO-003,Mysore Dhal 1kg,Grocery,380,0%,221,19,202,7220.0,0
2025-05-28,Wednesday,DAI-001,Anchor Milk Powder 400g,Dairy,1150,0%,216,23,193,26450.0,0
2025-05-28,Wednesday,DAI-002,Kotmale Butter 200g,Dairy,750,0%,229,8,221,6000.0,0
2025-05-28,Wednesday,SNA-001,Munchee Super Cream Cracker,Snacks,250,0%,200,49,151,12250.0,0
2025-05-28,Wednesday,SNA-002,Maliban Lemon Puff,Snacks,300,10%,135,23,112,6210.0,0
2025-05-28,Wednesday,PAN-001,Prima Wheat Flour 1kg,Pantry,220,0%,120,20,100,4400.0,0
2025-05-28,Wednesday,PAN-002,Marina Coconut Oil 1L,Pantry,850,0%,184,20,164,17000.0,0
2025-05-28,Wednesday,BEV-001,Coca Cola 1.5L,Beverages,450,0%,224,14,210,6300.0,0
2025-05-28,Wednesday,PER-001,Signal Toothpaste 120g,Personal Care,230,0%,105,10,95,2300.0,0
2025-05-28,Wednesday,PER-002,Lifebuoy Soap,Personal Care,150,0%,155,22,133,3300.0,0
2025-05-29,Thursday,GRO-001,Keeri Samba 5kg,Grocery,1250,0%,99,11,88,13750.0,0
2025-05-29,Thursday,GRO-002,Nadu Rice 5kg,Grocery,1100,0%,67,23,44,25300.0,0
2025-05-29,Thursday,GRO-003,Mysore Dhal 1kg,Grocery,380,0%,202,38,164,14440.0,0
2025-05-29,Thursday,DAI-001,Anchor Milk Powder 400g,Dairy,1150,0%,193,24,169,27600.0,0
2025-05-29,Thursday,DAI-002,Kotmale Butter 200g,Dairy,750,0%,221,9,212,6750.0,0
2025-05-29,Thursday,SNA-001,Munchee Super Cream Cracker,Snacks,250,0%,151,44,107,11000.0,0
2025-05-29,Thursday,SNA-002,Maliban Lemon Puff,Snacks,300,0%,112,35,77,10500.0,0
2025-05-29,Thursday,PAN-001,Prima Wheat Flour 1kg,Pantry,220,0%,100,20,80,4400.0,0
2025-05-29,Thursday,PAN-002,Marina Coconut Oil 1L,Pantry,850,0%,164,25,139,21250.0,0
2025-05-29,Thursday,BEV-001,Coca Cola 1.5L,Beverages,450,0%,210,12,198,5400.0,0
2025-05-29,Thursday,PER-001,Signal Toothpaste 120g,Personal Care,230,0%,95,17,78,3910.0,0
2025-05-29,Thursday,PER-002,Lifebuoy Soap,Personal Care,150,0%,133,27,106,4050.0,0
2025-05-30,Friday,GRO-001,Keeri Samba 5kg,Grocery,1250,10%,88,9,79,10125.0,0
2025-05-30,Friday,GRO-002,Nadu Rice 5kg,Grocery,1100,10%,44,23,21,22770.0,0
2025-05-30,Friday,GRO-003,Mysore Dhal 1kg,Grocery,380,0%,164,28,136,10640.0,0
2025-05-30,Friday,DAI-001,Anchor Milk Powder 400g,Dairy,1150,0%,169,18,151,20700.0,0
2025-05-30,Friday,DAI-002,Kotmale Butter 200g,Dairy,750,10%,212,14,198,9450.0,0
2025-05-30,Friday,SNA-001,Munchee Super Cream Cracker,Snacks,250,0%,107,33,74,8250.0,0
2025-05-30,Friday,SNA-002,Maliban Lemon Puff,Snacks,300,0%,77,19,58,5700.0,0
2025-05-30,Friday,PAN-001,Prima Wheat Flour 1kg,Pantry,220,0%,80,15,65,3300.0,0
2025-05-30,Friday,PAN-002,Marina Coconut Oil 1L,Pantry,850,0%,139,19,120,16150.0,0
2025-05-30,Friday,BEV-001,Coca Cola 1.5L,Beverages,450,0%,198,18,180,8100.0,0
2025-05-30,Friday,PER-001,Signal Toothpaste 120g,Personal Care,230,0%,78,14,64,3220.0,0
2025-05-30,Friday,PER-002,Lifebuoy Soap,Personal Care,150,0%,106,39,67,5850.0,0
2025-05-31,Saturday,GRO-001,Keeri Samba 5kg,Grocery,1250,0%,79,16,63,20000.0,0
2025-05-31,Saturday,GRO-002,Nadu Rice 5kg,Grocery,1100,0%,221,29,192,31900.0,0
2025-05-31,Saturday,GRO-003,Mysore Dhal 1kg,Grocery,380,0%,136,44,92,16720.0,0
2025-05-31,Saturday,DAI-001,Anchor Milk Powder 400g,Dairy,1150,0%,151,56,95,64400.0,0
2025-05-31,Saturday,DAI-002,Kotmale Butter 200g,Dairy,750,0%,198,18,180,13500.0,0
2025-05-31,Saturday,SNA-001,Munchee Super Cream Cracker,Snacks,250,0%,74,49,25,12250.0,0
2025-05-31,Saturday,SNA-002,Maliban Lemon Puff,Snacks,300,0%,58,33,25,9900.0,0
2025-05-31,Saturday,PAN-001,Prima Wheat Flour 1kg,Pantry,220,0%,65,28,37,6160.0,0
2025-05-31,Saturday,PAN-002,Marina Coconut Oil 1L,Pantry,850,0%,120,23,97,19550.0,0
2025-05-31,Saturday,BEV-001,Coca Cola 1.5L,Beverages,450,10%,180,23,157,9315.0,0
2025-05-31,Saturday,PER-001,Signal Toothpaste 120g,Personal Care,230,0%,64,18,46,4140.0,0
2025-05-31,Saturday,PER-002,Lifebuoy Soap,Personal Care,150,0%,67,36,31,5400.0,0
2025-06-01,Sunday,GRO-001,Keeri Samba 5kg,Grocery,1250,0%,63,18,45,22500.0,0
2025-06-01,Sunday,GRO-002,Nadu Rice 5kg,Grocery,1100,0%,192,30,162,33000.0,0
2025-06-01,Sunday,GRO-003,Mysore Dhal 1kg,Grocery,380,0%,92,44,48,16720.0,0
2025-06-01,Sunday,DAI-001,Anchor Milk Powder 400g,Dairy,1150,0%,95,28,67,32200.0,0
2025-06-01,Sunday,DAI-002,Kotmale Butter 200g,Dairy,750,0%,180,11,169,8250.0,0
2025-06-01,Sunday,SNA-001,Munchee Super Cream Cracker,Snacks,250,0%,225,30,195,7500.0,0
2025-06-01,Sunday,SNA-002,Maliban Lemon Puff,Snacks,300,0%,225,39,186,11700.0,0
2025-06-01,Sunday,PAN-001,Prima Wheat Flour 1kg,Pantry,220,0%,237,30,207,6600.0,0
2025-06-01,Sunday,PAN-002,Marina Coconut Oil 1L,Pantry,850,0%,97,25,72,21250.0,0
2025-06-01,Sunday,BEV-001,Coca Cola 1.5L,Beverages,450,0%,157,19,138,8550.0,0
2025-06-01,Sunday,PER-001,Signal Toothpaste 120g,Personal Care,230,0%,46,12,34,2760.0,0
2025-06-01,Sunday,PER-002,Lifebuoy Soap,Personal Care,150,0%,231,47,184,7050.0,0
2025-06-02,Monday,GRO-001,Keeri Samba 5kg,Grocery,1250,0%,45,23,22,28750.0,0
2025-06-02,Monday,GRO-002,Nadu Rice 5kg,Grocery,1100,0%,162,17,145,18700.0,0
2025-06-02,Monday,GRO-003,Mysore Dhal 1kg,Grocery,380,0%,48,37,11,14060.0,0
2025-06-02,Monday,DAI-001,Anchor Milk Powder 400g,Dairy,1150,0%,67,19,48,21850.0,0
2025-06-02,Monday,DAI-002,Kotmale Butter 200g,Dairy,750,0%,169,11,158,8250.0,0
2025-06-02,Monday,SNA-001,Munchee Super Cream Cracker,Snacks,250,10%,195,35,160,7875.0,0
2025-06-02,Monday,SNA-002,Maliban Lemon Puff,Snacks,300,0%,186,27,159,8100.0,0
2025-06-02,Monday,PAN-001,Prima Wheat Flour 1kg,Pantry,220,0%,207,16,191,3520.0,0
2025-06-02,Monday,PAN-002,Marina Coconut Oil 1L,Pantry,850,0%,72,26,46,22100.0,0
2025-06-02,Monday,BEV-001,Coca Cola 1.5L,Beverages,450,10%,138,18,120,7290.0,0
2025-06-02,Monday,PER-001,Signal Toothpaste 120g,Personal Care,230,0%,234,19,215,4370.0,0
2025-06-02,Monday,PER-002,Lifebuoy Soap,Personal Care,150,0%,184,30,154,4500.0,0
2025-06-03,Tuesday,GRO-001,Keeri Samba 5kg,Grocery,1250,0%,222,11,211,13750.0,0
2025-06-03,Tuesday,GRO-002,Nadu Rice 5kg,Grocery,1100,0%,145,23,122,25300.0,0
2025-06-03,Tuesday,GRO-003,Mysore Dhal 1kg,Grocery,380,0%,211,36,175,13680.0,0
2025-06-03,Tuesday,DAI-001,Anchor Milk Powder 400g,Dairy,1150,0%,48,27,21,31050.0,0
2025-06-03,Tuesday,DAI-002,Kotmale Butter 200g,Dairy,750,10%,158,9,149,6075.0,0
2025-06-03,Tuesday,SNA-001,Munchee Super Cream Cracker,Snacks,250,0%,160,39,121,9750.0,0
2025-06-03,Tuesday,SNA-002,Maliban Lemon Puff,Snacks,300,0%,159,27,132,8100.0,0
2025-06-03,Tuesday,PAN-001,Prima Wheat Flour 1kg,Pantry,220,0%,191,24,167,5280.0,0
2025-06-03,Tuesday,PAN-002,Marina Coconut Oil 1L,Pantry,850,0%,46,19,27,16150.0,0
2025-06-03,Tuesday,BEV-001,Coca Cola 1.5L,Beverages,450,10%,120,16,104,6480.0,0
2025-06-03,Tuesday,PER-001,Signal Toothpaste 120g,Personal Care,230,0%,215,14,201,3220.0,0
2025-06-03,Tuesday,PER-002,Lifebuoy Soap,Personal Care,150,0%,154,34,120,5100.0,0
2025-06-04,Wednesday,GRO-001,Keeri Samba 5kg,Grocery,1250,10%,211,13,198,14625.0,0
2025-06-04,Wednesday,GRO-002,Nadu Rice 5kg,Grocery,1100,10%,122,17,105,16830.0,0
2025-06-04,Wednesday,GRO-003,Mysore Dhal 1kg,Grocery,380,0%,175,32,143,12160.0,0
2025-06-04,Wednesday,DAI-001,Anchor Milk Powder 400g,Dairy,1150,0%,221,28,193,32200.0,0
2025-06-04,Wednesday,DAI-002,Kotmale Butter 200g,Dairy,750,0%,149,14,135,10500.0,0
2025-06-04,Wednesday,SNA-001,Munchee Super Cream Cracker,Snacks,250,10%,121,27,94,6075.0,0
2025-06-04,Wednesday,SNA-002,Maliban Lemon Puff,Snacks,300,10%,132,15,117,4050.0,0
2025-06-04,Wednesday,PAN-001,Prima Wheat Flour 1kg,Pantry,220,0%,167,24,143,5280.0,0
2025-06-04,Wednesday,PAN-002,Marina Coconut Oil 1L,Pantry,850,0%,227,9,218,7650.0,0
2025-06-04,Wednesday,BEV-001,Coca Cola 1.5L,Beverages,450,0%,104,19,85,8550.0,0
2025-06-04,Wednesday,PER-001,Signal Toothpaste 120g,Personal Care,230,10%,201,15,186,3105.0,0
2025-06-04,Wednesday,PER-002,Lifebuoy Soap,Personal Care,150,10%,120,23,97,3105.0,0
2025-06-05,Thursday,GRO-001,Keeri Samba 5kg,Grocery,1250,0%,198,12,186,15000.0,0
2025-06-05,Thursday,GRO-002,Nadu Rice 5kg,Grocery,1100,10%,105,22,83,21780.0,0
2025-06-05,Thursday,GRO-003,Mysore Dhal 1kg,Grocery,380,0%,143,36,107,13680.0,0
2025-06-05,Thursday,DAI-001,Anchor Milk Powder 400g,Dairy,1150,0%,193,25,168,28750.0,0
2025-06-05,Thursday,DAI-002,Kotmale Butter 200g,Dairy,750,0%,135,10,125,7500.0,0
2025-06-05,Thursday,SNA-001,Munchee Super Cream Cracker,Snacks,250,0%,94,44,50,11000.0,0
2025-06-05,Thursday,SNA-002,Maliban Lemon Puff,Snacks,300,0%,117,35,82,10500.0,0
2025-06-05,Thursday,PAN-001,Prima Wheat Flour 1kg,Pantry,220,0%,143,21,122,4620.0,0
2025-06-05,Thursday,PAN-002,Marina Coconut Oil 1L,Pantry,850,0%,218,17,201,14450.0,0
2025-06-05,Thursday,BEV-001,Coca Cola 1.5L,Beverages,450,0%,85,16,69,7200.0,0
2025-06-05,Thursday,PER-001,Signal Toothpaste 120g,Personal Care,230,0%,186,14,172,3220.0,0
2025-06-05,Thursday,PER-002,Lifebuoy Soap,Personal Care,150,0%,97,31,66,4650.0,0
2025-06-06,Friday,GRO-001,Keeri Samba 5kg,Grocery,1250,0%,186,9,177,11250.0,0
2025-06-06,Friday,GRO-002,Nadu Rice 5kg,Grocery,1100,10%,83,22,61,21780.0,0
2025-06-06,Friday,GRO-003,Mysore Dhal 1kg,Grocery,380,0%,107,35,72,13300.0,0
2025-06-06,Friday,DAI-001,Anchor Milk Powder 400g,Dairy,1150,0%,168,22,146,25300.0,0
2025-06-06,Friday,DAI-002,Kotmale Butter 200g,Dairy,750,0%,125,12,113,9000.0,0
2025-06-06,Friday,SNA-001,Munchee Super Cream Cracker,Snacks,250,0%,50,42,8,10500.0,0
2025-06-06,Friday,SNA-002,Maliban Lemon Puff,Snacks,300,0%,82,31,51,9300.0,0
2025-06-06,Friday,PAN-001,Prima Wheat Flour 1kg,Pantry,220,0%,122,21,101,4620.0,0
2025-06-06,Friday,PAN-002,Marina Coconut Oil 1L,Pantry,850,0%,201,17,184,14450.0,0
2025-06-06,Friday,BEV-001,Coca Cola 1.5L,Beverages,450,0%,69,16,53,7200.0,0
2025-06-06,Friday,PER-001,Signal Toothpaste 120g,Personal Care,230,10%,172,8,164,1656.0,0
2025-06-06,Friday,PER-002,Lifebuoy Soap,Personal Care,150,10%,66,35,31,4725.0,0
2025-06-07,Saturday,GRO-001,Keeri Samba 5kg,Grocery,1250,0%,177,16,161,20000.0,0
2025-06-07,Saturday,GRO-002,Nadu Rice 5kg,Grocery,1100,10%,61,25,36,24750.0,0
2025-06-07,Saturday,GRO-003,Mysore Dhal 1kg,Grocery,380,0%,72,42,30,15960.0,0
2025-06-07,Saturday,DAI-001,Anchor Milk Powder 400g,Dairy,1150,0%,146,29,117,33350.0,0
2025-06-07,Saturday,DAI-002,Kotmale Butter 200g,Dairy,750,0%,113,18,95,13500.0,0
2025-06-07,Saturday,SNA-001,Munchee Super Cream Cracker,Snacks,250,0%,208,61,147,15250.0,0
2025-06-07,Saturday,SNA-002,Maliban Lemon Puff,Snacks,300,0%,51,19,32,5700.0,0
2025-06-07,Saturday,PAN-001,Prima Wheat Flour 1kg,Pantry,220,0%,101,33,68,7260.0,0
2025-06-07,Saturday,PAN-002,Marina Coconut Oil 1L,Pantry,850,10%,184,18,166,13770.0,0
2025-06-07,Saturday,BEV-001,Coca Cola 1.5L,Beverages,450,0%,53,28,25,12600.0,0
2025-06-07,Saturday,PER-001,Signal Toothpaste 120g,Personal Care,230,0%,164,21,143,4830.0,0
2025-06-07,Saturday,PER-002,Lifebuoy Soap,Personal Care,150,0%,231,22,209,3300.0,0
2025-06-08,Sunday,GRO-001,Keeri Samba 5kg,Grocery,1250,0%,161,23,138,28750.0,0
2025-06-08,Sunday,GRO-002,Nadu Rice 5kg,Grocery,1100,0%,236,28,208,30800.0,0
2025-06-08,Sunday,GRO-003,Mysore Dhal 1kg,Grocery,380,0%,230,49,181,18620.0,0
2025-06-08,Sunday,DAI-001,Anchor Milk Powder 400g,Dairy,1150,0%,117,35,82,40250.0,0
2025-06-08,Sunday,DAI-002,Kotmale Butter 200g,Dairy,750,0%,95,19,76,14250.0,0
2025-06-08,Sunday,SNA-001,Munchee Super Cream Cracker,Snacks,250,0%,147,35,112,8750.0,0
2025-06-08,Sunday,SNA-002,Maliban Lemon Puff,Snacks,300,0%,232,33,199,9900.0,0
2025-06-08,Sunday,PAN-001,Prima Wheat Flour 1kg,Pantry,220,0%,68,43,25,9460.0,0
2025-06-08,Sunday,PAN-002,Marina Coconut Oil 1L,Pantry,850,0%,166,21,145,17850.0,0
2025-06-08,Sunday,BEV-001,Coca Cola 1.5L,Beverages,450,0%,225,26,199,11700.0,0
2025-06-08,Sunday,PER-001,Signal Toothpaste 120g,Personal Care,230,0%,143,21,122,4830.0,0
2025-06-08,Sunday,PER-002,Lifebuoy Soap,Personal Care,150,0%,209,25,184,3750.0,0
2025-06-09,Monday,GRO-001,Keeri Samba 5kg,Grocery,1250,10%,138,16,122,18000.0,0
2025-06-09,Monday,GRO-002,Nadu Rice 5kg,Grocery,1100,0%,208,20,188,22000.0,0
2025-06-09,Monday,GRO-003,Mysore Dhal 1kg,Grocery,380,0%,181,35,146,13300.0,0
2025-06-09,Monday,DAI-001,Anchor Milk Powder 400g,Dairy,1150,0%,82,28,54,32200.0,0
2025-06-09,Monday,DAI-002,Kotmale Butter 200g,Dairy,750,0%,76,12,64,9000.0,0
2025-06-09,Monday,SNA-001,Munchee Super Cream Cracker,Snacks,250,0%,112,34,78,8500.0,0
2025-06-09,Monday,SNA-002,Maliban Lemon Puff,Snacks,300,0%,199,24,175,7200.0,0
2025-06-09,Monday,PAN-001,Prima Wheat Flour 1kg,Pantry,220,0%,225,25,200,5500.0,0
2025-06-09,Monday,PAN-002,Marina Coconut Oil 1L,Pantry,850,0%,145,16,129,13600.0,0
2025-06-09,Monday,BEV-001,Coca Cola 1.5L,Beverages,450,10%,199,26,173,10530.0,0
2025-06-09,Monday,PER-001,Signal Toothpaste 120g,Personal Care,230,0%,122,19,103,4370.0,0
2025-06-09,Monday,PER-002,Lifebuoy Soap,Personal Care,150,0%,184,33,151,4950.0,0
2025-06-10,Tuesday,GRO-001,Keeri Samba 5kg,Grocery,1250,0%,122,12,110,15000.0,0
2025-06-10,Tuesday,GRO-002,Nadu Rice 5kg,Grocery,1100,0%,188,18,170,19800.0,0
2025-06-10,Tuesday,GRO-003,Mysore Dhal 1kg,Grocery,380,0%,146,37,109,14060.0,0
2025-06-10,Tuesday,DAI-001,Anchor Milk Powder 400g,Dairy,1150,0%,54,22,32,25300.0,0
2025-06-10,Tuesday,DAI-002,Kotmale Butter 200g,Dairy,750,0%,64,11,53,8250.0,0
2025-06-10,Tuesday,SNA-001,Munchee Super Cream Cracker,Snacks,250,0%,78,19,59,4750.0,0
2025-06-10,Tuesday,SNA-002,Maliban Lemon Puff,Snacks,300,10%,175,28,147,7560.0,0
2025-06-10,Tuesday,PAN-001,Prima Wheat Flour 1kg,Pantry,220,0%,200,23,177,5060.0,0
2025-06-10,Tuesday,PAN-002,Marina Coconut Oil 1L,Pantry,850,0%,129,17,112,14450.0,0
2025-06-10,Tuesday,BEV-001,Coca Cola 1.5L,Beverages,450,10%,173,20,153,8100.0,0
2025-06-10,Tuesday,PER-001,Signal Toothpaste 120g,Personal Care,230,0%,103,15,88,3450.0,0
2025-06-10,Tuesday,PER-002,Lifebuoy Soap,Personal Care,150,0%,151,28,123,4200.0,0
2025-06-11,Wednesday,GRO-001,Keeri Samba 5kg,Grocery,1250,0%,110,19,91,23750.0,0
2025-06-11,Wednesday,GRO-002,Nadu Rice 5kg,Grocery,1100,0%,170,19,151,20900.0,0
2025-06-11,Wednesday,GRO-003,Mysore Dhal 1kg,Grocery,380,0%,109,37,72,14060.0,0
2025-06-11,Wednesday,DAI-001,Anchor Milk Powder 400g,Dairy,1150,0%,232,19,213,21850.0,0
2025-06-11,Wednesday,DAI-002,Kotmale Butter 200g,Dairy,750,0%,53,11,42,8250.0,0
2025-06-11,Wednesday,SNA-001,Munchee Super Cream Cracker,Snacks,250,0%,59,46,13,11500.0,0
2025-06-11,Wednesday,SNA-002,Maliban Lemon Puff,Snacks,300,0%,147,28,119,8400.0,0
2025-06-11,Wednesday,PAN-001,Prima Wheat Flour 1kg,Pantry,220,10%,177,21,156,4158.0,0
2025-06-11,Wednesday,PAN-002,Marina Coconut Oil 1L,Pantry,850,0%,112,15,97,12750.0,0
2025-06-11,Wednesday,BEV-001,Coca Cola 1.5L,Beverages,450,0%,153,19,134,8550.0,0
2025-06-11,Wednesday,PER-001,Signal Toothpaste 120g,Personal Care,230,10%,88,16,72,3312.0,0
2025-06-11,Wednesday,PER-002,Lifebuoy Soap,Personal Care,150,0%,123,28,95,4200.0,0
2025-06-12,Thursday,GRO-001,Keeri Samba 5kg,Grocery,1250,0%,91,12,79,15000.0,0
2025-06-12,Thursday,GRO-002,Nadu Rice 5kg,Grocery,1100,0%,151,26,125,28600.0,0
2025-06-12,Thursday,GRO-003,Mysore Dhal 1kg,Grocery,380,0%,72,29,43,11020.0,0
2025-06-12,Thursday,DAI-001,Anchor Milk Powder 400g,Dairy,1150,0%,213,27,186,31050.0,0
2025-06-12,Thursday,DAI-002,Kotmale Butter 200g,Dairy,750,0%,42,12,30,9000.0,0
2025-06-12,Thursday,SNA-001,Munchee Super Cream Cracker,Snacks,250,0%,213,41,172,10250.0,0
2025-06-12,Thursday,SNA-002,Maliban Lemon Puff,Snacks,300,0%,119,25,94,7500.0,0
2025-06-12,Thursday,PAN-001,Prima Wheat Flour 1kg,Pantry,220,0%,156,17,139,3740.0,0
2025-06-12,Thursday,PAN-002,Marina Coconut Oil 1L,Pantry,850,0%,97,22,75,18700.0,0
2025-06-12,Thursday,BEV-001,Coca Cola 1.5L,Beverages,450,0%,134,15,119,6750.0,0
2025-06-12,Thursday,PER-001,Signal Toothpaste 120g,Personal Care,230,0%,72,10,62,2300.0,0
2025-06-12,Thursday,PER-002,Lifebuoy Soap,Personal Care,150,0%,95,37,58,5550.0,0
2025-06-13,Friday,GRO-001,Keeri Samba 5kg,Grocery,1250,0%,79,23,56,28750.0,0
2025-06-13,Friday,GRO-002,Nadu Rice 5kg,Grocery,1100,10%,125,27,98,26730.0,0
2025-06-13,Friday,GRO-003,Mysore Dhal 1kg,Grocery,380,0%,43,21,22,7980.0,0
2025-06-13,Friday,DAI-001,Anchor Milk Powder 400g,Dairy,1150,0%,186,26,160,29900.0,0
2025-06-13,Friday,DAI-002,Kotmale Butter 200g,Dairy,750,10%,230,12,218,8100.0,0
2025-06-13,Friday,SNA-001,Munchee Super Cream Cracker,Snacks,250,0%,172,31,141,7750.0,0
2025-06-13,Friday,SNA-002,Maliban Lemon Puff,Snacks,300,0%,94,23,71,6900.0,0
2025-06-13,Friday,PAN-001,Prima Wheat Flour 1kg,Pantry,220,0%,139,25,114,5500.0,0
2025-06-13,Friday,PAN-002,Marina Coconut Oil 1L,Pantry,850,0%,75,16,59,13600.0,0
2025-06-13,Friday,BEV-001,Coca Cola 1.5L,Beverages,450,0%,119,18,101,8100.0,0
2025-06-13,Friday,PER-001,Signal Toothpaste 120g,Personal Care,230,10%,62,13,49,2691.0,0
2025-06-13,Friday,PER-002,Lifebuoy Soap,Personal Care,150,0%,58,45,13,6750.0,0
2025-06-14,Saturday,GRO-001,Keeri Samba 5kg,Grocery,1250,0%,56,21,35,26250.0,0
2025-06-14,Saturday,GRO-002,Nadu Rice 5kg,Grocery,1100,0%,98,28,70,30800.0,0
2025-06-14,Saturday,GRO-003,Mysore Dhal 1kg,Grocery,380,0%,222,42,180,15960.0,0
2025-06-14,Saturday,DAI-001,Anchor Milk Powder 400g,Dairy,1150,0%,160,29,131,33350.0,0
2025-06-14,Saturday,DAI-002,Kotmale Butter 200g,Dairy,750,0%,218,16,202,12000.0,0
2025-06-14,Saturday,SNA-001,Munchee Super Cream Cracker,Snacks,250,0%,141,53,88,13250.0,0
2025-06-14,Saturday,SNA-002,Maliban Lemon Puff,Snacks,300,0%,71,37,34,11100.0,0
2025-06-14,Saturday,PAN-001,Prima Wheat Flour 1kg,Pantry,220,0%,114,29,85,6380.0,0
2025-06-14,Saturday,PAN-002,Marina Coconut Oil 1L,Pantry,850,0%,59,25,34,21250.0,0
2025-06-14,Saturday,BEV-001,Coca Cola 1.5L,Beverages,450,0%,101,23,78,10350.0,0
2025-06-14,Saturday,PER-001,Signal Toothpaste 120g,Personal Care,230,0%,49,18,31,4140.0,0
2025-06-14,Saturday,PER-002,Lifebuoy Soap,Personal Care,150,0%,213,44,169,6600.0,0
2025-06-15,Sunday,GRO-001,Keeri Samba 5kg,Grocery,1250,0%,235,21,214,26250.0,0
2025-06-15,Sunday,GRO-002,Nadu Rice 5kg,Grocery,1100,0%,70,22,48,24200.0,0
2025-06-15,Sunday,GRO-003,Mysore Dhal 1kg,Grocery,380,0%,180,49,131,18620.0,0
2025-06-15,Sunday,DAI-001,Anchor Milk Powder 400g,Dairy,1150,0%,131,23,108,26450.0,0
2025-06-15,Sunday,DAI-002,Kotmale Butter 200g,Dairy,750,0%,202,18,184,13500.0,0
2025-06-15,Sunday,SNA-001,Munchee Super Cream Cracker,Snacks,250,0%,88,51,37,12750.0,0
2025-06-15,Sunday,SNA-002,Maliban Lemon Puff,Snacks,300,0%,234,42,192,12600.0,0
2025-06-15,Sunday,PAN-001,Prima Wheat Flour 1kg,Pantry,220,0%,85,32,53,7040.0,0
2025-06-15,Sunday,PAN-002,Marina Coconut Oil 1L,Pantry,850,0%,234,28,206,23800.0,0
2025-06-15,Sunday,BEV-001,Coca Cola 1.5L,Beverages,450,0%,78,18,60,8100.0,0
2025-06-15,Sunday,PER-001,Signal Toothpaste 120g,Personal Care,230,0%,231,25,206,5750.0,0
2025-06-15,Sunday,PER-002,Lifebuoy Soap,Personal Care,150,0%,169,37,132,5550.0,0
2025-06-16,Monday,GRO-001,Keeri Samba 5kg,Grocery,1250,0%,214,13,201,16250.0,0
2025-06-16,Monday,GRO-002,Nadu Rice 5kg,Grocery,1100,0%,48,19,29,20900.0,0
2025-06-16,Monday,GRO-003,Mysore Dhal 1kg,Grocery,380,0%,131,33,98,12540.0,0
2025-06-16,Monday,DAI-001,Anchor Milk Powder 400g,Dairy,1150,0%,108,18,90,20700.0,0
2025-06-16,Monday,DAI-002,Kotmale Butter 200g,Dairy,750,0%,184,11,173,8250.0,0
2025-06-16,Monday,SNA-001,Munchee Super Cream Cracker,Snacks,250,0%,237,23,214,5750.0,0
2025-06-16,Monday,SNA-002,Maliban Lemon Puff,Snacks,300,0%,192,17,175,5100.0,0
2025-06-16,Monday,PAN-001,Prima Wheat Flour 1kg,Pantry,220,0%,53,16,37,3520.0,0
2025-06-16,Monday,PAN-002,Marina Coconut Oil 1L,Pantry,850,0%,206,27,179,22950.0,0
2025-06-16,Monday,BEV-001,Coca Cola 1.5L,Beverages,450,0%,60,23,37,10350.0,0
2025-06-16,Monday,PER-001,Signal Toothpaste 120g,Personal Care,230,0%,206,18,188,4140.0,0
2025-06-16,Monday,PER-002,Lifebuoy Soap,Personal Care,150,0%,132,24,108,3600.0,0
2025-06-17,Tuesday,GRO-001,Keeri Samba 5kg,Grocery,1250,0%,201,10,191,12500.0,0
2025-06-17,Tuesday,GRO-002,Nadu Rice 5kg,Grocery,1100,0%,229,12,217,13200.0,0
2025-06-17,Tuesday,GRO-003,Mysore Dhal 1kg,Grocery,380,0%,98,28,70,10640.0,0
2025-06-17,Tuesday,DAI-001,Anchor Milk Powder 400g,Dairy,1150,0%,90,23,67,26450.0,0
2025-06-17,Tuesday,DAI-002,Kotmale Butter 200g,Dairy,750,0%,173,13,160,9750.0,0
2025-06-17,Tuesday,SNA-001,Munchee Super Cream Cracker,Snacks,250,0%,214,41,173,10250.0,0
2025-06-17,Tuesday,SNA-002,Maliban Lemon Puff,Snacks,300,0%,175,22,153,6600.0,0
2025-06-17,Tuesday,PAN-001,Prima Wheat Flour 1kg,Pantry,220,0%,237,18,219,3960.0,0
2025-06-17,Tuesday,PAN-002,Marina Coconut Oil 1L,Pantry,850,0%,179,15,164,12750.0,0
2025-06-17,Tuesday,BEV-001,Coca Cola 1.5L,Beverages,450,0%,237,18,219,8100.0,0
2025-06-17,Tuesday,PER-001,Signal Toothpaste 120g,Personal Care,230,10%,188,12,176,2484.0,0
2025-06-17,Tuesday,PER-002,Lifebuoy Soap,Personal Care,150,0%,108,34,74,5100.0,0
2025-06-18,Wednesday,GRO-001,Keeri Samba 5kg,Grocery,1250,0%,191,15,176,18750.0,0
2025-06-18,Wednesday,GRO-002,Nadu Rice 5kg,Grocery,1100,0%,217,19,198,20900.0,0
2025-06-18,Wednesday,GRO-003,Mysore Dhal 1kg,Grocery,380,0%,70,36,34,13680.0,0
2025-06-18,Wednesday,DAI-001,Anchor Milk Powder 400g,Dairy,1150,0%,67,25,42,28750.0,0
2025-06-18,Wednesday,DAI-002,Kotmale Butter 200g,Dairy,750,0%,160,14,146,10500.0,0
2025-06-18,Wednesday,SNA-001,Munchee Super Cream Cracker,Snacks,250,0%,173,34,139,8500.0,0
2025-06-18,Wednesday,SNA-002,Maliban Lemon Puff,Snacks,300,10%,153,24,129,6480.0,0
2025-06-18,Wednesday,PAN-001,Prima Wheat Flour 1kg,Pantry,220,10%,219,21,198,4158.0,0
2025-06-18,Wednesday,PAN-002,Marina Coconut Oil 1L,Pantry,850,0%,164,16,148,13600.0,0
2025-06-18,Wednesday,BEV-001,Coca Cola 1.5L,Beverages,450,0%,219,18,201,8100.0,0
2025-06-18,Wednesday,PER-001,Signal Toothpaste 120g,Personal Care,230,0%,176,13,163,2990.0,0
2025-06-18,Wednesday,PER-002,Lifebuoy Soap,Personal Care,150,0%,74,38,36,5700.0,0
2025-06-19,Thursday,GRO-001,Keeri Samba 5kg,Grocery,1250,0%,176,13,163,16250.0,0
2025-06-19,Thursday,GRO-002,Nadu Rice 5kg,Grocery,1100,0%,198,16,182,17600.0,0
2025-06-19,Thursday,GRO-003,Mysore Dhal 1kg,Grocery,380,10%,234,24,210,8208.0,0
2025-06-19,Thursday,DAI-001,Anchor Milk Powder 400g,Dairy,1150,0%,42,22,20,25300.0,0
2025-06-19,Thursday,DAI-002,Kotmale Butter 200g,Dairy,750,0%,146,12,134,9000.0,0
2025-06-19,Thursday,SNA-001,Munchee Super Cream Cracker,Snacks,250,0%,139,44,95,11000.0,0
2025-06-19,Thursday,SNA-002,Maliban Lemon Puff,Snacks,300,10%,129,32,97,8640.0,0
2025-06-19,Thursday,PAN-001,Prima Wheat Flour 1kg,Pantry,220,0%,198,10,188,2200.0,0
2025-06-19,Thursday,PAN-002,Marina Coconut Oil 1L,Pantry,850,0%,148,16,132,13600.0,0
2025-06-19,Thursday,BEV-001,Coca Cola 1.5L,Beverages,450,10%,201,18,183,7290.0,0
2025-06-19,Thursday,PER-001,Signal Toothpaste 120g,Personal Care,230,0%,163,11,152,2530.0,0
2025-06-19,Thursday,PER-002,Lifebuoy Soap,Personal Care,150,0%,236,27,209,4050.0,0
2025-06-20,Friday,GRO-001,Keeri Samba 5kg,Grocery,1250,0%,163,17,146,21250.0,0
2025-06-20,Friday,GRO-002,Nadu Rice 5kg,Grocery,1100,0%,182,15,167,16500.0,0
2025-06-20,Friday,GRO-003,Mysore Dhal 1kg,Grocery,380,0%,210,21,189,7980.0,0
2025-06-20,Friday,DAI-001,Anchor Milk Powder 400g,Dairy,1150,0%,220,18,202,20700.0,0
2025-06-20,Friday,DAI-002,Kotmale Butter 200g,Dairy,750,0%,134,10,124,7500.0,0
2025-06-20,Friday,SNA-001,Munchee Super Cream Cracker,Snacks,250,0%,95,33,62,8250.0,0
2025-06-20,Friday,SNA-002,Maliban Lemon Puff,Snacks,300,0%,97,32,65,9600.0,0
2025-06-20,Friday,PAN-001,Prima Wheat Flour 1kg,Pantry,220,0%,188,19,169,4180.0,0
2025-06-20,Friday,PAN-002,Marina Coconut Oil 1L,Pantry,850,0%,132,20,112,17000.0,0
2025-06-20,Friday,BEV-001,Coca Cola 1.5L,Beverages,450,10%,183,14,169,5670.0,0
2025-06-20,Friday,PER-001,Signal Toothpaste 120g,Personal Care,230,0%,152,15,137,3450.0,0
2025-06-20,Friday,PER-002,Lifebuoy Soap,Personal Care,150,0%,209,29,180,4350.0,0
2025-06-21,Saturday,GRO-001,Keeri Samba 5kg,Grocery,1250,0%,146,12,134,15000.0,0
2025-06-21,Saturday,GRO-002,Nadu Rice 5kg,Grocery,1100,10%,167,16,151,15840.0,0
2025-06-21,Saturday,GRO-003,Mysore Dhal 1kg,Grocery,380,0%,189,44,145,16720.0,0
2025-06-21,Saturday,DAI-001,Anchor Milk Powder 400g,Dairy,1150,10%,202,29,173,30015.0,0
2025-06-21,Saturday,DAI-002,Kotmale Butter 200g,Dairy,750,0%,124,19,105,14250.0,0
2025-06-21,Saturday,SNA-001,Munchee Super Cream Cracker,Snacks,250,0%,62,53,9,13250.0,0
2025-06-21,Saturday,SNA-002,Maliban Lemon Puff,Snacks,300,10%,65,35,30,9450.0,0
2025-06-21,Saturday,PAN-001,Prima Wheat Flour 1kg,Pantry,220,0%,169,23,146,5060.0,0
2025-06-21,Saturday,PAN-002,Marina Coconut Oil 1L,Pantry,850,0%,112,16,96,13600.0,0
2025-06-21,Saturday,BEV-001,Coca Cola 1.5L,Beverages,450,0%,169,26,143,11700.0,0
2025-06-21,Saturday,PER-001,Signal Toothpaste 120g,Personal Care,230,10%,137,30,107,6210.0,0
2025-06-21,Saturday,PER-002,Lifebuoy Soap,Personal Care,150,0%,180,42,138,6300.0,0
2025-06-22,Sunday,GRO-001,Keeri Samba 5kg,Grocery,1250,0%,134,28,106,35000.0,0
2025-06-22,Sunday,GRO-002,Nadu Rice 5kg,Grocery,1100,0%,151,19,132,20900.0,0
2025-06-22,Sunday,GRO-003,Mysore Dhal 1kg,Grocery,380,0%,145,50,95,19000.0,0
2025-06-22,Sunday,DAI-001,Anchor Milk Powder 400g,Dairy,1150,0%,173,49,124,56350.0,0
2025-06-22,Sunday,DAI-002,Kotmale Butter 200g,Dairy,750,0%,105,11,94,8250.0,0
2025-06-22,Sunday,SNA-001,Munchee Super Cream Cracker,Snacks,250,0%,209,39,170,9750.0,0
2025-06-22,Sunday,SNA-002,Maliban Lemon Puff,Snacks,300,0%,230,37,193,11100.0,0
2025-06-22,Sunday,PAN-001,Prima Wheat Flour 1kg,Pantry,220,0%,146,21,125,4620.0,0
2025-06-22,Sunday,PAN-002,Marina Coconut Oil 1L,Pantry,850,0%,96,14,82,11900.0,0
2025-06-22,Sunday,BEV-001,Coca Cola 1.5L,Beverages,450,0%,143,25,118,11250.0,0
2025-06-22,Sunday,PER-001,Signal Toothpaste 120g,Personal Care,230,0%,107,21,86,4830.0,0
2025-06-22,Sunday,PER-002,Lifebuoy Soap,Personal Care,150,10%,138,50,88,6750.0,0
2025-06-23,Monday,GRO-001,Keeri Samba 5kg,Grocery,1250,0%,106,10,96,12500.0,0
2025-06-23,Monday,GRO-002,Nadu Rice 5kg,Grocery,1100,0%,132,18,114,19800.0,0
2025-06-23,Monday,GRO-003,Mysore Dhal 1kg,Grocery,380,0%,95,25,70,9500.0,0
2025-06-23,Monday,DAI-001,Anchor Milk Powder 400g,Dairy,1150,10%,124,18,106,18630.0,0
2025-06-23,Monday,DAI-002,Kotmale Butter 200g,Dairy,750,0%,94,13,81,9750.0,0
2025-06-23,Monday,SNA-001,Munchee Super Cream Cracker,Snacks,250,0%,170,29,141,7250.0,0
2025-06-23,Monday,SNA-002,Maliban Lemon Puff,Snacks,300,0%,193,27,166,8100.0,0
2025-06-23,Monday,PAN-001,Prima Wheat Flour 1kg,Pantry,220,0%,125,21,104,4620.0,0
2025-06-23,Monday,PAN-002,Marina Coconut Oil 1L,Pantry,850,0%,82,13,69,11050.0,0
2025-06-23,Monday,BEV-001,Coca Cola 1.5L,Beverages,450,0%,118,22,96,9900.0,0
2025-06-23,Monday,PER-001,Signal Toothpaste 120g,Personal Care,230,0%,86,10,76,2300.0,0
2025-06-23,Monday,PER-002,Lifebuoy Soap,Personal Care,150,0%,88,39,49,5850.0,0
2025-06-24,Tuesday,GRO-001,Keeri Samba 5kg,Grocery,1250,0%,96,14,82,17500.0,0
2025-06-24,Tuesday,GRO-002,Nadu Rice 5kg,Grocery,1100,0%,114,23,91,25300.0,0
2025-06-24,Tuesday,GRO-003,Mysore Dhal 1kg,Grocery,380,0%,70,34,36,12920.0,0
2025-06-24,Tuesday,DAI-001,Anchor Milk Powder 400g,Dairy,1150,0%,106,30,76,34500.0,0
2025-06-24,Tuesday,DAI-002,Kotmale Butter 200g,Dairy,750,0%,81,15,66,11250.0,0
2025-06-24,Tuesday,SNA-001,Munchee Super Cream Cracker,Snacks,250,0%,141,25,116,6250.0,0
2025-06-24,Tuesday,SNA-002,Maliban Lemon Puff,Snacks,300,0%,166,29,137,8700.0,0
2025-06-24,Tuesday,PAN-001,Prima Wheat Flour 1kg,Pantry,220,0%,104,24,80,5280.0,0
2025-06-24,Tuesday,PAN-002,Marina Coconut Oil 1L,Pantry,850,10%,69,16,53,12240.0,0
2025-06-24,Tuesday,BEV-001,Coca Cola 1.5L,Beverages,450,10%,96,14,82,5670.0,0
2025-06-24,Tuesday,PER-001,Signal Toothpaste 120g,Personal Care,230,0%,76,17,59,3910.0,0
2025-06-24,Tuesday,PER-002,Lifebuoy Soap,Personal Care,150,0%,49,27,22,4050.0,0
2025-06-25,Wednesday,GRO-001,Keeri Samba 5kg,Grocery,1250,0%,82,12,70,15000.0,0
2025-06-25,Wednesday,GRO-002,Nadu Rice 5kg,Grocery,1100,0%,91,25,66,27500.0,0
2025-06-25,Wednesday,GRO-003,Mysore Dhal 1kg,Grocery,380,0%,236,24,212,9120.0,0
2025-06-25,Wednesday,DAI-001,Anchor Milk Powder 400g,Dairy,1150,0%,76,28,48,32200.0,0
2025-06-25,Wednesday,DAI-002,Kotmale Butter 200g,Dairy,750,0%,66,11,55,8250.0,0
2025-06-25,Wednesday,SNA-001,Munchee Super Cream Cracker,Snacks,250,0%,116,32,84,8000.0,0
2025-06-25,Wednesday,SNA-002,Maliban Lemon Puff,Snacks,300,0%,137,29,108,8700.0,0
2025-06-25,Wednesday,PAN-001,Prima Wheat Flour 1kg,Pantry,220,0%,80,21,59,4620.0,0
2025-06-25,Wednesday,PAN-002,Marina Coconut Oil 1L,Pantry,850,0%,53,15,38,12750.0,0
2025-06-25,Wednesday,BEV-001,Coca Cola 1.5L,Beverages,450,0%,82,21,61,9450.0,0
2025-06-25,Wednesday,PER-001,Signal Toothpaste 120g,Personal Care,230,0%,59,12,47,2760.0,0
2025-06-25,Wednesday,PER-002,Lifebuoy Soap,Personal Care,150,0%,222,35,187,5250.0,0
2025-06-26,Thursday,GRO-001,Keeri Samba 5kg,Grocery,1250,10%,70,16,54,18000.0,0
2025-06-26,Thursday,GRO-002,Nadu Rice 5kg,Grocery,1100,10%,66,24,42,23760.0,0
2025-06-26,Thursday,GRO-003,Mysore Dhal 1kg,Grocery,380,10%,212,23,189,7866.0,0
2025-06-26,Thursday,DAI-001,Anchor Milk Powder 400g,Dairy,1150,0%,48,27,21,31050.0,0
2025-06-26,Thursday,DAI-002,Kotmale Butter 200g,Dairy,750,0%,55,11,44,8250.0,0
2025-06-26,Thursday,SNA-001,Munchee Super Cream Cracker,Snacks,250,0%,84,26,58,6500.0,0
2025-06-26,Thursday,SNA-002,Maliban Lemon Puff,Snacks,300,0%,108,18,90,5400.0,0
2025-06-26,Thursday,PAN-001,Prima Wheat Flour 1kg,Pantry,220,0%,59,26,33,5720.0,0
2025-06-26,Thursday,PAN-002,Marina Coconut Oil 1L,Pantry,850,0%,238,14,224,11900.0,0
2025-06-26,Thursday,BEV-001,Coca Cola 1.5L,Beverages,450,0%,61,20,41,9000.0,0
2025-06-26,Thursday,PER-001,Signal Toothpaste 120g,Personal Care,230,0%,47,16,31,3680.0,0
2025-06-26,Thursday,PER-002,Lifebuoy Soap,Personal Care,150,0%,187,38,149,5700.0,0
2025-06-27,Friday,GRO-001,Keeri Samba 5kg,Grocery,1250,0%,54,15,39,18750.0,0
2025-06-27,Friday,GRO-002,Nadu Rice 5kg,Grocery,1100,10%,42,22,20,21780.0,0
2025-06-27,Friday,GRO-003,Mysore Dhal 1kg,Grocery,380,0%,189,23,166,8740.0,0
2025-06-27,Friday,DAI-001,Anchor Milk Powder 400g,Dairy,1150,0%,221,34,187,39100.0,0
2025-06-27,Friday,DAI-002,Kotmale Butter 200g,Dairy,750,0%,44,13,31,9750.0,0
2025-06-27,Friday,SNA-001,Munchee Super Cream Cracker,Snacks,250,10%,58,27,31,6075.0,0
2025-06-27,Friday,SNA-002,Maliban Lemon Puff,Snacks,300,0%,90,15,75,4500.0,0
2025-06-27,Friday,PAN-001,Prima Wheat Flour 1kg,Pantry,220,0%,233,18,215,3960.0,0
2025-06-27,Friday,PAN-002,Marina Coconut Oil 1L,Pantry,850,0%,224,23,201,19550.0,0
2025-06-27,Friday,BEV-001,Coca Cola 1.5L,Beverages,450,10%,41,22,19,8910.0,0
2025-06-27,Friday,PER-001,Signal Toothpaste 120g,Personal Care,230,0%,231,14,217,3220.0,0
2025-06-27,Friday,PER-002,Lifebuoy Soap,Personal Care,150,0%,149,29,120,4350.0,0
2025-06-28,Saturday,GRO-001,Keeri Samba 5kg,Grocery,1250,0%,239,23,216,28750.0,0
2025-06-28,Saturday,GRO-002,Nadu Rice 5kg,Grocery,1100,0%,220,30,190,33000.0,0
2025-06-28,Saturday,GRO-003,Mysore Dhal 1kg,Grocery,380,0%,166,43,123,16340.0,0
2025-06-28,Saturday,DAI-001,Anchor Milk Powder 400g,Dairy,1150,0%,187,36,151,41400.0,0
2025-06-28,Saturday,DAI-002,Kotmale Butter 200g,Dairy,750,0%,231,12,219,9000.0,0
2025-06-28,Saturday,SNA-001,Munchee Super Cream Cracker,Snacks,250,0%,231,43,188,10750.0,0
2025-06-28,Saturday,SNA-002,Maliban Lemon Puff,Snacks,300,0%,75,37,38,11100.0,0
2025-06-28,Saturday,PAN-001,Prima Wheat Flour 1kg,Pantry,220,0%,215,23,192,5060.0,0
2025-06-28,Saturday,PAN-002,Marina Coconut Oil 1L,Pantry,850,0%,201,22,179,18700.0,0
2025-06-28,Saturday,BEV-001,Coca Cola 1.5L,Beverages,450,0%,219,23,196,10350.0,0
2025-06-28,Saturday,PER-001,Signal Toothpaste 120g,Personal Care,230,0%,217,15,202,3450.0,0
2025-06-28,Saturday,PER-002,Lifebuoy Soap,Personal Care,150,10%,120,42,78,5670.0,0
2025-06-29,Sunday,GRO-001,Keeri Samba 5kg,Grocery,1250,0%,216,19,197,23750.0,0
2025-06-29,Sunday,GRO-002,Nadu Rice 5kg,Grocery,1100,0%,190,35,155,38500.0,0
2025-06-29,Sunday,GRO-003,Mysore Dhal 1kg,Grocery,380,0%,123,37,86,14060.0,0
2025-06-29,Sunday,DAI-001,Anchor Milk Powder 400g,Dairy,1150,10%,151,37,114,38295.0,0
2025-06-29,Sunday,DAI-002,Kotmale Butter 200g,Dairy,750,0%,219,12,207,9000.0,0
2025-06-29,Sunday,SNA-001,Munchee Super Cream Cracker,Snacks,250,0%,188,47,141,11750.0,0
2025-06-29,Sunday,SNA-002,Maliban Lemon Puff,Snacks,300,0%,238,40,198,12000.0,0
2025-06-29,Sunday,PAN-001,Prima Wheat Flour 1kg,Pantry,220,0%,192,33,159,7260.0,0
2025-06-29,Sunday,PAN-002,Marina Coconut Oil 1L,Pantry,850,0%,179,28,151,23800.0,0
2025-06-29,Sunday,BEV-001,Coca Cola 1.5L,Beverages,450,0%,196,18,178,8100.0,0
2025-06-29,Sunday,PER-001,Signal Toothpaste 120g,Personal Care,230,0%,202,26,176,5980.0,0
2025-06-29,Sunday,PER-002,Lifebuoy Soap,Personal Care,150,0%,78,36,42,5400.0,0
2025-06-30,Monday,GRO-001,Keeri Samba 5kg,Grocery,1250,0%,197,15,182,18750.0,0
2025-06-30,Monday,GRO-002,Nadu Rice 5kg,Grocery,1100,0%,155,19,136,20900.0,0
2025-06-30,Monday,GRO-003,Mysore Dhal 1kg,Grocery,380,0%,86,21,65,7980.0,0
2025-06-30,Monday,DAI-001,Anchor Milk Powder 400g,Dairy,1150,0%,114,28,86,32200.0,0
2025-06-30,Monday,DAI-002,Kotmale Butter 200g,Dairy,750,0%,207,15,192,11250.0,0
2025-06-30,Monday,SNA-001,Munchee Super Cream Cracker,Snacks,250,10%,141,34,107,7650.0,0
2025-06-30,Monday,SNA-002,Maliban Lemon Puff,Snacks,300,10%,198,28,170,7560.0,0
2025-06-30,Monday,PAN-001,Prima Wheat Flour 1kg,Pantry,220,0%,159,18,141,3960.0,0
2025-06-30,Monday,PAN-002,Marina Coconut Oil 1L,Pantry,850,10%,151,23,128,17595.0,0
2025-06-30,Monday,BEV-001,Coca Cola 1.5L,Beverages,450,0%,178,22,156,9900.0,0
2025-06-30,Monday,PER-001,Signal Toothpaste 120g,Personal Care,230,0%,176,19,157,4370.0,0
2025-06-30,Monday,PER-002,Lifebuoy Soap,Personal Care,150,0%,42,33,9,4950.0,0
2025-07-01,Tuesday,GRO-001,Keeri Samba 5kg,Grocery,1250,0%,182,16,166,20000.0,0
2025-07-01,Tuesday,GRO-002,Nadu Rice 5kg,Grocery,1100,0%,136,23,113,25300.0,0
2025-07-01,Tuesday,GRO-003,Mysore Dhal 1kg,Grocery,380,0%,65,23,42,8740.0,0
2025-07-01,Tuesday,DAI-001,Anchor Milk Powder 400g,Dairy,1150,0%,86,27,59,31050.0,0
2025-07-01,Tuesday,DAI-002,Kotmale Butter 200g,Dairy,750,0%,192,16,176,12000.0,0
2025-07-01,Tuesday,SNA-001,Munchee Super Cream Cracker,Snacks,250,0%,107,37,70,9250.0,0
2025-07-01,Tuesday,SNA-002,Maliban Lemon Puff,Snacks,300,0%,170,27,143,8100.0,0
2025-07-01,Tuesday,PAN-001,Prima Wheat Flour 1kg,Pantry,220,0%,141,22,119,4840.0,0
2025-07-01,Tuesday,PAN-002,Marina Coconut Oil 1L,Pantry,850,0%,128,18,110,15300.0,0
2025-07-01,Tuesday,BEV-001,Coca Cola 1.5L,Beverages,450,0%,156,17,139,7650.0,0
2025-07-01,Tuesday,PER-001,Signal Toothpaste 120g,Personal Care,230,0%,157,12,145,2760.0,0
2025-07-01,Tuesday,PER-002,Lifebuoy Soap,Personal Care,150,10%,209,23,186,3105.0,0
2025-07-02,Wednesday,GRO-001,Keeri Samba 5kg,Grocery,1250,10%,166,12,154,13500.0,0
2025-07-02,Wednesday,GRO-002,Nadu Rice 5kg,Grocery,1100,0%,113,19,94,20900.0,0
2025-07-02,Wednesday,GRO-003,Mysore Dhal 1kg,Grocery,380,0%,42,32,10,12160.0,0
2025-07-02,Wednesday,DAI-001,Anchor Milk Powder 400g,Dairy,1150,0%,59,21,38,24150.0,0
2025-07-02,Wednesday,DAI-002,Kotmale Butter 200g,Dairy,750,0%,176,13,163,9750.0,0
2025-07-02,Wednesday,SNA-001,Munchee Super Cream Cracker,Snacks,250,0%,70,40,30,10000.0,0
2025-07-02,Wednesday,SNA-002,Maliban Lemon Puff,Snacks,300,0%,143,22,121,6600.0,0
2025-07-02,Wednesday,PAN-001,Prima Wheat Flour 1kg,Pantry,220,0%,119,32,87,7040.0,0
2025-07-02,Wednesday,PAN-002,Marina Coconut Oil 1L,Pantry,850,0%,110,18,92,15300.0,0
2025-07-02,Wednesday,BEV-001,Coca Cola 1.5L,Beverages,450,0%,139,15,124,6750.0,0
2025-07-02,Wednesday,PER-001,Signal Toothpaste 120g,Personal Care,230,0%,145,17,128,3910.0,0
2025-07-02,Wednesday,PER-002,Lifebuoy Soap,Personal Care,150,10%,186,36,150,4860.0,0
2025-07-03,Thursday,GRO-001,Keeri Samba 5kg,Grocery,1250,0%,154,17,137,21250.0,0
2025-07-03,Thursday,GRO-002,Nadu Rice 5kg,Grocery,1100,10%,94,19,75,18810.0,0
2025-07-03,Thursday,GRO-003,Mysore Dhal 1kg,Grocery,380,0%,210,28,182,10640.0,0
2025-07-03,Thursday,DAI-001,Anchor Milk Powder 400g,Dairy,1150,0%,238,21,217,24150.0,0
2025-07-03,Thursday,DAI-002,Kotmale Butter 200g,Dairy,750,0%,163,10,153,7500.0,0
2025-07-03,Thursday,SNA-001,Munchee Super Cream Cracker,Snacks,250,10%,230,44,186,9900.0,0
2025-07-03,Thursday,SNA-002,Maliban Lemon Puff,Snacks,300,0%,121,33,88,9900.0,0
2025-07-03,Thursday,PAN-001,Prima Wheat Flour 1kg,Pantry,220,0%,87,20,67,4400.0,0
2025-07-03,Thursday,PAN-002,Marina Coconut Oil 1L,Pantry,850,0%,92,24,68,20400.0,0
2025-07-03,Thursday,BEV-001,Coca Cola 1.5L,Beverages,450,0%,124,14,110,6300.0,0
2025-07-03,Thursday,PER-001,Signal Toothpaste 120g,Personal Care,230,0%,128,12,116,2760.0,0
2025-07-03,Thursday,PER-002,Lifebuoy Soap,Personal Care,150,10%,150,21,129,2835.0,0
2025-07-04,Friday,GRO-001,Keeri Samba 5kg,Grocery,1250,0%,137,17,120,21250.0,0
2025-07-04,Friday,GRO-002,Nadu Rice 5kg,Grocery,1100,10%,75,24,51,23760.0,0
2025-07-04,Friday,GRO-003,Mysore Dhal 1kg,Grocery,380,0%,182,26,156,9880.0,0
2025-07-04,Friday,DAI-001,Anchor Milk Powder 400g,Dairy,1150,10%,217,32,185,33120.0,0
2025-07-04,Friday,DAI-002,Kotmale Butter 200g,Dairy,750,0%,153,14,139,10500.0,0
2025-07-04,Friday,SNA-001,Munchee Super Cream Cracker,Snacks,250,0%,186,29,157,7250.0,0
2025-07-04,Friday,SNA-002,Maliban Lemon Puff,Snacks,300,0%,88,25,63,7500.0,0
2025-07-04,Friday,PAN-001,Prima Wheat Flour 1kg,Pantry,220,0%,67,26,41,5720.0,0
2025-07-04,Friday,PAN-002,Marina Coconut Oil 1L,Pantry,850,0%,68,15,53,12750.0,0
2025-07-04,Friday,BEV-001,Coca Cola 1.5L,Beverages,450,0%,110,25,85,11250.0,0
2025-07-04,Friday,PER-001,Signal Toothpaste 120g,Personal Care,230,0%,116,17,99,3910.0,0
2025-07-04,Friday,PER-002,Lifebuoy Soap,Personal Care,150,0%,129,33,96,4950.0,0
2025-07-05,Saturday,GRO-001,Keeri Samba 5kg,Grocery,1250,0%,120,18,102,22500.0,0
2025-07-05,Saturday,GRO-002,Nadu Rice 5kg,Grocery,1100,0%,51,19,32,20900.0,0
2025-07-05,Saturday,GRO-003,Mysore Dhal 1kg,Grocery,380,0%,156,43,113,16340.0,0
2025-07-05,Saturday,DAI-001,Anchor Milk Powder 400g,Dairy,1150,10%,185,46,139,47610.0,0
2025-07-05,Saturday,DAI-002,Kotmale Butter 200g,Dairy,750,0%,139,16,123,12000.0,0
2025-07-05,Saturday,SNA-001,Munchee Super Cream Cracker,Snacks,250,0%,157,56,101,14000.0,0
2025-07-05,Saturday,SNA-002,Maliban Lemon Puff,Snacks,300,10%,63,42,21,11340.0,0
2025-07-05,Saturday,PAN-001,Prima Wheat Flour 1kg,Pantry,220,10%,41,25,16,4950.0,0
2025-07-05,Saturday,PAN-002,Marina Coconut Oil 1L,Pantry,850,0%,53,32,21,27200.0,0
2025-07-05,Saturday,BEV-001,Coca Cola 1.5L,Beverages,450,0%,85,15,70,6750.0,0
2025-07-05,Saturday,PER-001,Signal Toothpaste 120g,Personal Care,230,0%,99,28,71,6440.0,0
2025-07-05,Saturday,PER-002,Lifebuoy Soap,Personal Care,150,0%,96,37,59,5550.0,0
2025-07-06,Sunday,GRO-001,Keeri Samba 5kg,Grocery,1250,0%,102,18,84,22500.0,0
2025-07-06,Sunday,GRO-002,Nadu Rice 5kg,Grocery,1100,0%,232,23,209,25300.0,0
2025-07-06,Sunday,GRO-003,Mysore Dhal 1kg,Grocery,380,0%,113,44,69,16720.0,0
2025-07-06,Sunday,DAI-001,Anchor Milk Powder 400g,Dairy,1150,0%,139,30,109,34500.0,0
2025-07-06,Sunday,DAI-002,Kotmale Butter 200g,Dairy,750,0%,123,9,114,6750.0,0
2025-07-06,Sunday,SNA-001,Munchee Super Cream Cracker,Snacks,250,0%,101,36,65,9000.0,0
2025-07-06,Sunday,SNA-002,Maliban Lemon Puff,Snacks,300,0%,221,37,184,11100.0,0
2025-07-06,Sunday,PAN-001,Prima Wheat Flour 1kg,Pantry,220,0%,216,37,179,8140.0,0
2025-07-06,Sunday,PAN-002,Marina Coconut Oil 1L,Pantry,850,0%,221,37,184,31450.0,0
2025-07-06,Sunday,BEV-001,Coca Cola 1.5L,Beverages,450,0%,70,25,45,11250.0,0
2025-07-06,Sunday,PER-001,Signal Toothpaste 120g,Personal Care,230,0%,71,18,53,4140.0,0
2025-07-06,Sunday,PER-002,Lifebuoy Soap,Personal Care,150,0%,59,44,15,6600.0,0
2025-07-07,Monday,GRO-001,Keeri Samba 5kg,Grocery,1250,0%,84,14,70,17500.0,0
2025-07-07,Monday,GRO-002,Nadu Rice 5kg,Grocery,1100,0%,209,16,193,17600.0,0
2025-07-07,Monday,GRO-003,Mysore Dhal 1kg,Grocery,380,0%,69,26,43,9880.0,0
2025-07-07,Monday,DAI-001,Anchor Milk Powder 400g,Dairy,1150,0%,109,21,88,24150.0,0
2025-07-07,Monday,DAI-002,Kotmale Butter 200g,Dairy,750,0%,114,15,99,11250.0,0
2025-07-07,Monday,SNA-001,Munchee Super Cream Cracker,Snacks,250,0%,65,31,34,7750.0,0
2025-07-07,Monday,SNA-002,Maliban Lemon Puff,Snacks,300,0%,184,37,147,11100.0,0
2025-07-07,Monday,PAN-001,Prima Wheat Flour 1kg,Pantry,220,0%,179,17,162,3740.0,0
2025-07-07,Monday,PAN-002,Marina Coconut Oil 1L,Pantry,850,0%,184,20,164,17000.0,0
2025-07-07,Monday,BEV-001,Coca Cola 1.5L,Beverages,450,0%,45,18,27,8100.0,0
2025-07-07,Monday,PER-001,Signal Toothpaste 120g,Personal Care,230,0%,53,12,41,2760.0,0
2025-07-07,Monday,PER-002,Lifebuoy Soap,Personal Care,150,10%,215,28,187,3780.0,0
2025-07-08,Tuesday,GRO-001,Keeri Samba 5kg,Grocery,1250,0%,70,9,61,11250.0,0
2025-07-08,Tuesday,GRO-002,Nadu Rice 5kg,Grocery,1100,0%,193,16,177,17600.0,0
2025-07-08,Tuesday,GRO-003,Mysore Dhal 1kg,Grocery,380,0%,43,30,13,11400.0,0
2025-07-08,Tuesday,DAI-001,Anchor Milk Powder 400g,Dairy,1150,10%,88,30,58,31050.0,0
2025-07-08,Tuesday,DAI-002,Kotmale Butter 200g,Dairy,750,0%,99,10,89,7500.0,0
2025-07-08,Tuesday,SNA-001,Munchee Super Cream Cracker,Snacks,250,0%,234,42,192,10500.0,0
2025-07-08,Tuesday,SNA-002,Maliban Lemon Puff,Snacks,300,0%,147,39,108,11700.0,0
2025-07-08,Tuesday,PAN-001,Prima Wheat Flour 1kg,Pantry,220,0%,162,19,143,4180.0,0
2025-07-08,Tuesday,PAN-002,Marina Coconut Oil 1L,Pantry,850,10%,164,14,150,10710.0,0
2025-07-08,Tuesday,BEV-001,Coca Cola 1.5L,Beverages,450,10%,227,18,209,7290.0,0
2025-07-08,Tuesday,PER-001,Signal Toothpaste 120g,Personal Care,230,0%,41,16,25,3680.0,0
2025-07-08,Tuesday,PER-002,Lifebuoy Soap,Personal Care,150,0%,187,27,160,4050.0,0
2025-07-09,Wednesday,GRO-001,Keeri Samba 5kg,Grocery,1250,0%,61,18,43,22500.0,0
2025-07-09,Wednesday,GRO-002,Nadu Rice 5kg,Grocery,1100,0%,177,28,149,30800.0,0
2025-07-09,Wednesday,GRO-003,Mysore Dhal 1kg,Grocery,380,0%,213,28,185,10640.0,0
2025-07-09,Wednesday,DAI-001,Anchor Milk Powder 400g,Dairy,1150,0%,58,17,41,19550.0,0
2025-07-09,Wednesday,DAI-002,Kotmale Butter 200g,Dairy,750,0%,89,12,77,9000.0,0
2025-07-09,Wednesday,SNA-001,Munchee Super Cream Cracker,Snacks,250,10%,192,40,152,9000.0,0
2025-07-09,Wednesday,SNA-002,Maliban Lemon Puff,Snacks,300,10%,108,31,77,8370.0,0
2025-07-09,Wednesday,PAN-001,Prima Wheat Flour 1kg,Pantry,220,0%,143,21,122,4620.0,0
2025-07-09,Wednesday,PAN-002,Marina Coconut Oil 1L,Pantry,850,0%,150,15,135,12750.0,0
2025-07-09,Wednesday,BEV-001,Coca Cola 1.5L,Beverages,450,10%,209,21,188,8505.0,0
2025-07-09,Wednesday,PER-001,Signal Toothpaste 120g,Personal Care,230,0%,225,9,216,2070.0,0
2025-07-09,Wednesday,PER-002,Lifebuoy Soap,Personal Care,150,0%,160,25,135,3750.0,0
2025-07-10,Thursday,GRO-001,Keeri Samba 5kg,Grocery,1250,0%,43,10,33,12500.0,0
2025-07-10,Thursday,GRO-002,Nadu Rice 5kg,Grocery,1100,0%,149,17,132,18700.0,0
2025-07-10,Thursday,GRO-003,Mysore Dhal 1kg,Grocery,380,10%,185,27,158,9234.0,0
2025-07-10,Thursday,DAI-001,Anchor Milk Powder 400g,Dairy,1150,0%,41,16,25,18400.0,0
2025-07-10,Thursday,DAI-002,Kotmale Butter 200g,Dairy,750,0%,77,13,64,9750.0,0
2025-07-10,Thursday,SNA-001,Munchee Super Cream Cracker,Snacks,250,0%,152,41,111,10250.0,0
2025-07-10,Thursday,SNA-002,Maliban Lemon Puff,Snacks,300,0%,77,29,48,8700.0,0
2025-07-10,Thursday,PAN-001,Prima Wheat Flour 1kg,Pantry,220,0%,122,18,104,3960.0,0
2025-07-10,Thursday,PAN-002,Marina Coconut Oil 1L,Pantry,850,0%,135,14,121,11900.0,0
2025-07-10,Thursday,BEV-001,Coca Cola 1.5L,Beverages,450,0%,188,16,172,7200.0,0
2025-07-10,Thursday,PER-001,Signal Toothpaste 120g,Personal Care,230,0%,216,13,203,2990.0,0
2025-07-10,Thursday,PER-002,Lifebuoy Soap,Personal Care,150,0%,135,27,108,4050.0,0
2025-07-11,Friday,GRO-001,Keeri Samba 5kg,Grocery,1250,0%,233,22,211,27500.0,0
2025-07-11,Friday,GRO-002,Nadu Rice 5kg,Grocery,1100,0%,132,21,111,23100.0,0
2025-07-11,Friday,GRO-003,Mysore Dhal 1kg,Grocery,380,0%,158,39,119,14820.0,0
2025-07-11,Friday,DAI-001,Anchor Milk Powder 400g,Dairy,1150,10%,225,21,204,21735.0,0
2025-07-11,Friday,DAI-002,Kotmale Butter 200g,Dairy,750,0%,64,12,52,9000.0,0
2025-07-11,Friday,SNA-001,Munchee Super Cream Cracker,Snacks,250,0%,111,29,82,7250.0,0
2025-07-11,Friday,SNA-002,Maliban Lemon Puff,Snacks,300,0%,48,20,28,6000.0,0
2025-07-11,Friday,PAN-001,Prima Wheat Flour 1kg,Pantry,220,0%,104,24,80,5280.0,0
2025-07-11,Friday,PAN-002,Marina Coconut Oil 1L,Pantry,850,0%,121,19,102,16150.0,0
2025-07-11,Friday,BEV-001,Coca Cola 1.5L,Beverages,450,0%,172,16,156,7200.0,0
2025-07-11,Friday,PER-001,Signal Toothpaste 120g,Personal Care,230,0%,203,10,193,2300.0,0
2025-07-11,Friday,PER-002,Lifebuoy Soap,Personal Care,150,10%,108,28,80,3780.0,0
2025-07-12,Saturday,GRO-001,Keeri Samba 5kg,Grocery,1250,10%,211,11,200,12375.0,0
2025-07-12,Saturday,GRO-002,Nadu Rice 5kg,Grocery,1100,0%,111,18,93,19800.0,0
2025-07-12,Saturday,GRO-003,Mysore Dhal 1kg,Grocery,380,0%,119,25,94,9500.0,0
2025-07-12,Saturday,DAI-001,Anchor Milk Powder 400g,Dairy,1150,0%,204,30,174,34500.0,0
2025-07-12,Saturday,DAI-002,Kotmale Butter 200g,Dairy,750,0%,52,11,41,8250.0,0
2025-07-12,Saturday,SNA-001,Munchee Super Cream Cracker,Snacks,250,10%,82,33,49,7425.0,0
2025-07-12,Saturday,SNA-002,Maliban Lemon Puff,Snacks,300,0%,228,30,198,9000.0,0
2025-07-12,Saturday,PAN-001,Prima Wheat Flour 1kg,Pantry,220,10%,80,26,54,5148.0,0
2025-07-12,Saturday,PAN-002,Marina Coconut Oil 1L,Pantry,850,10%,102,22,80,16830.0,0
2025-07-12,Saturday,BEV-001,Coca Cola 1.5L,Beverages,450,0%,156,25,131,11250.0,0
2025-07-12,Saturday,PER-001,Signal Toothpaste 120g,Personal Care,230,0%,193,22,171,5060.0,0
2025-07-12,Saturday,PER-002,Lifebuoy Soap,Personal Care,150,0%,80,46,34,6900.0,0
2025-07-13,Sunday,GRO-001,Keeri Samba 5kg,Grocery,1250,0%,200,28,172,35000.0,0
2025-07-13,Sunday,GRO-002,Nadu Rice 5kg,Grocery,1100,0%,93,30,63,33000.0,0
2025-07-13,Sunday,GRO-003,Mysore Dhal 1kg,Grocery,380,0%,94,46,48,17480.0,0
2025-07-13,Sunday,DAI-001,Anchor Milk Powder 400g,Dairy,1150,0%,174,30,144,34500.0,0
2025-07-13,Sunday,DAI-002,Kotmale Butter 200g,Dairy,750,0%,41,15,26,11250.0,0
2025-07-13,Sunday,SNA-001,Munchee Super Cream Cracker,Snacks,250,0%,49,49,0,12250.0,0
2025-07-13,Sunday,SNA-002,Maliban Lemon Puff,Snacks,300,0%,198,33,165,9900.0,0
2025-07-13,Sunday,PAN-001,Prima Wheat Flour 1kg,Pantry,220,0%,54,30,24,6600.0,0
2025-07-13,Sunday,PAN-002,Marina Coconut Oil 1L,Pantry,850,0%,80,21,59,17850.0,0
2025-07-13,Sunday,BEV-001,Coca Cola 1.5L,Beverages,450,0%,131,23,108,10350.0,0
2025-07-13,Sunday,PER-001,Signal Toothpaste 120g,Personal Care,230,0%,171,22,149,5060.0,0
2025-07-13,Sunday,PER-002,Lifebuoy Soap,Personal Care,150,0%,234,25,209,3750.0,0
2025-07-14,Monday,GRO-001,Keeri Samba 5kg,Grocery,1250,0%,172,8,164,10000.0,0
2025-07-14,Monday,GRO-002,Nadu Rice 5kg,Grocery,1100,0%,63,30,33,33000.0,0
2025-07-14,Monday,GRO-003,Mysore Dhal 1kg,Grocery,380,10%,48,30,18,10260.0,0
2025-07-14,Monday,DAI-001,Anchor Milk Powder 400g,Dairy,1150,10%,144,21,123,21735.0,0
2025-07-14,Monday,DAI-002,Kotmale Butter 200g,Dairy,750,0%,226,9,217,6750.0,0
2025-07-14,Monday,SNA-001,Munchee Super Cream Cracker,Snacks,250,0%,200,42,158,10500.0,0
2025-07-14,Monday,SNA-002,Maliban Lemon Puff,Snacks,300,0%,165,30,135,9000.0,0
2025-07-14,Monday,PAN-001,Prima Wheat Flour 1kg,Pantry,220,10%,224,30,194,5940.0,0
2025-07-14,Monday,PAN-002,Marina Coconut Oil 1L,Pantry,850,0%,59,18,41,15300.0,0
2025-07-14,Monday,BEV-001,Coca Cola 1.5L,Beverages,450,0%,108,16,92,7200.0,0
2025-07-14,Monday,PER-001,Signal Toothpaste 120g,Personal Care,230,10%,149,15,134,3105.0,0
2025-07-14,Monday,PER-002,Lifebuoy Soap,Personal Care,150,0%,209,36,173,5400.0,0
2025-07-15,Tuesday,GRO-001,Keeri Samba 5kg,Grocery,1250,0%,164,17,147,21250.0,0
2025-07-15,Tuesday,GRO-002,Nadu Rice 5kg,Grocery,1100,0%,233,15,218,16500.0,0
2025-07-15,Tuesday,GRO-003,Mysore Dhal 1kg,Grocery,380,10%,218,33,185,11286.0,0
2025-07-15,Tuesday,DAI-001,Anchor Milk Powder 400g,Dairy,1150,0%,123,20,103,23000.0,0
2025-07-15,Tuesday,DAI-002,Kotmale Butter 200g,Dairy,750,0%,217,9,208,6750.0,0
2025-07-15,Tuesday,SNA-001,Munchee Super Cream Cracker,Snacks,250,0%,158,39,119,9750.0,0
2025-07-15,Tuesday,SNA-002,Maliban Lemon Puff,Snacks,300,0%,135,29,106,8700.0,0
2025-07-15,Tuesday,PAN-001,Prima Wheat Flour 1kg,Pantry,220,0%,194,25,169,5500.0,0
2025-07-15,Tuesday,PAN-002,Marina Coconut Oil 1L,Pantry,850,10%,41,16,25,12240.0,0
2025-07-15,Tuesday,BEV-001,Coca Cola 1.5L,Beverages,450,0%,92,23,69,10350.0,0
2025-07-15,Tuesday,PER-001,Signal Toothpaste 120g,Personal Care,230,0%,134,14,120,3220.0,0
2025-07-15,Tuesday,PER-002,Lifebuoy Soap,Personal Care,150,0%,173,30,143,4500.0,0
2025-07-16,Wednesday,GRO-001,Keeri Samba 5kg,Grocery,1250,0%,147,17,130,21250.0,0
2025-07-16,Wednesday,GRO-002,Nadu Rice 5kg,Grocery,1100,10%,218,21,197,20790.0,0
2025-07-16,Wednesday,GRO-003,Mysore Dhal 1kg,Grocery,380,0%,185,27,158,10260.0,0
2025-07-16,Wednesday,DAI-001,Anchor Milk Powder 400g,Dairy,1150,0%,103,26,77,29900.0,0
2025-07-16,Wednesday,DAI-002,Kotmale Butter 200g,Dairy,750,0%,208,9,199,6750.0,0
2025-07-16,Wednesday,SNA-001,Munchee Super Cream Cracker,Snacks,250,0%,119,27,92,6750.0,0
2025-07-16,Wednesday,SNA-002,Maliban Lemon Puff,Snacks,300,0%,106,24,82,7200.0,0
2025-07-16,Wednesday,PAN-001,Prima Wheat Flour 1kg,Pantry,220,0%,169,24,145,5280.0,0
2025-07-16,Wednesday,PAN-002,Marina Coconut Oil 1L,Pantry,850,10%,225,16,209,12240.0,0
2025-07-16,Wednesday,BEV-001,Coca Cola 1.5L,Beverages,450,0%,69,18,51,8100.0,0
2025-07-16,Wednesday,PER-001,Signal Toothpaste 120g,Personal Care,230,10%,120,15,105,3105.0,0
2025-07-16,Wednesday,PER-002,Lifebuoy Soap,Personal Care,150,0%,143,22,121,3300.0,0
2025-07-17,Thursday,GRO-001,Keeri Samba 5kg,Grocery,1250,0%,130,14,116,17500.0,0
2025-07-17,Thursday,GRO-002,Nadu Rice 5kg,Grocery,1100,0%,197,18,179,19800.0,0
2025-07-17,Thursday,GRO-003,Mysore Dhal 1kg,Grocery,380,0%,158,26,132,9880.0,0
2025-07-17,Thursday,DAI-001,Anchor Milk Powder 400g,Dairy,1150,0%,77,21,56,24150.0,0
2025-07-17,Thursday,DAI-002,Kotmale Butter 200g,Dairy,750,0%,199,17,182,12750.0,0
2025-07-17,Thursday,SNA-001,Munchee Super Cream Cracker,Snacks,250,0%,92,37,55,9250.0,0
2025-07-17,Thursday,SNA-002,Maliban Lemon Puff,Snacks,300,0%,82,27,55,8100.0,0
2025-07-17,Thursday,PAN-001,Prima Wheat Flour 1kg,Pantry,220,10%,145,20,125,3960.0,0
2025-07-17,Thursday,PAN-002,Marina Coconut Oil 1L,Pantry,850,0%,209,14,195,11900.0,0
2025-07-17,Thursday,BEV-001,Coca Cola 1.5L,Beverages,450,0%,51,20,31,9000.0,0
2025-07-17,Thursday,PER-001,Signal Toothpaste 120g,Personal Care,230,0%,105,12,93,2760.0,0
2025-07-17,Thursday,PER-002,Lifebuoy Soap,Personal Care,150,0%,121,30,91,4500.0,0
2025-07-18,Friday,GRO-001,Keeri Samba 5kg,Grocery,1250,0%,116,18,98,22500.0,0
2025-07-18,Friday,GRO-002,Nadu Rice 5kg,Grocery,1100,0%,179,14,165,15400.0,0
2025-07-18,Friday,GRO-003,Mysore Dhal 1kg,Grocery,380,0%,132,22,110,8360.0,0
2025-07-18,Friday,DAI-001,Anchor Milk Powder 400g,Dairy,1150,10%,56,26,30,26910.0,0
2025-07-18,Friday,DAI-002,Kotmale Butter 200g,Dairy,750,0%,182,10,172,7500.0,0
2025-07-18,Friday,SNA-001,Munchee Super Cream Cracker,Snacks,250,0%,55,37,18,9250.0,0
2025-07-18,Friday,SNA-002,Maliban Lemon Puff,Snacks,300,0%,55,28,27,8400.0,0
2025-07-18,Friday,PAN-001,Prima Wheat Flour 1kg,Pantry,220,0%,125,21,104,4620.0,0
2025-07-18,Friday,PAN-002,Marina Coconut Oil 1L,Pantry,850,0%,195,22,173,18700.0,0
2025-07-18,Friday,BEV-001,Coca Cola 1.5L,Beverages,450,0%,231,16,215,7200.0,0
2025-07-18,Friday,PER-001,Signal Toothpaste 120g,Personal Care,230,0%,93,8,85,1840.0,0
2025-07-18,Friday,PER-002,Lifebuoy Soap,Personal Care,150,0%,91,27,64,4050.0,0
2025-07-19,Saturday,GRO-001,Keeri Samba 5kg,Grocery,1250,0%,98,23,75,28750.0,0
2025-07-19,Saturday,GRO-002,Nadu Rice 5kg,Grocery,1100,0%,165,33,132,36300.0,0
2025-07-19,Saturday,GRO-003,Mysore Dhal 1kg,Grocery,380,0%,110,39,71,14820.0,0
2025-07-19,Saturday,DAI-001,Anchor Milk Powder 400g,Dairy,1150,0%,230,49,181,56350.0,0
2025-07-19,Saturday,DAI-002,Kotmale Butter 200g,Dairy,750,10%,172,14,158,9450.0,0
2025-07-19,Saturday,SNA-001,Munchee Super Cream Cracker,Snacks,250,0%,218,40,178,10000.0,0
2025-07-19,Saturday,SNA-002,Maliban Lemon Puff,Snacks,300,0%,227,37,190,11100.0,0
2025-07-19,Saturday,PAN-001,Prima Wheat Flour 1kg,Pantry,220,0%,104,29,75,6380.0,0
2025-07-19,Saturday,PAN-002,Marina Coconut Oil 1L,Pantry,850,0%,173,35,138,29750.0,0
2025-07-19,Saturday,BEV-001,Coca Cola 1.5L,Beverages,450,0%,215,21,194,9450.0,0
2025-07-19,Saturday,PER-001,Signal Toothpaste 120g,Personal Care,230,0%,85,19,66,4370.0,0
2025-07-19,Saturday,PER-002,Lifebuoy Soap,Personal Care,150,0%,64,35,29,5250.0,0
2025-07-20,Sunday,GRO-001,Keeri Samba 5kg,Grocery,1250,0%,75,21,54,26250.0,0
2025-07-20,Sunday,GRO-002,Nadu Rice 5kg,Grocery,1100,0%,132,12,120,13200.0,0
2025-07-20,Sunday,GRO-003,Mysore Dhal 1kg,Grocery,380,0%,71,49,22,18620.0,0
2025-07-20,Sunday,DAI-001,Anchor Milk Powder 400g,Dairy,1150,0%,181,36,145,41400.0,0
2025-07-20,Sunday,DAI-002,Kotmale Butter 200g,Dairy,750,0%,158,12,146,9000.0,0
2025-07-20,Sunday,SNA-001,Munchee Super Cream Cracker,Snacks,250,0%,178,42,136,10500.0,0
2025-07-20,Sunday,SNA-002,Maliban Lemon Puff,Snacks,300,10%,190,35,155,9450.0,0
2025-07-20,Sunday,PAN-001,Prima Wheat Flour 1kg,Pantry,220,0%,75,26,49,5720.0,0
2025-07-20,Sunday,PAN-002,Marina Coconut Oil 1L,Pantry,850,0%,138,28,110,23800.0,0
2025-07-20,Sunday,BEV-001,Coca Cola 1.5L,Beverages,450,0%,194,22,172,9900.0,0
2025-07-20,Sunday,PER-001,Signal Toothpaste 120g,Personal Care,230,0%,66,19,47,4370.0,0
2025-07-20,Sunday,PER-002,Lifebuoy Soap,Personal Care,150,0%,229,26,203,3900.0,0
2025-07-21,Monday,GRO-001,Keeri Samba 5kg,Grocery,1250,0%,54,15,39,18750.0,0
2025-07-21,Monday,GRO-002,Nadu Rice 5kg,Grocery,1100,10%,120,16,104,15840.0,0
2025-07-21,Monday,GRO-003,Mysore Dhal 1kg,Grocery,380,10%,222,35,187,11970.0,0
2025-07-21,Monday,DAI-001,Anchor Milk Powder 400g,Dairy,1150,0%,145,22,123,25300.0,0
2025-07-21,Monday,DAI-002,Kotmale Butter 200g,Dairy,750,0%,146,11,135,8250.0,0
2025-07-21,Monday,SNA-001,Munchee Super Cream Cracker,Snacks,250,10%,136,23,113,5175.0,0
2025-07-21,Monday,SNA-002,Maliban Lemon Puff,Snacks,300,0%,155,25,130,7500.0,0
2025-07-21,Monday,PAN-001,Prima Wheat Flour 1kg,Pantry,220,0%,49,21,28,4620.0,0
2025-07-21,Monday,PAN-002,Marina Coconut Oil 1L,Pantry,850,0%,110,15,95,12750.0,0
2025-07-21,Monday,BEV-001,Coca Cola 1.5L,Beverages,450,0%,172,13,159,5850.0,0
2025-07-21,Monday,PER-001,Signal Toothpaste 120g,Personal Care,230,0%,47,16,31,3680.0,0
2025-07-21,Monday,PER-002,Lifebuoy Soap,Personal Care,150,0%,203,28,175,4200.0,0
2025-07-22,Tuesday,GRO-001,Keeri Samba 5kg,Grocery,1250,10%,239,12,227,13500.0,0
2025-07-22,Tuesday,GRO-002,Nadu Rice 5kg,Grocery,1100,0%,104,19,85,20900.0,0
2025-07-22,Tuesday,GRO-003,Mysore Dhal 1kg,Grocery,380,0%,187,27,160,10260.0,0
2025-07-22,Tuesday,DAI-001,Anchor Milk Powder 400g,Dairy,1150,10%,123,21,102,21735.0,0
2025-07-22,Tuesday,DAI-002,Kotmale Butter 200g,Dairy,750,10%,135,8,127,5400.0,0
2025-07-22,Tuesday,SNA-001,Munchee Super Cream Cracker,Snacks,250,0%,113,41,72,10250.0,0
2025-07-22,Tuesday,SNA-002,Maliban Lemon Puff,Snacks,300,0%,130,25,105,7500.0,0
2025-07-22,Tuesday,PAN-001,Prima Wheat Flour 1kg,Pantry,220,0%,228,28,200,6160.0,0
2025-07-22,Tuesday,PAN-002,Marina Coconut Oil 1L,Pantry,850,0%,95,19,76,16150.0,0
2025-07-22,Tuesday,BEV-001,Coca Cola 1.5L,Beverages,450,0%,159,13,146,5850.0,0
2025-07-22,Tuesday,PER-001,Signal Toothpaste 120g,Personal Care,230,0%,231,17,214,3910.0,0
2025-07-22,Tuesday,PER-002,Lifebuoy Soap,Personal Care,150,0%,175,22,153,3300.0,0
2025-07-23,Wednesday,GRO-001,Keeri Samba 5kg,Grocery,1250,0%,227,12,215,15000.0,0
2025-07-23,Wednesday,GRO-002,Nadu Rice 5kg,Grocery,1100,0%,85,24,61,26400.0,0
2025-07-23,Wednesday,GRO-003,Mysore Dhal 1kg,Grocery,380,0%,160,47,113,17860.0,0
2025-07-23,Wednesday,DAI-001,Anchor Milk Powder 400g,Dairy,1150,10%,102,20,82,20700.0,0
2025-07-23,Wednesday,DAI-002,Kotmale Butter 200g,Dairy,750,0%,127,12,115,9000.0,0
2025-07-23,Wednesday,SNA-001,Munchee Super Cream Cracker,Snacks,250,0%,72,31,41,7750.0,0
2025-07-23,Wednesday,SNA-002,Maliban Lemon Puff,Snacks,300,10%,105,21,84,5670.0,0
2025-07-23,Wednesday,PAN-001,Prima Wheat Flour 1kg,Pantry,220,0%,200,29,171,6380.0,0
2025-07-23,Wednesday,PAN-002,Marina Coconut Oil 1L,Pantry,850,0%,76,13,63,11050.0,0
2025-07-23,Wednesday,BEV-001,Coca Cola 1.5L,Beverages,450,0%,146,22,124,9900.0,0
2025-07-23,Wednesday,PER-001,Signal Toothpaste 120g,Personal Care,230,0%,214,11,203,2530.0,0
2025-07-23,Wednesday,PER-002,Lifebuoy Soap,Personal Care,150,0%,153,25,128,3750.0,0
2025-07-24,Thursday,GRO-001,Keeri Samba 5kg,Grocery,1250,10%,215,13,202,14625.0,0
2025-07-24,Thursday,GRO-002,Nadu Rice 5kg,Grocery,1100,0%,61,14,47,15400.0,0
2025-07-24,Thursday,GRO-003,Mysore Dhal 1kg,Grocery,380,0%,113,29,84,11020.0,0
2025-07-24,Thursday,DAI-001,Anchor Milk Powder 400g,Dairy,1150,0%,82,21,61,24150.0,0
2025-07-24,Thursday,DAI-002,Kotmale Butter 200g,Dairy,750,0%,115,11,104,8250.0,0
2025-07-24,Thursday,SNA-001,Munchee Super Cream Cracker,Snacks,250,0%,41,36,5,9000.0,0
2025-07-24,Thursday,SNA-002,Maliban Lemon Puff,Snacks,300,10%,84,29,55,7830.0,0
2025-07-24,Thursday,PAN-001,Prima Wheat Flour 1kg,Pantry,220,0%,171,31,140,6820.0,0
2025-07-24,Thursday,PAN-002,Marina Coconut Oil 1L,Pantry,850,0%,63,19,44,16150.0,0
2025-07-24,Thursday,BEV-001,Coca Cola 1.5L,Beverages,450,0%,124,10,114,4500.0,0
2025-07-24,Thursday,PER-001,Signal Toothpaste 120g,Personal Care,230,10%,203,14,189,2898.0,0
2025-07-24,Thursday,PER-002,Lifebuoy Soap,Personal Care,150,0%,128,40,88,6000.0,0
2025-07-25,Friday,GRO-001,Keeri Samba 5kg,Grocery,1250,0%,202,14,188,17500.0,0
2025-07-25,Friday,GRO-002,Nadu Rice 5kg,Grocery,1100,0%,47,16,31,17600.0,0
2025-07-25,Friday,GRO-003,Mysore Dhal 1kg,Grocery,380,0%,84,30,54,11400.0,0
2025-07-25,Friday,DAI-001,Anchor Milk Powder 400g,Dairy,1150,0%,61,28,33,32200.0,0
2025-07-25,Friday,DAI-002,Kotmale Butter 200g,Dairy,750,0%,104,7,97,5250.0,0
2025-07-25,Friday,SNA-001,Munchee Super Cream Cracker,Snacks,250,0%,205,30,175,7500.0,0
2025-07-25,Friday,SNA-002,Maliban Lemon Puff,Snacks,300,0%,55,32,23,9600.0,0
2025-07-25,Friday,PAN-001,Prima Wheat Flour 1kg,Pantry,220,0%,140,27,113,5940.0,0
2025-07-25,Friday,PAN-002,Marina Coconut Oil 1L,Pantry,850,10%,44,17,27,13005.0,0
2025-07-25,Friday,BEV-001,Coca Cola 1.5L,Beverages,450,0%,114,12,102,5400.0,0
2025-07-25,Friday,PER-001,Signal Toothpaste 120g,Personal Care,230,0%,189,10,179,2300.0,0
2025-07-25,Friday,PER-002,Lifebuoy Soap,Personal Care,150,0%,88,37,51,5550.0,0
2025-07-26,Saturday,GRO-001,Keeri Samba 5kg,Grocery,1250,0%,188,9,179,11250.0,0
2025-07-26,Saturday,GRO-002,Nadu Rice 5kg,Grocery,1100,0%,231,26,205,28600.0,0
2025-07-26,Saturday,GRO-003,Mysore Dhal 1kg,Grocery,380,0%,54,39,15,14820.0,0
2025-07-26,Saturday,DAI-001,Anchor Milk Powder 400g,Dairy,1150,0%,233,25,208,28750.0,0
2025-07-26,Saturday,DAI-002,Kotmale Butter 200g,Dairy,750,0%,97,16,81,12000.0,0
2025-07-26,Saturday,SNA-001,Munchee Super Cream Cracker,Snacks,250,0%,175,53,122,13250.0,0
2025-07-26,Saturday,SNA-002,Maliban Lemon Puff,Snacks,300,0%,223,33,190,9900.0,0
2025-07-26,Saturday,PAN-001,Prima Wheat Flour 1kg,Pantry,220,0%,113,29,84,6380.0,0
2025-07-26,Saturday,PAN-002,Marina Coconut Oil 1L,Pantry,850,0%,227,18,209,15300.0,0
2025-07-26,Saturday,BEV-001,Coca Cola 1.5L,Beverages,450,0%,102,28,74,12600.0,0
2025-07-26,Saturday,PER-001,Signal Toothpaste 120g,Personal Care,230,10%,179,15,164,3105.0,0
2025-07-26,Saturday,PER-002,Lifebuoy Soap,Personal Care,150,0%,51,42,9,6300.0,0
2025-07-27,Sunday,GRO-001,Keeri Samba 5kg,Grocery,1250,0%,179,25,154,31250.0,0
2025-07-27,Sunday,GRO-002,Nadu Rice 5kg,Grocery,1100,0%,205,16,189,17600.0,0
2025-07-27,Sunday,GRO-003,Mysore Dhal 1kg,Grocery,380,0%,215,35,180,13300.0,0
2025-07-27,Sunday,DAI-001,Anchor Milk Powder 400g,Dairy,1150,10%,208,22,186,22770.0,0
2025-07-27,Sunday,DAI-002,Kotmale Butter 200g,Dairy,750,0%,81,16,65,12000.0,0
2025-07-27,Sunday,SNA-001,Munchee Super Cream Cracker,Snacks,250,10%,122,57,65,12825.0,0
2025-07-27,Sunday,SNA-002,Maliban Lemon Puff,Snacks,300,0%,190,37,153,11100.0,0
2025-07-27,Sunday,PAN-001,Prima Wheat Flour 1kg,Pantry,220,10%,84,23,61,4554.0,0
2025-07-27,Sunday,PAN-002,Marina Coconut Oil 1L,Pantry,850,0%,209,28,181,23800.0,0
2025-07-27,Sunday,BEV-001,Coca Cola 1.5L,Beverages,450,0%,74,25,49,11250.0,0
2025-07-27,Sunday,PER-001,Signal Toothpaste 120g,Personal Care,230,0%,164,23,141,5290.0,0
2025-07-27,Sunday,PER-002,Lifebuoy Soap,Personal Care,150,0%,209,39,170,5850.0,0
2025-07-28,Monday,GRO-001,Keeri Samba 5kg,Grocery,1250,0%,154,11,143,13750.0,0
2025-07-28,Monday,GRO-002,Nadu Rice 5kg,Grocery,1100,0%,189,16,173,17600.0,0
2025-07-28,Monday,GRO-003,Mysore Dhal 1kg,Grocery,380,0%,180,34,146,12920.0,0
2025-07-28,Monday,DAI-001,Anchor Milk Powder 400g,Dairy,1150,0%,186,24,162,27600.0,0
2025-07-28,Monday,DAI-002,Kotmale Butter 200g,Dairy,750,10%,65,5,60,3375.0,0
2025-07-28,Monday,SNA-001,Munchee Super Cream Cracker,Snacks,250,0%,65,24,41,6000.0,0
2025-07-28,Monday,SNA-002,Maliban Lemon Puff,Snacks,300,0%,153,39,114,11700.0,0
2025-07-28,Monday,PAN-001,Prima Wheat Flour 1kg,Pantry,220,0%,61,25,36,5500.0,0
2025-07-28,Monday,PAN-002,Marina Coconut Oil 1L,Pantry,850,0%,181,10,171,8500.0,0
2025-07-28,Monday,BEV-001,Coca Cola 1.5L,Beverages,450,0%,49,14,35,6300.0,0
2025-07-28,Monday,PER-001,Signal Toothpaste 120g,Personal Care,230,0%,141,16,125,3680.0,0
2025-07-28,Monday,PER-002,Lifebuoy Soap,Personal Care,150,0%,170,36,134,5400.0,0
2025-07-29,Tuesday,GRO-001,Keeri Samba 5kg,Grocery,1250,0%,143,11,132,13750.0,0
2025-07-29,Tuesday,GRO-002,Nadu Rice 5kg,Grocery,1100,0%,173,20,153,22000.0,0
2025-07-29,Tuesday,GRO-003,Mysore Dhal 1kg,Grocery,380,0%,146,28,118,10640.0,0
2025-07-29,Tuesday,DAI-001,Anchor Milk Powder 400g,Dairy,1150,0%,162,30,132,34500.0,0
2025-07-29,Tuesday,DAI-002,Kotmale Butter 200g,Dairy,750,10%,60,8,52,5400.0,0
2025-07-29,Tuesday,SNA-001,Munchee Super Cream Cracker,Snacks,250,0%,41,41,0,10250.0,0
2025-07-29,Tuesday,SNA-002,Maliban Lemon Puff,Snacks,300,0%,114,28,86,8400.0,0
2025-07-29,Tuesday,PAN-001,Prima Wheat Flour 1kg,Pantry,220,0%,236,28,208,6160.0,0
2025-07-29,Tuesday,PAN-002,Marina Coconut Oil 1L,Pantry,850,0%,171,11,160,9350.0,0
2025-07-29,Tuesday,BEV-001,Coca Cola 1.5L,Beverages,450,0%,235,18,217,8100.0,0
2025-07-29,Tuesday,PER-001,Signal Toothpaste 120g,Personal Care,230,0%,125,14,111,3220.0,0
2025-07-29,Tuesday,PER-002,Lifebuoy Soap,Personal Care,150,0%,134,24,110,3600.0,0
2025-07-30,Wednesday,GRO-001,Keeri Samba 5kg,Grocery,1250,0%,132,10,122,12500.0,0
2025-07-30,Wednesday,GRO-002,Nadu Rice 5kg,Grocery,1100,0%,153,21,132,23100.0,0
2025-07-30,Wednesday,GRO-003,Mysore Dhal 1kg,Grocery,380,0%,118,19,99,7220.0,0
2025-07-30,Wednesday,DAI-001,Anchor Milk Powder 400g,Dairy,1150,10%,132,24,108,24840.0,0
2025-07-30,Wednesday,DAI-002,Kotmale Butter 200g,Dairy,750,0%,52,9,43,6750.0,0
2025-07-30,Wednesday,SNA-001,Munchee Super Cream Cracker,Snacks,250,0%,200,26,174,6500.0,0
2025-07-30,Wednesday,SNA-002,Maliban Lemon Puff,Snacks,300,0%,86,25,61,7500.0,0
2025-07-30,Wednesday,PAN-001,Prima Wheat Flour 1kg,Pantry,220,0%,208,19,189,4180.0,0
2025-07-30,Wednesday,PAN-002,Marina Coconut Oil 1L,Pantry,850,0%,160,16,144,13600.0,0
2025-07-30,Wednesday,BEV-001,Coca Cola 1.5L,Beverages,450,0%,217,17,200,7650.0,0
2025-07-30,Wednesday,PER-001,Signal Toothpaste 120g,Personal Care,230,0%,111,11,100,2530.0,0
2025-07-30,Wednesday,PER-002,Lifebuoy Soap,Personal Care,150,0%,110,31,79,4650.0,0
2025-07-31,Thursday,GRO-001,Keeri Samba 5kg,Grocery,1250,0%,122,12,110,15000.0,0
2025-07-31,Thursday,GRO-002,Nadu Rice 5kg,Grocery,1100,0%,132,20,112,22000.0,0
2025-07-31,Thursday,GRO-003,Mysore Dhal 1kg,Grocery,380,0%,99,32,67,12160.0,0
2025-07-31,Thursday,DAI-001,Anchor Milk Powder 400g,Dairy,1150,0%,108,36,72,41400.0,0
2025-07-31,Thursday,DAI-002,Kotmale Butter 200g,Dairy,750,0%,43,11,32,8250.0,0
2025-07-31,Thursday,SNA-001,Munchee Super Cream Cracker,Snacks,250,0%,174,44,130,11000.0,0
2025-07-31,Thursday,SNA-002,Maliban Lemon Puff,Snacks,300,0%,61,27,34,8100.0,0
2025-07-31,Thursday,PAN-001,Prima Wheat Flour 1kg,Pantry,220,0%,189,13,176,2860.0,0
2025-07-31,Thursday,PAN-002,Marina Coconut Oil 1L,Pantry,850,10%,144,17,127,13005.0,0
2025-07-31,Thursday,BEV-001,Coca Cola 1.5L,Beverages,450,0%,200,11,189,4950.0,0
2025-07-31,Thursday,PER-001,Signal Toothpaste 120g,Personal Care,230,0%,100,13,87,2990.0,0
2025-07-31,Thursday,PER-002,Lifebuoy Soap,Personal Care,150,0%,79,21,58,3150.0,0
2025-08-01,Friday,GRO-001,Keeri Samba 5kg,Grocery,1250,0%,110,13,97,16250.0,0
2025-08-01,Friday,GRO-002,Nadu Rice 5kg,Grocery,1100,0%,112,29,83,31900.0,0
2025-08-01,Friday,GRO-003,Mysore Dhal 1kg,Grocery,380,10%,67,24,43,8208.0,0
2025-08-01,Friday,DAI-001,Anchor Milk Powder 400g,Dairy,1150,0%,72,20,52,23000.0,0
2025-08-01,Friday,DAI-002,Kotmale Butter 200g,Dairy,750,0%,232,8,224,6000.0,0
2025-08-01,Friday,SNA-001,Munchee Super Cream Cracker,Snacks,250,0%,130,31,99,7750.0,0
2025-08-01,Friday,SNA-002,Maliban Lemon Puff,Snacks,300,0%,234,29,205,8700.0,0
2025-08-01,Friday,PAN-001,Prima Wheat Flour 1kg,Pantry,220,0%,176,20,156,4400.0,0
2025-08-01,Friday,PAN-002,Marina Coconut Oil 1L,Pantry,850,10%,127,18,109,13770.0,0
2025-08-01,Friday,BEV-001,Coca Cola 1.5L,Beverages,450,0%,189,21,168,9450.0,0
2025-08-01,Friday,PER-001,Signal Toothpaste 120g,Personal Care,230,0%,87,19,68,4370.0,0
2025-08-01,Friday,PER-002,Lifebuoy Soap,Personal Care,150,0%,58,42,16,6300.0,0
2025-08-02,Saturday,GRO-001,Keeri Samba 5kg,Grocery,1250,10%,97,19,78,21375.0,0
2025-08-02,Saturday,GRO-002,Nadu Rice 5kg,Grocery,1100,10%,83,32,51,31680.0,0
2025-08-02,Saturday,GRO-003,Mysore Dhal 1kg,Grocery,380,0%,43,43,0,16340.0,0
2025-08-02,Saturday,DAI-001,Anchor Milk Powder 400g,Dairy,1150,0%,52,25,27,28750.0,0
2025-08-02,Saturday,DAI-002,Kotmale Butter 200g,Dairy,750,0%,224,18,206,13500.0,0
2025-08-02,Saturday,SNA-001,Munchee Super Cream Cracker,Snacks,250,0%,99,40,59,10000.0,0
2025-08-02,Saturday,SNA-002,Maliban Lemon Puff,Snacks,300,0%,205,35,170,10500.0,0
2025-08-02,Saturday,PAN-001,Prima Wheat Flour 1kg,Pantry,220,0%,156,36,120,7920.0,0
2025-08-02,Saturday,PAN-002,Marina Coconut Oil 1L,Pantry,850,10%,109,26,83,19890.0,0
2025-08-02,Saturday,BEV-001,Coca Cola 1.5L,Beverages,450,0%,168,26,142,11700.0,0
2025-08-02,Saturday,PER-001,Signal Toothpaste 120g,Personal Care,230,0%,68,18,50,4140.0,0
2025-08-02,Saturday,PER-002,Lifebuoy Soap,Personal Care,150,0%,216,47,169,7050.0,0
2025-08-03,Sunday,GRO-001,Keeri Samba 5kg,Grocery,1250,0%,78,15,63,18750.0,0
2025-08-03,Sunday,GRO-002,Nadu Rice 5kg,Grocery,1100,0%,51,39,12,42900.0,0
2025-08-03,Sunday,GRO-003,Mysore Dhal 1kg,Grocery,380,10%,200,43,157,14706.0,0
2025-08-03,Sunday,DAI-001,Anchor Milk Powder 400g,Dairy,1150,0%,227,18,209,20700.0,0
2025-08-03,Sunday,DAI-002,Kotmale Butter 200g,Dairy,750,10%,206,14,192,9450.0,0
2025-08-03,Sunday,SNA-001,Munchee Super Cream Cracker,Snacks,250,0%,59,49,10,12250.0,0
2025-08-03,Sunday,SNA-002,Maliban Lemon Puff,Snacks,300,0%,170,36,134,10800.0,0
2025-08-03,Sunday,PAN-001,Prima Wheat Flour 1kg,Pantry,220,0%,120,29,91,6380.0,0
2025-08-03,Sunday,PAN-002,Marina Coconut Oil 1L,Pantry,850,0%,83,25,58,21250.0,0
2025-08-03,Sunday,BEV-001,Coca Cola 1.5L,Beverages,450,0%,142,22,120,9900.0,0
2025-08-03,Sunday,PER-001,Signal Toothpaste 120g,Personal Care,230,0%,50,25,25,5750.0,0
2025-08-03,Sunday,PER-002,Lifebuoy Soap,Personal Care,150,0%,169,32,137,4800.0,0
2025-08-04,Monday,GRO-001,Keeri Samba 5kg,Grocery,1250,0%,63,11,52,13750.0,0
2025-08-04,Monday,GRO-002,Nadu Rice 5kg,Grocery,1100,0%,212,27,185,29700.0,0
2025-08-04,Monday,GRO-003,Mysore Dhal 1kg,Grocery,380,0%,157,25,132,9500.0,0
2025-08-04,Monday,DAI-001,Anchor Milk Powder 400g,Dairy,1150,0%,209,26,183,29900.0,0
2025-08-04,Monday,DAI-002,Kotmale Butter 200g,Dairy,750,0%,192,12,180,9000.0,0
2025-08-04,Monday,SNA-001,Munchee Super Cream Cracker,Snacks,250,0%,210,32,178,8000.0,0
2025-08-04,Monday,SNA-002,Maliban Lemon Puff,Snacks,300,0%,134,29,105,8700.0,0
2025-08-04,Monday,PAN-001,Prima Wheat Flour 1kg,Pantry,220,0%,91,18,73,3960.0,0
2025-08-04,Monday,PAN-002,Marina Coconut Oil 1L,Pantry,850,0%,58,18,40,15300.0,0
2025-08-04,Monday,BEV-001,Coca Cola 1.5L,Beverages,450,10%,120,17,103,6885.0,0
2025-08-04,Monday,PER-001,Signal Toothpaste 120g,Personal Care,230,0%,225,18,207,4140.0,0
2025-08-04,Monday,PER-002,Lifebuoy Soap,Personal Care,150,0%,137,25,112,3750.0,0
2025-08-05,Tuesday,GRO-001,Keeri Samba 5kg,Grocery,1250,10%,52,12,40,13500.0,0
2025-08-05,Tuesday,GRO-002,Nadu Rice 5kg,Grocery,1100,0%,185,18,167,19800.0,0
2025-08-05,Tuesday,GRO-003,Mysore Dhal 1kg,Grocery,380,0%,132,34,98,12920.0,0
2025-08-05,Tuesday,DAI-001,Anchor Milk Powder 400g,Dairy,1150,0%,183,31,152,35650.0,0
2025-08-05,Tuesday,DAI-002,Kotmale Butter 200g,Dairy,750,10%,180,18,162,12150.0,0
2025-08-05,Tuesday,SNA-001,Munchee Super Cream Cracker,Snacks,250,0%,178,35,143,8750.0,0
2025-08-05,Tuesday,SNA-002,Maliban Lemon Puff,Snacks,300,10%,105,23,82,6210.0,0
2025-08-05,Tuesday,PAN-001,Prima Wheat Flour 1kg,Pantry,220,0%,73,18,55,3960.0,0
2025-08-05,Tuesday,PAN-002,Marina Coconut Oil 1L,Pantry,850,10%,40,15,25,11475.0,0
2025-08-05,Tuesday,BEV-001,Coca Cola 1.5L,Beverages,450,0%,103,15,88,6750.0,0
2025-08-05,Tuesday,PER-001,Signal Toothpaste 120g,Personal Care,230,0%,207,17,190,3910.0,0
2025-08-05,Tuesday,PER-002,Lifebuoy Soap,Personal Care,150,0%,112,20,92,3000.0,0
2025-08-06,Wednesday,GRO-001,Keeri Samba 5kg,Grocery,1250,0%,40,13,27,16250.0,0
2025-08-06,Wednesday,GRO-002,Nadu Rice 5kg,Grocery,1100,0%,167,14,153,15400.0,0
2025-08-06,Wednesday,GRO-003,Mysore Dhal 1kg,Grocery,380,10%,98,27,71,9234.0,0
2025-08-06,Wednesday,DAI-001,Anchor Milk Powder 400g,Dairy,1150,0%,152,28,124,32200.0,0
2025-08-06,Wednesday,DAI-002,Kotmale Butter 200g,Dairy,750,10%,162,12,150,8100.0,0
2025-08-06,Wednesday,SNA-001,Munchee Super Cream Cracker,Snacks,250,0%,143,46,97,11500.0,0
2025-08-06,Wednesday,SNA-002,Maliban Lemon Puff,Snacks,300,0%,82,30,52,9000.0,0
2025-08-06,Wednesday,PAN-001,Prima Wheat Flour 1kg,Pantry,220,0%,55,15,40,3300.0,0
2025-08-06,Wednesday,PAN-002,Marina Coconut Oil 1L,Pantry,850,10%,225,18,207,13770.0,0
2025-08-06,Wednesday,BEV-001,Coca Cola 1.5L,Beverages,450,10%,88,13,75,5265.0,0
2025-08-06,Wednesday,PER-001,Signal Toothpaste 120g,Personal Care,230,0%,190,17,173,3910.0,0
2025-08-06,Wednesday,PER-002,Lifebuoy Soap,Personal Care,150,0%,92,27,65,4050.0,0
2025-08-07,Thursday,GRO-001,Keeri Samba 5kg,Grocery,1250,0%,227,14,213,17500.0,0
2025-08-07,Thursday,GRO-002,Nadu Rice 5kg,Grocery,1100,0%,153,19,134,20900.0,0
2025-08-07,Thursday,GRO-003,Mysore Dhal 1kg,Grocery,380,0%,71,24,47,9120.0,0
2025-08-07,Thursday,DAI-001,Anchor Milk Powder 400g,Dairy,1150,0%,124,21,103,24150.0,0
2025-08-07,Thursday,DAI-002,Kotmale Butter 200g,Dairy,750,10%,150,13,137,8775.0,0
2025-08-07,Thursday,SNA-001,Munchee Super Cream Cracker,Snacks,250,0%,97,32,65,8000.0,0
2025-08-07,Thursday,SNA-002,Maliban Lemon Puff,Snacks,300,0%,52,29,23,8700.0,0
2025-08-07,Thursday,PAN-001,Prima Wheat Flour 1kg,Pantry,220,0%,40,23,17,5060.0,0
2025-08-07,Thursday,PAN-002,Marina Coconut Oil 1L,Pantry,850,10%,207,16,191,12240.0,0
2025-08-07,Thursday,BEV-001,Coca Cola 1.5L,Beverages,450,0%,75,21,54,9450.0,0
2025-08-07,Thursday,PER-001,Signal Toothpaste 120g,Personal Care,230,0%,173,22,151,5060.0,0
2025-08-07,Thursday,PER-002,Lifebuoy Soap,Personal Care,150,10%,65,39,26,5265.0,0
2025-08-08,Friday,GRO-001,Keeri Samba 5kg,Grocery,1250,0%,213,17,196,21250.0,0
2025-08-08,Friday,GRO-002,Nadu Rice 5kg,Grocery,1100,0%,134,26,108,28600.0,0
2025-08-08,Friday,GRO-003,Mysore Dhal 1kg,Grocery,380,10%,47,43,4,14706.0,0
2025-08-08,Friday,DAI-001,Anchor Milk Powder 400g,Dairy,1150,0%,103,17,86,19550.0,0
2025-08-08,Friday,DAI-002,Kotmale Butter 200g,Dairy,750,0%,137,14,123,10500.0,0
2025-08-08,Friday,SNA-001,Munchee Super Cream Cracker,Snacks,250,0%,65,20,45,5000.0,0
2025-08-08,Friday,SNA-002,Maliban Lemon Puff,Snacks,300,0%,223,34,189,10200.0,0
2025-08-08,Friday,PAN-001,Prima Wheat Flour 1kg,Pantry,220,10%,217,20,197,3960.0,0
2025-08-08,Friday,PAN-002,Marina Coconut Oil 1L,Pantry,850,0%,191,18,173,15300.0,0
2025-08-08,Friday,BEV-001,Coca Cola 1.5L,Beverages,450,0%,54,20,34,9000.0,0
2025-08-08,Friday,PER-001,Signal Toothpaste 120g,Personal Care,230,0%,151,17,134,3910.0,0
2025-08-08,Friday,PER-002,Lifebuoy Soap,Personal Care,150,0%,226,27,199,4050.0,0
2025-08-09,Saturday,GRO-001,Keeri Samba 5kg,Grocery,1250,0%,196,18,178,22500.0,0
2025-08-09,Saturday,GRO-002,Nadu Rice 5kg,Grocery,1100,0%,108,26,82,28600.0,0
2025-08-09,Saturday,GRO-003,Mysore Dhal 1kg,Grocery,380,0%,204,36,168,13680.0,0
2025-08-09,Saturday,DAI-001,Anchor Milk Powder 400g,Dairy,1150,0%,86,42,44,48300.0,0
2025-08-09,Saturday,DAI-002,Kotmale Butter 200g,Dairy,750,0%,123,21,102,15750.0,0
2025-08-09,Saturday,SNA-001,Munchee Super Cream Cracker,Snacks,250,0%,45,45,0,11250.0,0
2025-08-09,Saturday,SNA-002,Maliban Lemon Puff,Snacks,300,0%,189,37,152,11100.0,0
2025-08-09,Saturday,PAN-001,Prima Wheat Flour 1kg,Pantry,220,0%,197,30,167,6600.0,0
2025-08-09,Saturday,PAN-002,Marina Coconut Oil 1L,Pantry,850,10%,173,22,151,16830.0,0
2025-08-09,Saturday,BEV-001,Coca Cola 1.5L,Beverages,450,0%,234,30,204,13500.0,0
2025-08-09,Saturday,PER-001,Signal Toothpaste 120g,Personal Care,230,0%,134,18,116,4140.0,0
2025-08-09,Saturday,PER-002,Lifebuoy Soap,Personal Care,150,0%,199,36,163,5400.0,0
2025-08-10,Sunday,GRO-001,Keeri Samba 5kg,Grocery,1250,0%,178,16,162,20000.0,0
2025-08-10,Sunday,GRO-002,Nadu Rice 5kg,Grocery,1100,10%,82,32,50,31680.0,0
2025-08-10,Sunday,GRO-003,Mysore Dhal 1kg,Grocery,380,0%,168,32,136,12160.0,0
2025-08-10,Sunday,DAI-001,Anchor Milk Powder 400g,Dairy,1150,0%,44,44,0,50600.0,0
2025-08-10,Sunday,DAI-002,Kotmale Butter 200g,Dairy,750,0%,102,11,91,8250.0,0
2025-08-10,Sunday,SNA-001,Munchee Super Cream Cracker,Snacks,250,0%,200,49,151,12250.0,0
2025-08-10,Sunday,SNA-002,Maliban Lemon Puff,Snacks,300,0%,152,39,113,11700.0,0
2025-08-10,Sunday,PAN-001,Prima Wheat Flour 1kg,Pantry,220,0%,167,18,149,3960.0,0
2025-08-10,Sunday,PAN-002,Marina Coconut Oil 1L,Pantry,850,10%,151,23,128,17595.0,0
2025-08-10,Sunday,BEV-001,Coca Cola 1.5L,Beverages,450,0%,204,23,181,10350.0,0
2025-08-10,Sunday,PER-001,Signal Toothpaste 120g,Personal Care,230,0%,116,16,100,3680.0,0
2025-08-10,Sunday,PER-002,Lifebuoy Soap,Personal Care,150,10%,163,56,107,7560.0,0
2025-08-11,Monday,GRO-001,Keeri Samba 5kg,Grocery,1250,0%,162,12,150,15000.0,0
2025-08-11,Monday,GRO-002,Nadu Rice 5kg,Grocery,1100,0%,50,19,31,20900.0,0
2025-08-11,Monday,GRO-003,Mysore Dhal 1kg,Grocery,380,0%,136,31,105,11780.0,0
2025-08-11,Monday,DAI-001,Anchor Milk Powder 400g,Dairy,1150,0%,200,25,175,28750.0,0
2025-08-11,Monday,DAI-002,Kotmale Butter 200g,Dairy,750,0%,91,13,78,9750.0,0
2025-08-11,Monday,SNA-001,Munchee Super Cream Cracker,Snacks,250,0%,151,34,117,8500.0,0
2025-08-11,Monday,SNA-002,Maliban Lemon Puff,Snacks,300,10%,113,20,93,5400.0,0
2025-08-11,Monday,PAN-001,Prima Wheat Flour 1kg,Pantry,220,0%,149,16,133,3520.0,0
2025-08-11,Monday,PAN-002,Marina Coconut Oil 1L,Pantry,850,0%,128,20,108,17000.0,0
2025-08-11,Monday,BEV-001,Coca Cola 1.5L,Beverages,450,0%,181,16,165,7200.0,0
2025-08-11,Monday,PER-001,Signal Toothpaste 120g,Personal Care,230,0%,100,16,84,3680.0,0
2025-08-11,Monday,PER-002,Lifebuoy Soap,Personal Care,150,0%,107,46,61,6900.0,0
2025-08-12,Tuesday,GRO-001,Keeri Samba 5kg,Grocery,1250,0%,150,12,138,15000.0,0
2025-08-12,Tuesday,GRO-002,Nadu Rice 5kg,Grocery,1100,0%,231,14,217,15400.0,0
2025-08-12,Tuesday,GRO-003,Mysore Dhal 1kg,Grocery,380,0%,105,31,74,11780.0,0
2025-08-12,Tuesday,DAI-001,Anchor Milk Powder 400g,Dairy,1150,10%,175,20,155,20700.0,0
2025-08-12,Tuesday,DAI-002,Kotmale Butter 200g,Dairy,750,0%,78,13,65,9750.0,0
2025-08-12,Tuesday,SNA-001,Munchee Super Cream Cracker,Snacks,250,0%,117,34,83,8500.0,0
2025-08-12,Tuesday,SNA-002,Maliban Lemon Puff,Snacks,300,10%,93,25,68,6750.0,0
2025-08-12,Tuesday,PAN-001,Prima Wheat Flour 1kg,Pantry,220,0%,133,24,109,5280.0,0
2025-08-12,Tuesday,PAN-002,Marina Coconut Oil 1L,Pantry,850,0%,108,19,89,16150.0,0
2025-08-12,Tuesday,BEV-001,Coca Cola 1.5L,Beverages,450,0%,165,13,152,5850.0,0
2025-08-12,Tuesday,PER-001,Signal Toothpaste 120g,Personal Care,230,0%,84,12,72,2760.0,0
2025-08-12,Tuesday,PER-002,Lifebuoy Soap,Personal Care,150,0%,61,28,33,4200.0,0
2025-08-13,Wednesday,GRO-001,Keeri Samba 5kg,Grocery,1250,0%,138,17,121,21250.0,0
2025-08-13,Wednesday,GRO-002,Nadu Rice 5kg,Grocery,1100,0%,217,27,190,29700.0,0
2025-08-13,Wednesday,GRO-003,Mysore Dhal 1kg,Grocery,380,0%,74,33,41,12540.0,0
2025-08-13,Wednesday,DAI-001,Anchor Milk Powder 400g,Dairy,1150,0%,155,31,124,35650.0,0
2025-08-13,Wednesday,DAI-002,Kotmale Butter 200g,Dairy,750,0%,65,11,54,8250.0,0
2025-08-13,Wednesday,SNA-001,Munchee Super Cream Cracker,Snacks,250,0%,83,40,43,10000.0,0
2025-08-13,Wednesday,SNA-002,Maliban Lemon Puff,Snacks,300,0%,68,27,41,8100.0,0
2025-08-13,Wednesday,PAN-001,Prima Wheat Flour 1kg,Pantry,220,0%,109,26,83,5720.0,0
2025-08-13,Wednesday,PAN-002,Marina Coconut Oil 1L,Pantry,850,0%,89,21,68,17850.0,0
2025-08-13,Wednesday,BEV-001,Coca Cola 1.5L,Beverages,450,0%,152,15,137,6750.0,0
2025-08-13,Wednesday,PER-001,Signal Toothpaste 120g,Personal Care,230,0%,72,15,57,3450.0,0
2025-08-13,Wednesday,PER-002,Lifebuoy Soap,Personal Care,150,0%,233,25,208,3750.0,0
2025-08-14,Thursday,GRO-001,Keeri Samba 5kg,Grocery,1250,0%,121,14,107,17500.0,0
2025-08-14,Thursday,GRO-002,Nadu Rice 5kg,Grocery,1100,0%,190,19,171,20900.0,0
2025-08-14,Thursday,GRO-003,Mysore Dhal 1kg,Grocery,380,0%,41,19,22,7220.0,0
2025-08-14,Thursday,DAI-001,Anchor Milk Powder 400g,Dairy,1150,0%,124,18,106,20700.0,0
2025-08-14,Thursday,DAI-002,Kotmale Butter 200g,Dairy,750,0%,54,16,38,12000.0,0
2025-08-14,Thursday,SNA-001,Munchee Super Cream Cracker,Snacks,250,0%,43,27,16,6750.0,0
2025-08-14,Thursday,SNA-002,Maliban Lemon Puff,Snacks,300,0%,41,23,18,6900.0,0
2025-08-14,Thursday,PAN-001,Prima Wheat Flour 1kg,Pantry,220,0%,83,20,63,4400.0,0
2025-08-14,Thursday,PAN-002,Marina Coconut Oil 1L,Pantry,850,0%,68,15,53,12750.0,0
2025-08-14,Thursday,BEV-001,Coca Cola 1.5L,Beverages,450,0%,137,16,121,7200.0,0
2025-08-14,Thursday,PER-001,Signal Toothpaste 120g,Personal Care,230,10%,57,11,46,2277.0,0
2025-08-14,Thursday,PER-002,Lifebuoy Soap,Personal Care,150,0%,208,29,179,4350.0,0
2025-08-15,Friday,GRO-001,Keeri Samba 5kg,Grocery,1250,0%,107,17,90,21250.0,0
2025-08-15,Friday,GRO-002,Nadu Rice 5kg,Grocery,1100,0%,171,13,158,14300.0,0
2025-08-15,Friday,GRO-003,Mysore Dhal 1kg,Grocery,380,0%,222,25,197,9500.0,0
2025-08-15,Friday,DAI-001,Anchor Milk Powder 400g,Dairy,1150,10%,106,26,80,26910.0,0
2025-08-15,Friday,DAI-002,Kotmale Butter 200g,Dairy,750,0%,238,9,229,6750.0,0
2025-08-15,Friday,SNA-001,Munchee Super Cream Cracker,Snacks,250,10%,216,44,172,9900.0,0
2025-08-15,Friday,SNA-002,Maliban Lemon Puff,Snacks,300,0%,218,24,194,7200.0,0
2025-08-15,Friday,PAN-001,Prima Wheat Flour 1kg,Pantry,220,0%,63,24,39,5280.0,0
2025-08-15,Friday,PAN-002,Marina Coconut Oil 1L,Pantry,850,0%,53,23,30,19550.0,0
2025-08-15,Friday,BEV-001,Coca Cola 1.5L,Beverages,450,0%,121,17,104,7650.0,0
2025-08-15,Friday,PER-001,Signal Toothpaste 120g,Personal Care,230,0%,46,20,26,4600.0,0
2025-08-15,Friday,PER-002,Lifebuoy Soap,Personal Care,150,0%,179,23,156,3450.0,0
2025-08-16,Saturday,GRO-001,Keeri Samba 5kg,Grocery,1250,0%,90,22,68,27500.0,0
2025-08-16,Saturday,GRO-002,Nadu Rice 5kg,Grocery,1100,0%,158,33,125,36300.0,0
2025-08-16,Saturday,GRO-003,Mysore Dhal 1kg,Grocery,380,0%,197,43,154,16340.0,0
2025-08-16,Saturday,DAI-001,Anchor Milk Powder 400g,Dairy,1150,0%,80,43,37,49450.0,0
2025-08-16,Saturday,DAI-002,Kotmale Butter 200g,Dairy,750,0%,229,16,213,12000.0,0
2025-08-16,Saturday,SNA-001,Munchee Super Cream Cracker,Snacks,250,0%,172,39,133,9750.0,0
2025-08-16,Saturday,SNA-002,Maliban Lemon Puff,Snacks,300,0%,194,42,152,12600.0,0
2025-08-16,Saturday,PAN-001,Prima Wheat Flour 1kg,Pantry,220,0%,239,30,209,6600.0,0
2025-08-16,Saturday,PAN-002,Marina Coconut Oil 1L,Pantry,850,0%,230,30,200,25500.0,0
2025-08-16,Saturday,BEV-001,Coca Cola 1.5L,Beverages,450,0%,104,30,74,13500.0,0
2025-08-16,Saturday,PER-001,Signal Toothpaste 120g,Personal Care,230,10%,226,14,212,2898.0,0
2025-08-16,Saturday,PER-002,Lifebuoy Soap,Personal Care,150,10%,156,39,117,5265.0,0
2025-08-17,Sunday,GRO-001,Keeri Samba 5kg,Grocery,1250,0%,68,12,56,15000.0,0
2025-08-17,Sunday,GRO-002,Nadu Rice 5kg,Grocery,1100,0%,125,33,92,36300.0,0
2025-08-17,Sunday,GRO-003,Mysore Dhal 1kg,Grocery,380,0%,154,40,114,15200.0,0
2025-08-17,Sunday,DAI-001,Anchor Milk Powder 400g,Dairy,1150,0%,237,43,194,49450.0,0
2025-08-17,Sunday,DAI-002,Kotmale Butter 200g,Dairy,750,10%,213,16,197,10800.0,0
2025-08-17,Sunday,SNA-001,Munchee Super Cream Cracker,Snacks,250,0%,133,64,69,16000.0,0
2025-08-17,Sunday,SNA-002,Maliban Lemon Puff,Snacks,300,0%,152,37,115,11100.0,0
2025-08-17,Sunday,PAN-001,Prima Wheat Flour 1kg,Pantry,220,0%,209,22,187,4840.0,0
2025-08-17,Sunday,PAN-002,Marina Coconut Oil 1L,Pantry,850,0%,200,16,184,13600.0,0
2025-08-17,Sunday,BEV-001,Coca Cola 1.5L,Beverages,450,0%,74,22,52,9900.0,0
2025-08-17,Sunday,PER-001,Signal Toothpaste 120g,Personal Care,230,0%,212,25,187,5750.0,0
2025-08-17,Sunday,PER-002,Lifebuoy Soap,Personal Care,150,0%,117,37,80,5550.0,0
2025-08-18,Monday,GRO-001,Keeri Samba 5kg,Grocery,1250,0%,56,18,38,22500.0,0
2025-08-18,Monday,GRO-002,Nadu Rice 5kg,Grocery,1100,0%,92,25,67,27500.0,0
2025-08-18,Monday,GRO-003,Mysore Dhal 1kg,Grocery,380,0%,114,27,87,10260.0,0
2025-08-18,Monday,DAI-001,Anchor Milk Powder 400g,Dairy,1150,0%,194,23,171,26450.0,0
2025-08-18,Monday,DAI-002,Kotmale Butter 200g,Dairy,750,0%,197,11,186,8250.0,0
2025-08-18,Monday,SNA-001,Munchee Super Cream Cracker,Snacks,250,0%,69,38,31,9500.0,0
2025-08-18,Monday,SNA-002,Maliban Lemon Puff,Snacks,300,0%,115,28,87,8400.0,0
2025-08-18,Monday,PAN-001,Prima Wheat Flour 1kg,Pantry,220,0%,187,15,172,3300.0,0
2025-08-18,Monday,PAN-002,Marina Coconut Oil 1L,Pantry,850,0%,184,16,168,13600.0,0
2025-08-18,Monday,BEV-001,Coca Cola 1.5L,Beverages,450,0%,52,13,39,5850.0,0
2025-08-18,Monday,PER-001,Signal Toothpaste 120g,Personal Care,230,0%,187,14,173,3220.0,0
2025-08-18,Monday,PER-002,Lifebuoy Soap,Personal Care,150,0%,80,34,46,5100.0,0
2025-08-19,Tuesday,GRO-001,Keeri Samba 5kg,Grocery,1250,0%,238,11,227,13750.0,0
2025-08-19,Tuesday,GRO-002,Nadu Rice 5kg,Grocery,1100,0%,67,24,43,26400.0,0
2025-08-19,Tuesday,GRO-003,Mysore Dhal 1kg,Grocery,380,0%,87,27,60,10260.0,0
2025-08-19,Tuesday,DAI-001,Anchor Milk Powder 400g,Dairy,1150,0%,171,20,151,23000.0,0
2025-08-19,Tuesday,DAI-002,Kotmale Butter 200g,Dairy,750,0%,186,12,174,9000.0,0
2025-08-19,Tuesday,SNA-001,Munchee Super Cream Cracker,Snacks,250,0%,231,32,199,8000.0,0
2025-08-19,Tuesday,SNA-002,Maliban Lemon Puff,Snacks,300,0%,87,28,59,8400.0,0
2025-08-19,Tuesday,PAN-001,Prima Wheat Flour 1kg,Pantry,220,0%,172,23,149,5060.0,0
2025-08-19,Tuesday,PAN-002,Marina Coconut Oil 1L,Pantry,850,0%,168,10,158,8500.0,0
2025-08-19,Tuesday,BEV-001,Coca Cola 1.5L,Beverages,450,0%,239,17,222,7650.0,0
2025-08-19,Tuesday,PER-001,Signal Toothpaste 120g,Personal Care,230,0%,173,18,155,4140.0,0
2025-08-19,Tuesday,PER-002,Lifebuoy Soap,Personal Care,150,10%,46,25,21,3375.0,0
2025-08-20,Wednesday,GRO-001,Keeri Samba 5kg,Grocery,1250,0%,227,13,214,16250.0,0
2025-08-20,Wednesday,GRO-002,Nadu Rice 5kg,Grocery,1100,0%,43,16,27,17600.0,0
2025-08-20,Wednesday,GRO-003,Mysore Dhal 1kg,Grocery,380,0%,60,34,26,12920.0,0
2025-08-20,Wednesday,DAI-001,Anchor Milk Powder 400g,Dairy,1150,0%,151,33,118,37950.0,0
2025-08-20,Wednesday,DAI-002,Kotmale Butter 200g,Dairy,750,0%,174,10,164,7500.0,0
2025-08-20,Wednesday,SNA-001,Munchee Super Cream Cracker,Snacks,250,0%,199,25,174,6250.0,0
2025-08-20,Wednesday,SNA-002,Maliban Lemon Puff,Snacks,300,0%,59,25,34,7500.0,0
2025-08-20,Wednesday,PAN-001,Prima Wheat Flour 1kg,Pantry,220,0%,149,11,138,2420.0,0
2025-08-20,Wednesday,PAN-002,Marina Coconut Oil 1L,Pantry,850,0%,158,15,143,12750.0,0
2025-08-20,Wednesday,BEV-001,Coca Cola 1.5L,Beverages,450,10%,222,15,207,6075.0,0
2025-08-20,Wednesday,PER-001,Signal Toothpaste 120g,Personal Care,230,0%,155,13,142,2990.0,0
2025-08-20,Wednesday,PER-002,Lifebuoy Soap,Personal Care,150,0%,221,23,198,3450.0,0
2025-08-21,Thursday,GRO-001,Keeri Samba 5kg,Grocery,1250,0%,214,16,198,20000.0,0
2025-08-21,Thursday,GRO-002,Nadu Rice 5kg,Grocery,1100,10%,227,14,213,13860.0,0
2025-08-21,Thursday,GRO-003,Mysore Dhal 1kg,Grocery,380,0%,226,29,197,11020.0,0
2025-08-21,Thursday,DAI-001,Anchor Milk Powder 400g,Dairy,1150,0%,118,28,90,32200.0,0
2025-08-21,Thursday,DAI-002,Kotmale Butter 200g,Dairy,750,0%,164,10,154,7500.0,0
2025-08-21,Thursday,SNA-001,Munchee Super Cream Cracker,Snacks,250,0%,174,45,129,11250.0,0
2025-08-21,Thursday,SNA-002,Maliban Lemon Puff,Snacks,300,0%,234,29,205,8700.0,0
2025-08-21,Thursday,PAN-001,Prima Wheat Flour 1kg,Pantry,220,10%,138,17,121,3366.0,0
2025-08-21,Thursday,PAN-002,Marina Coconut Oil 1L,Pantry,850,0%,143,18,125,15300.0,0
2025-08-21,Thursday,BEV-001,Coca Cola 1.5L,Beverages,450,0%,207,19,188,8550.0,0
2025-08-21,Thursday,PER-001,Signal Toothpaste 120g,Personal Care,230,0%,142,13,129,2990.0,0
2025-08-21,Thursday,PER-002,Lifebuoy Soap,Personal Care,150,0%,198,20,178,3000.0,0
2025-08-22,Friday,GRO-001,Keeri Samba 5kg,Grocery,1250,0%,198,16,182,20000.0,0
2025-08-22,Friday,GRO-002,Nadu Rice 5kg,Grocery,1100,0%,213,21,192,23100.0,0
2025-08-22,Friday,GRO-003,Mysore Dhal 1kg,Grocery,380,0%,197,34,163,12920.0,0
2025-08-22,Friday,DAI-001,Anchor Milk Powder 400g,Dairy,1150,0%,90,25,65,28750.0,0
2025-08-22,Friday,DAI-002,Kotmale Butter 200g,Dairy,750,0%,154,9,145,6750.0,0
2025-08-22,Friday,SNA-001,Munchee Super Cream Cracker,Snacks,250,0%,129,46,83,11500.0,0
2025-08-22,Friday,SNA-002,Maliban Lemon Puff,Snacks,300,0%,205,38,167,11400.0,0
2025-08-22,Friday,PAN-001,Prima Wheat Flour 1kg,Pantry,220,0%,121,29,92,6380.0,0
2025-08-22,Friday,PAN-002,Marina Coconut Oil 1L,Pantry,850,0%,125,27,98,22950.0,0
2025-08-22,Friday,BEV-001,Coca Cola 1.5L,Beverages,450,0%,188,20,168,9000.0,0
2025-08-22,Friday,PER-001,Signal Toothpaste 120g,Personal Care,230,10%,129,14,115,2898.0,0
2025-08-22,Friday,PER-002,Lifebuoy Soap,Personal Care,150,0%,178,23,155,3450.0,0
2025-08-23,Saturday,GRO-001,Keeri Samba 5kg,Grocery,1250,0%,182,21,161,26250.0,0
2025-08-23,Saturday,GRO-002,Nadu Rice 5kg,Grocery,1100,0%,192,25,167,27500.0,0
2025-08-23,Saturday,GRO-003,Mysore Dhal 1kg,Grocery,380,0%,163,36,127,13680.0,0
2025-08-23,Saturday,DAI-001,Anchor Milk Powder 400g,Dairy,1150,0%,65,36,29,41400.0,0
2025-08-23,Saturday,DAI-002,Kotmale Butter 200g,Dairy,750,0%,145,23,122,17250.0,0
2025-08-23,Saturday,SNA-001,Munchee Super Cream Cracker,Snacks,250,0%,83,25,58,6250.0,0
2025-08-23,Saturday,SNA-002,Maliban Lemon Puff,Snacks,300,0%,167,46,121,13800.0,0
2025-08-23,Saturday,PAN-001,Prima Wheat Flour 1kg,Pantry,220,0%,92,26,66,5720.0,0
2025-08-23,Saturday,PAN-002,Marina Coconut Oil 1L,Pantry,850,0%,98,19,79,16150.0,0
2025-08-23,Saturday,BEV-001,Coca Cola 1.5L,Beverages,450,0%,168,18,150,8100.0,0
2025-08-23,Saturday,PER-001,Signal Toothpaste 120g,Personal Care,230,0%,115,14,101,3220.0,0
2025-08-23,Saturday,PER-002,Lifebuoy Soap,Personal Care,150,0%,155,44,111,6600.0,0
2025-08-24,Sunday,GRO-001,Keeri Samba 5kg,Grocery,1250,0%,161,16,145,20000.0,0
2025-08-24,Sunday,GRO-002,Nadu Rice 5kg,Grocery,1100,0%,167,22,145,24200.0,0
2025-08-24,Sunday,GRO-003,Mysore Dhal 1kg,Grocery,380,0%,127,44,83,16720.0,0
2025-08-24,Sunday,DAI-001,Anchor Milk Powder 400g,Dairy,1150,0%,229,29,200,33350.0,0
2025-08-24,Sunday,DAI-002,Kotmale Butter 200g,Dairy,750,0%,122,14,108,10500.0,0
2025-08-24,Sunday,SNA-001,Munchee Super Cream Cracker,Snacks,250,0%,58,43,15,10750.0,0
2025-08-24,Sunday,SNA-002,Maliban Lemon Puff,Snacks,300,0%,121,39,82,11700.0,0
2025-08-24,Sunday,PAN-001,Prima Wheat Flour 1kg,Pantry,220,0%,66,26,40,5720.0,0
2025-08-24,Sunday,PAN-002,Marina Coconut Oil 1L,Pantry,850,0%,79,29,50,24650.0,0
2025-08-24,Sunday,BEV-001,Coca Cola 1.5L,Beverages,450,0%,150,29,121,13050.0,0
2025-08-24,Sunday,PER-001,Signal Toothpaste 120g,Personal Care,230,0%,101,21,80,4830.0,0
2025-08-24,Sunday,PER-002,Lifebuoy Soap,Personal Care,150,0%,111,29,82,4350.0,0
2025-08-25,Monday,GRO-001,Keeri Samba 5kg,Grocery,1250,0%,145,18,127,22500.0,0
2025-08-25,Monday,GRO-002,Nadu Rice 5kg,Grocery,1100,0%,145,9,136,9900.0,0
2025-08-25,Monday,GRO-003,Mysore Dhal 1kg,Grocery,380,0%,83,27,56,10260.0,0
2025-08-25,Monday,DAI-001,Anchor Milk Powder 400g,Dairy,1150,0%,200,23,177,26450.0,0
2025-08-25,Monday,DAI-002,Kotmale Butter 200g,Dairy,750,0%,108,14,94,10500.0,0
2025-08-25,Monday,SNA-001,Munchee Super Cream Cracker,Snacks,250,0%,215,41,174,10250.0,0
2025-08-25,Monday,SNA-002,Maliban Lemon Puff,Snacks,300,0%,82,26,56,7800.0,0
2025-08-25,Monday,PAN-001,Prima Wheat Flour 1kg,Pantry,220,0%,40,18,22,3960.0,0
2025-08-25,Monday,PAN-002,Marina Coconut Oil 1L,Pantry,850,10%,50,21,29,16065.0,0
2025-08-25,Monday,BEV-001,Coca Cola 1.5L,Beverages,450,0%,121,14,107,6300.0,0
2025-08-25,Monday,PER-001,Signal Toothpaste 120g,Personal Care,230,0%,80,17,63,3910.0,0
2025-08-25,Monday,PER-002,Lifebuoy Soap,Personal Care,150,0%,82,29,53,4350.0,0
2025-08-26,Tuesday,GRO-001,Keeri Samba 5kg,Grocery,1250,0%,127,11,116,13750.0,0
2025-08-26,Tuesday,GRO-002,Nadu Rice 5kg,Grocery,1100,0%,136,16,120,17600.0,0
2025-08-26,Tuesday,GRO-003,Mysore Dhal 1kg,Grocery,380,10%,56,28,28,9576.0,0
2025-08-26,Tuesday,DAI-001,Anchor Milk Powder 400g,Dairy,1150,0%,177,29,148,33350.0,0
2025-08-26,Tuesday,DAI-002,Kotmale Butter 200g,Dairy,750,0%,94,12,82,9000.0,0
2025-08-26,Tuesday,SNA-001,Munchee Super Cream Cracker,Snacks,250,0%,174,32,142,8000.0,0
2025-08-26,Tuesday,SNA-002,Maliban Lemon Puff,Snacks,300,0%,56,32,24,9600.0,0
2025-08-26,Tuesday,PAN-001,Prima Wheat Flour 1kg,Pantry,220,0%,222,23,199,5060.0,0
2025-08-26,Tuesday,PAN-002,Marina Coconut Oil 1L,Pantry,850,0%,229,15,214,12750.0,0
2025-08-26,Tuesday,BEV-001,Coca Cola 1.5L,Beverages,450,0%,107,20,87,9000.0,0
2025-08-26,Tuesday,PER-001,Signal Toothpaste 120g,Personal Care,230,0%,63,18,45,4140.0,0
2025-08-26,Tuesday,PER-002,Lifebuoy Soap,Personal Care,150,0%,53,8,45,1200.0,0
2025-08-27,Wednesday,GRO-001,Keeri Samba 5kg,Grocery,1250,0%,116,11,105,13750.0,0
2025-08-27,Wednesday,GRO-002,Nadu Rice 5kg,Grocery,1100,0%,120,22,98,24200.0,0
2025-08-27,Wednesday,GRO-003,Mysore Dhal 1kg,Grocery,380,0%,228,44,184,16720.0,0
2025-08-27,Wednesday,DAI-001,Anchor Milk Powder 400g,Dairy,1150,0%,148,31,117,35650.0,0
2025-08-27,Wednesday,DAI-002,Kotmale Butter 200g,Dairy,750,0%,82,11,71,8250.0,0
2025-08-27,Wednesday,SNA-001,Munchee Super Cream Cracker,Snacks,250,0%,142,39,103,9750.0,0
2025-08-27,Wednesday,SNA-002,Maliban Lemon Puff,Snacks,300,0%,224,23,201,6900.0,0
2025-08-27,Wednesday,PAN-001,Prima Wheat Flour 1kg,Pantry,220,0%,199,20,179,4400.0,0
2025-08-27,Wednesday,PAN-002,Marina Coconut Oil 1L,Pantry,850,10%,214,19,195,14535.0,0
2025-08-27,Wednesday,BEV-001,Coca Cola 1.5L,Beverages,450,0%,87,18,69,8100.0,0
2025-08-27,Wednesday,PER-001,Signal Toothpaste 120g,Personal Care,230,0%,45,9,36,2070.0,0
2025-08-27,Wednesday,PER-002,Lifebuoy Soap,Personal Care,150,0%,45,31,14,4650.0,0
2025-08-28,Thursday,GRO-001,Keeri Samba 5kg,Grocery,1250,0%,105,17,88,21250.0,0
2025-08-28,Thursday,GRO-002,Nadu Rice 5kg,Grocery,1100,10%,98,23,75,22770.0,0
2025-08-28,Thursday,GRO-003,Mysore Dhal 1kg,Grocery,380,0%,184,34,150,12920.0,0
2025-08-28,Thursday,DAI-001,Anchor Milk Powder 400g,Dairy,1150,0%,117,25,92,28750.0,0
2025-08-28,Thursday,DAI-002,Kotmale Butter 200g,Dairy,750,0%,71,15,56,11250.0,0
2025-08-28,Thursday,SNA-001,Munchee Super Cream Cracker,Snacks,250,0%,103,25,78,6250.0,0
2025-08-28,Thursday,SNA-002,Maliban Lemon Puff,Snacks,300,0%,201,26,175,7800.0,0
2025-08-28,Thursday,PAN-001,Prima Wheat Flour 1kg,Pantry,220,0%,179,20,159,4400.0,0
2025-08-28,Thursday,PAN-002,Marina Coconut Oil 1L,Pantry,850,0%,195,18,177,15300.0,0
2025-08-28,Thursday,BEV-001,Coca Cola 1.5L,Beverages,450,0%,69,15,54,6750.0,0
2025-08-28,Thursday,PER-001,Signal Toothpaste 120g,Personal Care,230,0%,236,16,220,3680.0,0
2025-08-28,Thursday,PER-002,Lifebuoy Soap,Personal Care,150,0%,214,38,176,5700.0,0
2025-08-29,Friday,GRO-001,Keeri Samba 5kg,Grocery,1250,0%,88,12,76,15000.0,0
2025-08-29,Friday,GRO-002,Nadu Rice 5kg,Grocery,1100,0%,75,28,47,30800.0,0
2025-08-29,Friday,GRO-003,Mysore Dhal 1kg,Grocery,380,0%,150,25,125,9500.0,0
2025-08-29,Friday,DAI-001,Anchor Milk Powder 400g,Dairy,1150,10%,92,31,61,32085.0,0
2025-08-29,Friday,DAI-002,Kotmale Butter 200g,Dairy,750,0%,56,11,45,8250.0,0
2025-08-29,Friday,SNA-001,Munchee Super Cream Cracker,Snacks,250,0%,78,32,46,8000.0,0
2025-08-29,Friday,SNA-002,Maliban Lemon Puff,Snacks,300,10%,175,32,143,8640.0,0
2025-08-29,Friday,PAN-001,Prima Wheat Flour 1kg,Pantry,220,0%,159,21,138,4620.0,0
2025-08-29,Friday,PAN-002,Marina Coconut Oil 1L,Pantry,850,0%,177,17,160,14450.0,0
2025-08-29,Friday,BEV-001,Coca Cola 1.5L,Beverages,450,0%,54,23,31,10350.0,0
2025-08-29,Friday,PER-001,Signal Toothpaste 120g,Personal Care,230,0%,220,11,209,2530.0,0
2025-08-29,Friday,PER-002,Lifebuoy Soap,Personal Care,150,0%,176,28,148,4200.0,0
2025-08-30,Saturday,GRO-001,Keeri Samba 5kg,Grocery,1250,0%,76,21,55,26250.0,0
2025-08-30,Saturday,GRO-002,Nadu Rice 5kg,Grocery,1100,0%,47,22,25,24200.0,0
2025-08-30,Saturday,GRO-003,Mysore Dhal 1kg,Grocery,380,0%,125,53,72,20140.0,0
2025-08-30,Saturday,DAI-001,Anchor Milk Powder 400g,Dairy,1150,0%,61,39,22,44850.0,0
2025-08-30,Saturday,DAI-002,Kotmale Butter 200g,Dairy,750,0%,45,21,24,15750.0,0
2025-08-30,Saturday,SNA-001,Munchee Super Cream Cracker,Snacks,250,0%,46,46,0,11500.0,0
2025-08-30,Saturday,SNA-002,Maliban Lemon Puff,Snacks,300,0%,143,51,92,15300.0,0
2025-08-30,Saturday,PAN-001,Prima Wheat Flour 1kg,Pantry,220,0%,138,43,95,9460.0,0
2025-08-30,Saturday,PAN-002,Marina Coconut Oil 1L,Pantry,850,10%,160,32,128,24480.0,0
2025-08-30,Saturday,BEV-001,Coca Cola 1.5L,Beverages,450,0%,231,23,208,10350.0,0
2025-08-30,Saturday,PER-001,Signal Toothpaste 120g,Personal Care,230,0%,209,16,193,3680.0,0
2025-08-30,Saturday,PER-002,Lifebuoy Soap,Personal Care,150,0%,148,37,111,5550.0,0
2025-08-31,Sunday,GRO-001,Keeri Samba 5kg,Grocery,1250,10%,55,16,39,18000.0,0
2025-08-31,Sunday,GRO-002,Nadu Rice 5kg,Grocery,1100,10%,225,30,195,29700.0,0
2025-08-31,Sunday,GRO-003,Mysore Dhal 1kg,Grocery,380,0%,72,36,36,13680.0,0
2025-08-31,Sunday,DAI-001,Anchor Milk Powder 400g,Dairy,1150,0%,222,26,196,29900.0,0
2025-08-31,Sunday,DAI-002,Kotmale Butter 200g,Dairy,750,10%,224,18,206,12150.0,0
2025-08-31,Sunday,SNA-001,Munchee Super Cream Cracker,Snacks,250,0%,200,51,149,12750.0,0
2025-08-31,Sunday,SNA-002,Maliban Lemon Puff,Snacks,300,10%,92,25,67,6750.0,0
2025-08-31,Sunday,PAN-001,Prima Wheat Flour 1kg,Pantry,220,0%,95,33,62,7260.0,0
2025-08-31,Sunday,PAN-002,Marina Coconut Oil 1L,Pantry,850,0%,128,32,96,27200.0,0
2025-08-31,Sunday,BEV-001,Coca Cola 1.5L,Beverages,450,0%,208,25,183,11250.0,0
2025-08-31,Sunday,PER-001,Signal Toothpaste 120g,Personal Care,230,0%,193,18,175,4140.0,0
2025-08-31,Sunday,PER-002,Lifebuoy Soap,Personal Care,150,0%,111,43,68,6450.0,0
2025-09-01,Monday,GRO-001,Keeri Samba 5kg,Grocery,1250,0%,239,15,224,18750.0,0
2025-09-01,Monday,GRO-002,Nadu Rice 5kg,Grocery,1100,0%,195,26,169,28600.0,0
2025-09-01,Monday,GRO-003,Mysore Dhal 1kg,Grocery,380,0%,236,37,199,14060.0,0
2025-09-01,Monday,DAI-001,Anchor Milk Powder 400g,Dairy,1150,0%,196,24,172,27600.0,0
2025-09-01,Monday,DAI-002,Kotmale Butter 200g,Dairy,750,10%,206,11,195,7425.0,0
2025-09-01,Monday,SNA-001,Munchee Super Cream Cracker,Snacks,250,0%,149,24,125,6000.0,0
2025-09-01,Monday,SNA-002,Maliban Lemon Puff,Snacks,300,0%,67,28,39,8400.0,0
2025-09-01,Monday,PAN-001,Prima Wheat Flour 1kg,Pantry,220,0%,62,25,37,5500.0,0
2025-09-01,Monday,PAN-002,Marina Coconut Oil 1L,Pantry,850,0%,96,20,76,17000.0,0
2025-09-01,Monday,BEV-001,Coca Cola 1.5L,Beverages,450,0%,183,15,168,6750.0,0
2025-09-01,Monday,PER-001,Signal Toothpaste 120g,Personal Care,230,0%,175,11,164,2530.0,0
2025-09-01,Monday,PER-002,Lifebuoy Soap,Personal Care,150,0%,68,43,25,6450.0,0
2025-09-02,Tuesday,GRO-001,Keeri Samba 5kg,Grocery,1250,0%,224,12,212,15000.0,0
2025-09-02,Tuesday,GRO-002,Nadu Rice 5kg,Grocery,1100,0%,169,23,146,25300.0,0
2025-09-02,Tuesday,GRO-003,Mysore Dhal 1kg,Grocery,380,0%,199,27,172,10260.0,0
2025-09-02,Tuesday,DAI-001,Anchor Milk Powder 400g,Dairy,1150,0%,172,28,144,32200.0,0
2025-09-02,Tuesday,DAI-002,Kotmale Butter 200g,Dairy,750,0%,195,13,182,9750.0,0
2025-09-02,Tuesday,SNA-001,Munchee Super Cream Cracker,Snacks,250,0%,125,38,87,9500.0,0
2025-09-02,Tuesday,SNA-002,Maliban Lemon Puff,Snacks,300,0%,239,34,205,10200.0,0
2025-09-02,Tuesday,PAN-001,Prima Wheat Flour 1kg,Pantry,220,0%,237,22,215,4840.0,0
2025-09-02,Tuesday,PAN-002,Marina Coconut Oil 1L,Pantry,850,10%,76,19,57,14535.0,0
2025-09-02,Tuesday,BEV-001,Coca Cola 1.5L,Beverages,450,0%,168,23,145,10350.0,0
2025-09-02,Tuesday,PER-001,Signal Toothpaste 120g,Personal Care,230,0%,164,20,144,4600.0,0
2025-09-02,Tuesday,PER-002,Lifebuoy Soap,Personal Care,150,0%,225,32,193,4800.0,0
2025-09-03,Wednesday,GRO-001,Keeri Samba 5kg,Grocery,1250,10%,212,14,198,15750.0,0
2025-09-03,Wednesday,GRO-002,Nadu Rice 5kg,Grocery,1100,0%,146,19,127,20900.0,0
2025-09-03,Wednesday,GRO-003,Mysore Dhal 1kg,Grocery,380,0%,172,27,145,10260.0,0
2025-09-03,Wednesday,DAI-001,Anchor Milk Powder 400g,Dairy,1150,0%,144,25,119,28750.0,0
2025-09-03,Wednesday,DAI-002,Kotmale Butter 200g,Dairy,750,0%,182,9,173,6750.0,0
2025-09-03,Wednesday,SNA-001,Munchee Super Cream Cracker,Snacks,250,0%,87,40,47,10000.0,0
2025-09-03,Wednesday,SNA-002,Maliban Lemon Puff,Snacks,300,0%,205,31,174,9300.0,0
2025-09-03,Wednesday,PAN-001,Prima Wheat Flour 1kg,Pantry,220,0%,215,21,194,4620.0,0
2025-09-03,Wednesday,PAN-002,Marina Coconut Oil 1L,Pantry,850,0%,57,15,42,12750.0,0
2025-09-03,Wednesday,BEV-001,Coca Cola 1.5L,Beverages,450,0%,145,18,127,8100.0,0
2025-09-03,Wednesday,PER-001,Signal Toothpaste 120g,Personal Care,230,10%,144,17,127,3519.0,0
2025-09-03,Wednesday,PER-002,Lifebuoy Soap,Personal Care,150,0%,193,35,158,5250.0,0
2025-09-04,Thursday,GRO-001,Keeri Samba 5kg,Grocery,1250,0%,198,12,186,15000.0,0
2025-09-04,Thursday,GRO-002,Nadu Rice 5kg,Grocery,1100,10%,127,21,106,20790.0,0
2025-09-04,Thursday,GRO-003,Mysore Dhal 1kg,Grocery,380,0%,145,14,131,5320.0,0
2025-09-04,Thursday,DAI-001,Anchor Milk Powder 400g,Dairy,1150,0%,119,25,94,28750.0,0
2025-09-04,Thursday,DAI-002,Kotmale Butter 200g,Dairy,750,0%,173,12,161,9000.0,0
2025-09-04,Thursday,SNA-001,Munchee Super Cream Cracker,Snacks,250,0%,47,37,10,9250.0,0
2025-09-04,Thursday,SNA-002,Maliban Lemon Puff,Snacks,300,0%,174,35,139,10500.0,0
2025-09-04,Thursday,PAN-001,Prima Wheat Flour 1kg,Pantry,220,10%,194,12,182,2376.0,0
2025-09-04,Thursday,PAN-002,Marina Coconut Oil 1L,Pantry,850,0%,42,19,23,16150.0,0
2025-09-04,Thursday,BEV-001,Coca Cola 1.5L,Beverages,450,0%,127,19,108,8550.0,0
2025-09-04,Thursday,PER-001,Signal Toothpaste 120g,Personal Care,230,0%,127,12,115,2760.0,0
2025-09-04,Thursday,PER-002,Lifebuoy Soap,Personal Care,150,0%,158,25,133,3750.0,0
2025-09-05,Friday,GRO-001,Keeri Samba 5kg,Grocery,1250,0%,186,19,167,23750.0,0
2025-09-05,Friday,GRO-002,Nadu Rice 5kg,Grocery,1100,0%,106,19,87,20900.0,0
2025-09-05,Friday,GRO-003,Mysore Dhal 1kg,Grocery,380,0%,131,36,95,13680.0,0
2025-09-05,Friday,DAI-001,Anchor Milk Powder 400g,Dairy,1150,0%,94,28,66,32200.0,0
2025-09-05,Friday,DAI-002,Kotmale Butter 200g,Dairy,750,10%,161,11,150,7425.0,0
2025-09-05,Friday,SNA-001,Munchee Super Cream Cracker,Snacks,250,0%,210,27,183,6750.0,0
2025-09-05,Friday,SNA-002,Maliban Lemon Puff,Snacks,300,0%,139,28,111,8400.0,0
2025-09-05,Friday,PAN-001,Prima Wheat Flour 1kg,Pantry,220,0%,182,19,163,4180.0,0
2025-09-05,Friday,PAN-002,Marina Coconut Oil 1L,Pantry,850,0%,223,18,205,15300.0,0
2025-09-05,Friday,BEV-001,Coca Cola 1.5L,Beverages,450,0%,108,23,85,10350.0,0
2025-09-05,Friday,PER-001,Signal Toothpaste 120g,Personal Care,230,0%,115,12,103,2760.0,0
2025-09-05,Friday,PER-002,Lifebuoy Soap,Personal Care,150,0%,133,27,106,4050.0,0
2025-09-06,Saturday,GRO-001,Keeri Samba 5kg,Grocery,1250,0%,167,19,148,23750.0,0
2025-09-06,Saturday,GRO-002,Nadu Rice 5kg,Grocery,1100,0%,87,22,65,24200.0,0
2025-09-06,Saturday,GRO-003,Mysore Dhal 1kg,Grocery,380,0%,95,43,52,16340.0,0
2025-09-06,Saturday,DAI-001,Anchor Milk Powder 400g,Dairy,1150,10%,66,39,27,40365.0,0
2025-09-06,Saturday,DAI-002,Kotmale Butter 200g,Dairy,750,0%,150,12,138,9000.0,0
2025-09-06,Saturday,SNA-001,Munchee Super Cream Cracker,Snacks,250,10%,183,40,143,9000.0,0
2025-09-06,Saturday,SNA-002,Maliban Lemon Puff,Snacks,300,0%,111,42,69,12600.0,0
2025-09-06,Saturday,PAN-001,Prima Wheat Flour 1kg,Pantry,220,0%,163,26,137,5720.0,0
2025-09-06,Saturday,PAN-002,Marina Coconut Oil 1L,Pantry,850,0%,205,29,176,24650.0,0
2025-09-06,Saturday,BEV-001,Coca Cola 1.5L,Beverages,450,0%,85,35,50,15750.0,0
2025-09-06,Saturday,PER-001,Signal Toothpaste 120g,Personal Care,230,0%,103,16,87,3680.0,0
2025-09-06,Saturday,PER-002,Lifebuoy Soap,Personal Care,150,0%,106,51,55,7650.0,0
2025-09-07,Sunday,GRO-001,Keeri Samba 5kg,Grocery,1250,0%,148,23,125,28750.0,0
2025-09-07,Sunday,GRO-002,Nadu Rice 5kg,Grocery,1100,10%,65,30,35,29700.0,0
2025-09-07,Sunday,GRO-003,Mysore Dhal 1kg,Grocery,380,0%,52,30,22,11400.0,0
2025-09-07,Sunday,DAI-001,Anchor Milk Powder 400g,Dairy,1150,0%,227,37,190,42550.0,0
2025-09-07,Sunday,DAI-002,Kotmale Butter 200g,Dairy,750,0%,138,14,124,10500.0,0
2025-09-07,Sunday,SNA-001,Munchee Super Cream Cracker,Snacks,250,0%,143,36,107,9000.0,0
2025-09-07,Sunday,SNA-002,Maliban Lemon Puff,Snacks,300,10%,69,43,26,11610.0,0
2025-09-07,Sunday,PAN-001,Prima Wheat Flour 1kg,Pantry,220,0%,137,26,111,5720.0,0
2025-09-07,Sunday,PAN-002,Marina Coconut Oil 1L,Pantry,850,0%,176,25,151,21250.0,0
2025-09-07,Sunday,BEV-001,Coca Cola 1.5L,Beverages,450,0%,50,22,28,9900.0,0
2025-09-07,Sunday,PER-001,Signal Toothpaste 120g,Personal Care,230,10%,87,21,66,4347.0,0
2025-09-07,Sunday,PER-002,Lifebuoy Soap,Personal Care,150,0%,55,37,18,5550.0,0
2025-09-08,Monday,GRO-001,Keeri Samba 5kg,Grocery,1250,0%,125,17,108,21250.0,0
2025-09-08,Monday,GRO-002,Nadu Rice 5kg,Grocery,1100,0%,235,21,214,23100.0,0
2025-09-08,Monday,GRO-003,Mysore Dhal 1kg,Grocery,380,0%,222,24,198,9120.0,0
2025-09-08,Monday,DAI-001,Anchor Milk Powder 400g,Dairy,1150,0%,190,19,171,21850.0,0
2025-09-08,Monday,DAI-002,Kotmale Butter 200g,Dairy,750,0%,124,13,111,9750.0,0
2025-09-08,Monday,SNA-001,Munchee Super Cream Cracker,Snacks,250,0%,107,34,73,8500.0,0
2025-09-08,Monday,SNA-002,Maliban Lemon Puff,Snacks,300,0%,226,23,203,6900.0,0
2025-09-08,Monday,PAN-001,Prima Wheat Flour 1kg,Pantry,220,10%,111,18,93,3564.0,0
2025-09-08,Monday,PAN-002,Marina Coconut Oil 1L,Pantry,850,0%,151,28,123,23800.0,0
2025-09-08,Monday,BEV-001,Coca Cola 1.5L,Beverages,450,0%,228,16,212,7200.0,0
2025-09-08,Monday,PER-001,Signal Toothpaste 120g,Personal Care,230,0%,66,10,56,2300.0,0
2025-09-08,Monday,PER-002,Lifebuoy Soap,Personal Care,150,0%,218,26,192,3900.0,0
2025-09-09,Tuesday,GRO-001,Keeri Samba 5kg,Grocery,1250,0%,108,16,92,20000.0,0
2025-09-09,Tuesday,GRO-002,Nadu Rice 5kg,Grocery,1100,0%,214,12,202,13200.0,0
2025-09-09,Tuesday,GRO-003,Mysore Dhal 1kg,Grocery,380,10%,198,32,166,10944.0,0
2025-09-09,Tuesday,DAI-001,Anchor Milk Powder 400g,Dairy,1150,10%,171,27,144,27945.0,0
2025-09-09,Tuesday,DAI-002,Kotmale Butter 200g,Dairy,750,0%,111,10,101,7500.0,0
2025-09-09,Tuesday,SNA-001,Munchee Super Cream Cracker,Snacks,250,0%,73,37,36,9250.0,0
2025-09-09,Tuesday,SNA-002,Maliban Lemon Puff,Snacks,300,0%,203,25,178,7500.0,0
2025-09-09,Tuesday,PAN-001,Prima Wheat Flour 1kg,Pantry,220,0%,93,24,69,5280.0,0
2025-09-09,Tuesday,PAN-002,Marina Coconut Oil 1L,Pantry,850,0%,123,18,105,15300.0,0
2025-09-09,Tuesday,BEV-001,Coca Cola 1.5L,Beverages,450,10%,212,20,192,8100.0,0
2025-09-09,Tuesday,PER-001,Signal Toothpaste 120g,Personal Care,230,0%,56,10,46,2300.0,0
2025-09-09,Tuesday,PER-002,Lifebuoy Soap,Personal Care,150,0%,192,24,168,3600.0,0
2025-09-10,Wednesday,GRO-001,Keeri Samba 5kg,Grocery,1250,0%,92,16,76,20000.0,0
2025-09-10,Wednesday,GRO-002,Nadu Rice 5kg,Grocery,1100,0%,202,24,178,26400.0,0
2025-09-10,Wednesday,GRO-003,Mysore Dhal 1kg,Grocery,380,0%,166,30,136,11400.0,0
2025-09-10,Wednesday,DAI-001,Anchor Milk Powder 400g,Dairy,1150,0%,144,23,121,26450.0,0
2025-09-10,Wednesday,DAI-002,Kotmale Butter 200g,Dairy,750,0%,101,11,90,8250.0,0
2025-09-10,Wednesday,SNA-001,Munchee Super Cream Cracker,Snacks,250,0%,236,31,205,7750.0,0
2025-09-10,Wednesday,SNA-002,Maliban Lemon Puff,Snacks,300,0%,178,22,156,6600.0,0
2025-09-10,Wednesday,PAN-001,Prima Wheat Flour 1kg,Pantry,220,0%,69,16,53,3520.0,0
2025-09-10,Wednesday,PAN-002,Marina Coconut Oil 1L,Pantry,850,0%,105,16,89,13600.0,0
2025-09-10,Wednesday,BEV-001,Coca Cola 1.5L,Beverages,450,0%,192,18,174,8100.0,0
2025-09-10,Wednesday,PER-001,Signal Toothpaste 120g,Personal Care,230,0%,46,16,30,3680.0,0
2025-09-10,Wednesday,PER-002,Lifebuoy Soap,Personal Care,150,0%,168,26,142,3900.0,0
2025-09-11,Thursday,GRO-001,Keeri Samba 5kg,Grocery,1250,0%,76,17,59,21250.0,0
2025-09-11,Thursday,GRO-002,Nadu Rice 5kg,Grocery,1100,10%,178,15,163,14850.0,0
2025-09-11,Thursday,GRO-003,Mysore Dhal 1kg,Grocery,380,10%,136,43,93,14706.0,0
2025-09-11,Thursday,DAI-001,Anchor Milk Powder 400g,Dairy,1150,0%,121,19,102,21850.0,0
2025-09-11,Thursday,DAI-002,Kotmale Butter 200g,Dairy,750,0%,90,15,75,11250.0,0
2025-09-11,Thursday,SNA-001,Munchee Super Cream Cracker,Snacks,250,0%,205,34,171,8500.0,0
2025-09-11,Thursday,SNA-002,Maliban Lemon Puff,Snacks,300,0%,156,26,130,7800.0,0
2025-09-11,Thursday,PAN-001,Prima Wheat Flour 1kg,Pantry,220,10%,53,21,32,4158.0,0
2025-09-11,Thursday,PAN-002,Marina Coconut Oil 1L,Pantry,850,0%,89,15,74,12750.0,0
2025-09-11,Thursday,BEV-001,Coca Cola 1.5L,Beverages,450,0%,174,16,158,7200.0,0
2025-09-11,Thursday,PER-001,Signal Toothpaste 120g,Personal Care,230,10%,230,11,219,2277.0,0
2025-09-11,Thursday,PER-002,Lifebuoy Soap,Personal Care,150,0%,142,21,121,3150.0,0
2025-09-12,Friday,GRO-001,Keeri Samba 5kg,Grocery,1250,0%,59,14,45,17500.0,0
2025-09-12,Friday,GRO-002,Nadu Rice 5kg,Grocery,1100,0%,163,16,147,17600.0,0
2025-09-12,Friday,GRO-003,Mysore Dhal 1kg,Grocery,380,0%,93,37,56,14060.0,0
2025-09-12,Friday,DAI-001,Anchor Milk Powder 400g,Dairy,1150,0%,102,28,74,32200.0,0
2025-09-12,Friday,DAI-002,Kotmale Butter 200g,Dairy,750,10%,75,13,62,8775.0,0
2025-09-12,Friday,SNA-001,Munchee Super Cream Cracker,Snacks,250,10%,171,37,134,8325.0,0
2025-09-12,Friday,SNA-002,Maliban Lemon Puff,Snacks,300,0%,130,25,105,7500.0,0
2025-09-12,Friday,PAN-001,Prima Wheat Flour 1kg,Pantry,220,0%,232,23,209,5060.0,0
2025-09-12,Friday,PAN-002,Marina Coconut Oil 1L,Pantry,850,0%,74,19,55,16150.0,0
2025-09-12,Friday,BEV-001,Coca Cola 1.5L,Beverages,450,0%,158,19,139,8550.0,0
2025-09-12,Friday,PER-001,Signal Toothpaste 120g,Personal Care,230,0%,219,9,210,2070.0,0
2025-09-12,Friday,PER-002,Lifebuoy Soap,Personal Care,150,10%,121,32,89,4320.0,0
2025-09-13,Saturday,GRO-001,Keeri Samba 5kg,Grocery,1250,0%,45,23,22,28750.0,0
2025-09-13,Saturday,GRO-002,Nadu Rice 5kg,Grocery,1100,10%,147,26,121,25740.0,0
2025-09-13,Saturday,GRO-003,Mysore Dhal 1kg,Grocery,380,10%,56,35,21,11970.0,0
2025-09-13,Saturday,DAI-001,Anchor Milk Powder 400g,Dairy,1150,0%,74,40,34,46000.0,0
2025-09-13,Saturday,DAI-002,Kotmale Butter 200g,Dairy,750,0%,62,12,50,9000.0,0
2025-09-13,Saturday,SNA-001,Munchee Super Cream Cracker,Snacks,250,0%,134,62,72,15500.0,0
2025-09-13,Saturday,SNA-002,Maliban Lemon Puff,Snacks,300,0%,105,44,61,13200.0,0
2025-09-13,Saturday,PAN-001,Prima Wheat Flour 1kg,Pantry,220,0%,209,26,183,5720.0,0
2025-09-13,Saturday,PAN-002,Marina Coconut Oil 1L,Pantry,850,0%,55,18,37,15300.0,0
2025-09-13,Saturday,BEV-001,Coca Cola 1.5L,Beverages,450,0%,139,36,103,16200.0,0
2025-09-13,Saturday,PER-001,Signal Toothpaste 120g,Personal Care,230,0%,210,25,185,5750.0,0
2025-09-13,Saturday,PER-002,Lifebuoy Soap,Personal Care,150,0%,89,47,42,7050.0,0
2025-09-14,Sunday,GRO-001,Keeri Samba 5kg,Grocery,1250,0%,222,22,200,27500.0,0
2025-09-14,Sunday,GRO-002,Nadu Rice 5kg,Grocery,1100,10%,121,19,102,18810.0,0
2025-09-14,Sunday,GRO-003,Mysore Dhal 1kg,Grocery,380,0%,221,49,172,18620.0,0
2025-09-14,Sunday,DAI-001,Anchor Milk Powder 400g,Dairy,1150,10%,234,33,201,34155.0,0
2025-09-14,Sunday,DAI-002,Kotmale Butter 200g,Dairy,750,0%,50,12,38,9000.0,0
2025-09-14,Sunday,SNA-001,Munchee Super Cream Cracker,Snacks,250,0%,72,68,4,17000.0,0
2025-09-14,Sunday,SNA-002,Maliban Lemon Puff,Snacks,300,0%,61,36,25,10800.0,0
2025-09-14,Sunday,PAN-001,Prima Wheat Flour 1kg,Pantry,220,0%,183,22,161,4840.0,0
2025-09-14,Sunday,PAN-002,Marina Coconut Oil 1L,Pantry,850,0%,237,21,216,17850.0,0
2025-09-14,Sunday,BEV-001,Coca Cola 1.5L,Beverages,450,0%,103,22,81,9900.0,0
2025-09-14,Sunday,PER-001,Signal Toothpaste 120g,Personal Care,230,0%,185,22,163,5060.0,0
2025-09-14,Sunday,PER-002,Lifebuoy Soap,Personal Care,150,0%,42,42,0,6300.0,0
2025-09-15,Monday,GRO-001,Keeri Samba 5kg,Grocery,1250,0%,200,11,189,13750.0,0
2025-09-15,Monday,GRO-002,Nadu Rice 5kg,Grocery,1100,0%,102,21,81,23100.0,0
2025-09-15,Monday,GRO-003,Mysore Dhal 1kg,Grocery,380,0%,172,36,136,13680.0,0
2025-09-15,Monday,DAI-001,Anchor Milk Powder 400g,Dairy,1150,0%,201,30,171,34500.0,0
2025-09-15,Monday,DAI-002,Kotmale Butter 200g,Dairy,750,0%,238,11,227,8250.0,0
2025-09-15,Monday,SNA-001,Munchee Super Cream Cracker,Snacks,250,0%,204,30,174,7500.0,0
2025-09-15,Monday,SNA-002,Maliban Lemon Puff,Snacks,300,10%,225,29,196,7830.0,0
2025-09-15,Monday,PAN-001,Prima Wheat Flour 1kg,Pantry,220,0%,161,15,146,3300.0,0
2025-09-15,Monday,PAN-002,Marina Coconut Oil 1L,Pantry,850,0%,216,21,195,17850.0,0
2025-09-15,Monday,BEV-001,Coca Cola 1.5L,Beverages,450,0%,81,19,62,8550.0,0
2025-09-15,Monday,PER-001,Signal Toothpaste 120g,Personal Care,230,0%,163,14,149,3220.0,0
2025-09-15,Monday,PER-002,Lifebuoy Soap,Personal Care,150,0%,200,38,162,5700.0,0
2025-09-16,Tuesday,GRO-001,Keeri Samba 5kg,Grocery,1250,0%,189,16,173,20000.0,0
2025-09-16,Tuesday,GRO-002,Nadu Rice 5kg,Grocery,1100,0%,81,23,58,25300.0,0
2025-09-16,Tuesday,GRO-003,Mysore Dhal 1kg,Grocery,380,0%,136,25,111,9500.0,0
2025-09-16,Tuesday,DAI-001,Anchor Milk Powder 400g,Dairy,1150,0%,171,22,149,25300.0,0
2025-09-16,Tuesday,DAI-002,Kotmale Butter 200g,Dairy,750,0%,227,10,217,7500.0,0
2025-09-16,Tuesday,SNA-001,Munchee Super Cream Cracker,Snacks,250,0%,174,36,138,9000.0,0
2025-09-16,Tuesday,SNA-002,Maliban Lemon Puff,Snacks,300,0%,196,29,167,8700.0,0
2025-09-16,Tuesday,PAN-001,Prima Wheat Flour 1kg,Pantry,220,0%,146,25,121,5500.0,0
2025-09-16,Tuesday,PAN-002,Marina Coconut Oil 1L,Pantry,850,10%,195,18,177,13770.0,0
2025-09-16,Tuesday,BEV-001,Coca Cola 1.5L,Beverages,450,10%,62,22,40,8910.0,0
2025-09-16,Tuesday,PER-001,Signal Toothpaste 120g,Personal Care,230,0%,149,16,133,3680.0,0
2025-09-16,Tuesday,PER-002,Lifebuoy Soap,Personal Care,150,0%,162,24,138,3600.0,0
2025-09-17,Wednesday,GRO-001,Keeri Samba 5kg,Grocery,1250,0%,173,19,154,23750.0,0
2025-09-17,Wednesday,GRO-002,Nadu Rice 5kg,Grocery,1100,0%,58,18,40,19800.0,0
2025-09-17,Wednesday,GRO-003,Mysore Dhal 1kg,Grocery,380,0%,111,38,73,14440.0,0
2025-09-17,Wednesday,DAI-001,Anchor Milk Powder 400g,Dairy,1150,10%,149,28,121,28980.0,0
2025-09-17,Wednesday,DAI-002,Kotmale Butter 200g,Dairy,750,0%,217,11,206,8250.0,0
2025-09-17,Wednesday,SNA-001,Munchee Super Cream Cracker,Snacks,250,0%,138,31,107,7750.0,0
2025-09-17,Wednesday,SNA-002,Maliban Lemon Puff,Snacks,300,10%,167,33,134,8910.0,0
2025-09-17,Wednesday,PAN-001,Prima Wheat Flour 1kg,Pantry,220,0%,121,27,94,5940.0,0
2025-09-17,Wednesday,PAN-002,Marina Coconut Oil 1L,Pantry,850,10%,177,13,164,9945.0,0
2025-09-17,Wednesday,BEV-001,Coca Cola 1.5L,Beverages,450,0%,40,23,17,10350.0,0
2025-09-17,Wednesday,PER-001,Signal Toothpaste 120g,Personal Care,230,0%,133,16,117,3680.0,0
2025-09-17,Wednesday,PER-002,Lifebuoy Soap,Personal Care,150,0%,138,24,114,3600.0,0
2025-09-18,Thursday,GRO-001,Keeri Samba 5kg,Grocery,1250,0%,154,16,138,20000.0,0
2025-09-18,Thursday,GRO-002,Nadu Rice 5kg,Grocery,1100,0%,40,28,12,30800.0,0
2025-09-18,Thursday,GRO-003,Mysore Dhal 1kg,Grocery,380,0%,73,31,42,11780.0,0
2025-09-18,Thursday,DAI-001,Anchor Milk Powder 400g,Dairy,1150,0%,121,26,95,29900.0,0
2025-09-18,Thursday,DAI-002,Kotmale Butter 200g,Dairy,750,0%,206,12,194,9000.0,0
2025-09-18,Thursday,SNA-001,Munchee Super Cream Cracker,Snacks,250,0%,107,42,65,10500.0,0
2025-09-18,Thursday,SNA-002,Maliban Lemon Puff,Snacks,300,0%,134,27,107,8100.0,0
2025-09-18,Thursday,PAN-001,Prima Wheat Flour 1kg,Pantry,220,0%,94,24,70,5280.0,0
2025-09-18,Thursday,PAN-002,Marina Coconut Oil 1L,Pantry,850,10%,164,25,139,19125.0,0
2025-09-18,Thursday,BEV-001,Coca Cola 1.5L,Beverages,450,0%,217,21,196,9450.0,0
2025-09-18,Thursday,PER-001,Signal Toothpaste 120g,Personal Care,230,0%,117,21,96,4830.0,0
2025-09-18,Thursday,PER-002,Lifebuoy Soap,Personal Care,150,10%,114,29,85,3915.0,0
2025-09-19,Friday,GRO-001,Keeri Samba 5kg,Grocery,1250,0%,138,15,123,18750.0,0
2025-09-19,Friday,GRO-002,Nadu Rice 5kg,Grocery,1100,0%,212,18,194,19800.0,0
2025-09-19,Friday,GRO-003,Mysore Dhal 1kg,Grocery,380,0%,42,27,15,10260.0,0
2025-09-19,Friday,DAI-001,Anchor Milk Powder 400g,Dairy,1150,0%,95,24,71,27600.0,0
2025-09-19,Friday,DAI-002,Kotmale Butter 200g,Dairy,750,0%,194,13,181,9750.0,0
2025-09-19,Friday,SNA-001,Munchee Super Cream Cracker,Snacks,250,10%,65,33,32,7425.0,0
2025-09-19,Friday,SNA-002,Maliban Lemon Puff,Snacks,300,0%,107,23,84,6900.0,0
2025-09-19,Friday,PAN-001,Prima Wheat Flour 1kg,Pantry,220,0%,70,17,53,3740.0,0
2025-09-19,Friday,PAN-002,Marina Coconut Oil 1L,Pantry,850,0%,139,19,120,16150.0,0
2025-09-19,Friday,BEV-001,Coca Cola 1.5L,Beverages,450,10%,196,20,176,8100.0,0
2025-09-19,Friday,PER-001,Signal Toothpaste 120g,Personal Care,230,0%,96,12,84,2760.0,0
2025-09-19,Friday,PER-002,Lifebuoy Soap,Personal Care,150,0%,85,36,49,5400.0,0
2025-09-20,Saturday,GRO-001,Keeri Samba 5kg,Grocery,1250,0%,123,21,102,26250.0,0
2025-09-20,Saturday,GRO-002,Nadu Rice 5kg,Grocery,1100,0%,194,35,159,38500.0,0
2025-09-20,Saturday,GRO-003,Mysore Dhal 1kg,Grocery,380,0%,215,40,175,15200.0,0
2025-09-20,Saturday,DAI-001,Anchor Milk Powder 400g,Dairy,1150,0%,71,25,46,28750.0,0
2025-09-20,Saturday,DAI-002,Kotmale Butter 200g,Dairy,750,0%,181,15,166,11250.0,0
2025-09-20,Saturday,SNA-001,Munchee Super Cream Cracker,Snacks,250,0%,232,56,176,14000.0,0
2025-09-20,Saturday,SNA-002,Maliban Lemon Puff,Snacks,300,0%,84,53,31,15900.0,0
2025-09-20,Saturday,PAN-001,Prima Wheat Flour 1kg,Pantry,220,0%,53,22,31,4840.0,0
2025-09-20,Saturday,PAN-002,Marina Coconut Oil 1L,Pantry,850,0%,120,29,91,24650.0,0
2025-09-20,Saturday,BEV-001,Coca Cola 1.5L,Beverages,450,0%,176,23,153,10350.0,0
2025-09-20,Saturday,PER-001,Signal Toothpaste 120g,Personal Care,230,10%,84,18,66,3726.0,0
2025-09-20,Saturday,PER-002,Lifebuoy Soap,Personal Care,150,10%,49,47,2,6345.0,0
2025-09-21,Sunday,GRO-001,Keeri Samba 5kg,Grocery,1250,10%,102,19,83,21375.0,0
2025-09-21,Sunday,GRO-002,Nadu Rice 5kg,Grocery,1100,0%,159,33,126,36300.0,0
2025-09-21,Sunday,GRO-003,Mysore Dhal 1kg,Grocery,380,0%,175,46,129,17480.0,0
2025-09-21,Sunday,DAI-001,Anchor Milk Powder 400g,Dairy,1150,10%,46,37,9,38295.0,0
2025-09-21,Sunday,DAI-002,Kotmale Butter 200g,Dairy,750,0%,166,19,147,14250.0,0
2025-09-21,Sunday,SNA-001,Munchee Super Cream Cracker,Snacks,250,0%,176,44,132,11000.0,0
2025-09-21,Sunday,SNA-002,Maliban Lemon Puff,Snacks,300,0%,231,37,194,11100.0,0
2025-09-21,Sunday,PAN-001,Prima Wheat Flour 1kg,Pantry,220,0%,231,22,209,4840.0,0
2025-09-21,Sunday,PAN-002,Marina Coconut Oil 1L,Pantry,850,0%,91,25,66,21250.0,0
2025-09-21,Sunday,BEV-001,Coca Cola 1.5L,Beverages,450,0%,153,21,132,9450.0,0
2025-09-21,Sunday,PER-001,Signal Toothpaste 120g,Personal Care,230,10%,66,25,41,5175.0,0
2025-09-21,Sunday,PER-002,Lifebuoy Soap,Personal Care,150,10%,202,35,167,4725.0,0
2025-09-22,Monday,GRO-001,Keeri Samba 5kg,Grocery,1250,10%,83,19,64,21375.0,0
2025-09-22,Monday,GRO-002,Nadu Rice 5kg,Grocery,1100,0%,126,19,107,20900.0,0
2025-09-22,Monday,GRO-003,Mysore Dhal 1kg,Grocery,380,0%,129,34,95,12920.0,0
2025-09-22,Monday,DAI-001,Anchor Milk Powder 400g,Dairy,1150,0%,209,24,185,27600.0,0
2025-09-22,Monday,DAI-002,Kotmale Butter 200g,Dairy,750,0%,147,11,136,8250.0,0
2025-09-22,Monday,SNA-001,Munchee Super Cream Cracker,Snacks,250,0%,132,20,112,5000.0,0
2025-09-22,Monday,SNA-002,Maliban Lemon Puff,Snacks,300,0%,194,22,172,6600.0,0
2025-09-22,Monday,PAN-001,Prima Wheat Flour 1kg,Pantry,220,0%,209,24,185,5280.0,0
2025-09-22,Monday,PAN-002,Marina Coconut Oil 1L,Pantry,850,0%,66,22,44,18700.0,0
2025-09-22,Monday,BEV-001,Coca Cola 1.5L,Beverages,450,0%,132,21,111,9450.0,0
2025-09-22,Monday,PER-001,Signal Toothpaste 120g,Personal Care,230,0%,41,16,25,3680.0,0
2025-09-22,Monday,PER-002,Lifebuoy Soap,Personal Care,150,0%,167,36,131,5400.0,0
2025-09-23,Tuesday,GRO-001,Keeri Samba 5kg,Grocery,1250,0%,64,12,52,15000.0,0
2025-09-23,Tuesday,GRO-002,Nadu Rice 5kg,Grocery,1100,10%,107,10,97,9900.0,0
2025-09-23,Tuesday,GRO-003,Mysore Dhal 1kg,Grocery,380,10%,95,32,63,10944.0,0
2025-09-23,Tuesday,DAI-001,Anchor Milk Powder 400g,Dairy,1150,10%,185,19,166,19665.0,0
2025-09-23,Tuesday,DAI-002,Kotmale Butter 200g,Dairy,750,0%,136,11,125,8250.0,0
2025-09-23,Tuesday,SNA-001,Munchee Super Cream Cracker,Snacks,250,10%,112,34,78,7650.0,0
2025-09-23,Tuesday,SNA-002,Maliban Lemon Puff,Snacks,300,0%,172,32,140,9600.0,0
2025-09-23,Tuesday,PAN-001,Prima Wheat Flour 1kg,Pantry,220,0%,185,20,165,4400.0,0
2025-09-23,Tuesday,PAN-002,Marina Coconut Oil 1L,Pantry,850,0%,44,12,32,10200.0,0
2025-09-23,Tuesday,BEV-001,Coca Cola 1.5L,Beverages,450,0%,111,12,99,5400.0,0
2025-09-23,Tuesday,PER-001,Signal Toothpaste 120g,Personal Care,230,10%,225,15,210,3105.0,0
2025-09-23,Tuesday,PER-002,Lifebuoy Soap,Personal Care,150,0%,131,28,103,4200.0,0
2025-09-24,Wednesday,GRO-001,Keeri Samba 5kg,Grocery,1250,0%,52,15,37,18750.0,0
2025-09-24,Wednesday,GRO-002,Nadu Rice 5kg,Grocery,1100,0%,97,19,78,20900.0,0
2025-09-24,Wednesday,GRO-003,Mysore Dhal 1kg,Grocery,380,0%,63,21,42,7980.0,0
2025-09-24,Wednesday,DAI-001,Anchor Milk Powder 400g,Dairy,1150,0%,166,28,138,32200.0,0
2025-09-24,Wednesday,DAI-002,Kotmale Butter 200g,Dairy,750,0%,125,8,117,6000.0,0
2025-09-24,Wednesday,SNA-001,Munchee Super Cream Cracker,Snacks,250,0%,78,33,45,8250.0,0
2025-09-24,Wednesday,SNA-002,Maliban Lemon Puff,Snacks,300,0%,140,17,123,5100.0,0
2025-09-24,Wednesday,PAN-001,Prima Wheat Flour 1kg,Pantry,220,0%,165,20,145,4400.0,0
2025-09-24,Wednesday,PAN-002,Marina Coconut Oil 1L,Pantry,850,0%,232,17,215,14450.0,0
2025-09-24,Wednesday,BEV-001,Coca Cola 1.5L,Beverages,450,0%,99,15,84,6750.0,0
2025-09-24,Wednesday,PER-001,Signal Toothpaste 120g,Personal Care,230,0%,210,18,192,4140.0,0
2025-09-24,Wednesday,PER-002,Lifebuoy Soap,Personal Care,150,0%,103,32,71,4800.0,0
2025-09-25,Thursday,GRO-001,Keeri Samba 5kg,Grocery,1250,10%,237,18,219,20250.0,0
2025-09-25,Thursday,GRO-002,Nadu Rice 5kg,Grocery,1100,10%,78,24,54,23760.0,0
2025-09-25,Thursday,GRO-003,Mysore Dhal 1kg,Grocery,380,10%,42,23,19,7866.0,0
2025-09-25,Thursday,DAI-001,Anchor Milk Powder 400g,Dairy,1150,0%,138,28,110,32200.0,0
2025-09-25,Thursday,DAI-002,Kotmale Butter 200g,Dairy,750,10%,117,11,106,7425.0,0
2025-09-25,Thursday,SNA-001,Munchee Super Cream Cracker,Snacks,250,0%,45,22,23,5500.0,0
2025-09-25,Thursday,SNA-002,Maliban Lemon Puff,Snacks,300,0%,123,23,100,6900.0,0
2025-09-25,Thursday,PAN-001,Prima Wheat Flour 1kg,Pantry,220,0%,145,28,117,6160.0,0
2025-09-25,Thursday,PAN-002,Marina Coconut Oil 1L,Pantry,850,0%,215,17,198,14450.0,0
2025-09-25,Thursday,BEV-001,Coca Cola 1.5L,Beverages,450,0%,84,19,65,8550.0,0
2025-09-25,Thursday,PER-001,Signal Toothpaste 120g,Personal Care,230,0%,192,10,182,2300.0,0
2025-09-25,Thursday,PER-002,Lifebuoy Soap,Personal Care,150,0%,71,25,46,3750.0,0
2025-09-26,Friday,GRO-001,Keeri Samba 5kg,Grocery,1250,10%,219,19,200,21375.0,0
2025-09-26,Friday,GRO-002,Nadu Rice 5kg,Grocery,1100,0%,54,25,29,27500.0,0
2025-09-26,Friday,GRO-003,Mysore Dhal 1kg,Grocery,380,0%,219,30,189,11400.0,0
2025-09-26,Friday,DAI-001,Anchor Milk Powder 400g,Dairy,1150,10%,110,26,84,26910.0,0
2025-09-26,Friday,DAI-002,Kotmale Butter 200g,Dairy,750,0%,106,15,91,11250.0,0
2025-09-26,Friday,SNA-001,Munchee Super Cream Cracker,Snacks,250,0%,223,30,193,7500.0,0
2025-09-26,Friday,SNA-002,Maliban Lemon Puff,Snacks,300,0%,100,34,66,10200.0,0
2025-09-26,Friday,PAN-001,Prima Wheat Flour 1kg,Pantry,220,0%,117,33,84,7260.0,0
2025-09-26,Friday,PAN-002,Marina Coconut Oil 1L,Pantry,850,0%,198,19,179,16150.0,0
2025-09-26,Friday,BEV-001,Coca Cola 1.5L,Beverages,450,0%,65,16,49,7200.0,0
2025-09-26,Friday,PER-001,Signal Toothpaste 120g,Personal Care,230,0%,182,15,167,3450.0,0
2025-09-26,Friday,PER-002,Lifebuoy Soap,Personal Care,150,0%,46,18,28,2700.0,0
2025-09-27,Saturday,GRO-001,Keeri Samba 5kg,Grocery,1250,10%,200,25,175,28125.0,0
2025-09-27,Saturday,GRO-002,Nadu Rice 5kg,Grocery,1100,10%,229,36,193,35640.0,0
2025-09-27,Saturday,GRO-003,Mysore Dhal 1kg,Grocery,380,0%,189,37,152,14060.0,0
2025-09-27,Saturday,DAI-001,Anchor Milk Powder 400g,Dairy,1150,0%,84,43,41,49450.0,0
2025-09-27,Saturday,DAI-002,Kotmale Butter 200g,Dairy,750,0%,91,21,70,15750.0,0
2025-09-27,Saturday,SNA-001,Munchee Super Cream Cracker,Snacks,250,10%,193,56,137,12600.0,0
2025-09-27,Saturday,SNA-002,Maliban Lemon Puff,Snacks,300,10%,66,39,27,10530.0,0
2025-09-27,Saturday,PAN-001,Prima Wheat Flour 1kg,Pantry,220,0%,84,35,49,7700.0,0
2025-09-27,Saturday,PAN-002,Marina Coconut Oil 1L,Pantry,850,10%,179,21,158,16065.0,0
2025-09-27,Saturday,BEV-001,Coca Cola 1.5L,Beverages,450,0%,49,23,26,10350.0,0
2025-09-27,Saturday,PER-001,Signal Toothpaste 120g,Personal Care,230,0%,167,18,149,4140.0,0
2025-09-27,Saturday,PER-002,Lifebuoy Soap,Personal Care,150,0%,228,25,203,3750.0,0
2025-09-28,Sunday,GRO-001,Keeri Samba 5kg,Grocery,1250,0%,175,12,163,15000.0,0
2025-09-28,Sunday,GRO-002,Nadu Rice 5kg,Grocery,1100,0%,193,16,177,17600.0,0
2025-09-28,Sunday,GRO-003,Mysore Dhal 1kg,Grocery,380,0%,152,36,116,13680.0,0
2025-09-28,Sunday,DAI-001,Anchor Milk Powder 400g,Dairy,1150,0%,41,25,16,28750.0,0
2025-09-28,Sunday,DAI-002,Kotmale Butter 200g,Dairy,750,0%,70,8,62,6000.0,0
2025-09-28,Sunday,SNA-001,Munchee Super Cream Cracker,Snacks,250,0%,137,32,105,8000.0,0
2025-09-28,Sunday,SNA-002,Maliban Lemon Puff,Snacks,300,10%,227,32,195,8640.0,0
2025-09-28,Sunday,PAN-001,Prima Wheat Flour 1kg,Pantry,220,0%,49,30,19,6600.0,0
2025-09-28,Sunday,PAN-002,Marina Coconut Oil 1L,Pantry,850,10%,158,36,122,27540.0,0
2025-09-28,Sunday,BEV-001,Coca Cola 1.5L,Beverages,450,0%,226,26,200,11700.0,0
2025-09-28,Sunday,PER-001,Signal Toothpaste 120g,Personal Care,230,0%,149,26,123,5980.0,0
2025-09-28,Sunday,PER-002,Lifebuoy Soap,Personal Care,150,0%,203,42,161,6300.0,0
2025-09-29,Monday,GRO-001,Keeri Samba 5kg,Grocery,1250,0%,163,12,151,15000.0,0
2025-09-29,Monday,GRO-002,Nadu Rice 5kg,Grocery,1100,0%,177,21,156,23100.0,0
2025-09-29,Monday,GRO-003,Mysore Dhal 1kg,Grocery,380,0%,116,37,79,14060.0,0
2025-09-29,Monday,DAI-001,Anchor Milk Powder 400g,Dairy,1150,10%,216,20,196,20700.0,0
2025-09-29,Monday,DAI-002,Kotmale Butter 200g,Dairy,750,0%,62,14,48,10500.0,0
2025-09-29,Monday,SNA-001,Munchee Super Cream Cracker,Snacks,250,0%,105,28,77,7000.0,0
2025-09-29,Monday,SNA-002,Maliban Lemon Puff,Snacks,300,0%,195,37,158,11100.0,0
2025-09-29,Monday,PAN-001,Prima Wheat Flour 1kg,Pantry,220,0%,219,17,202,3740.0,0
2025-09-29,Monday,PAN-002,Marina Coconut Oil 1L,Pantry,850,0%,122,16,106,13600.0,0
2025-09-29,Monday,BEV-001,Coca Cola 1.5L,Beverages,450,0%,200,18,182,8100.0,0
2025-09-29,Monday,PER-001,Signal Toothpaste 120g,Personal Care,230,0%,123,11,112,2530.0,0
2025-09-29,Monday,PER-002,Lifebuoy Soap,Personal Care,150,0%,161,30,131,4500.0,0
2025-09-30,Tuesday,GRO-001,Keeri Samba 5kg,Grocery,1250,0%,151,12,139,15000.0,0
2025-09-30,Tuesday,GRO-002,Nadu Rice 5kg,Grocery,1100,0%,156,25,131,27500.0,0
2025-09-30,Tuesday,GRO-003,Mysore Dhal 1kg,Grocery,380,10%,79,25,54,8550.0,0
2025-09-30,Tuesday,DAI-001,Anchor Milk Powder 400g,Dairy,1150,10%,196,23,173,23805.0,0
2025-09-30,Tuesday,DAI-002,Kotmale Butter 200g,Dairy,750,0%,48,12,36,9000.0,0
2025-09-30,Tuesday,SNA-001,Munchee Super Cream Cracker,Snacks,250,0%,77,23,54,5750.0,0
2025-09-30,Tuesday,SNA-002,Maliban Lemon Puff,Snacks,300,0%,158,21,137,6300.0,0
2025-09-30,Tuesday,PAN-001,Prima Wheat Flour 1kg,Pantry,220,0%,202,13,189,2860.0,0
2025-09-30,Tuesday,PAN-002,Marina Coconut Oil 1L,Pantry,850,0%,106,22,84,18700.0,0
2025-09-30,Tuesday,BEV-001,Coca Cola 1.5L,Beverages,450,0%,182,23,159,10350.0,0
2025-09-30,Tuesday,PER-001,Signal Toothpaste 120g,Personal Care,230,0%,112,12,100,2760.0,0
2025-09-30,Tuesday,PER-002,Lifebuoy Soap,Personal Care,150,0%,131,29,102,4350.0,0
2025-10-01,Wednesday,GRO-001,Keeri Samba 5kg,Grocery,1250,10%,139,15,124,16875.0,0
2025-10-01,Wednesday,GRO-002,Nadu Rice 5kg,Grocery,1100,0%,131,25,106,27500.0,0
2025-10-01,Wednesday,GRO-003,Mysore Dhal 1kg,Grocery,380,10%,54,37,17,12654.0,0
2025-10-01,Wednesday,DAI-001,Anchor Milk Powder 400g,Dairy,1150,0%,173,31,142,35650.0,0
2025-10-01,Wednesday,DAI-002,Kotmale Butter 200g,Dairy,750,0%,236,11,225,8250.0,0
2025-10-01,Wednesday,SNA-001,Munchee Super Cream Cracker,Snacks,250,0%,54,42,12,10500.0,0
2025-10-01,Wednesday,SNA-002,Maliban Lemon Puff,Snacks,300,10%,137,26,111,7020.0,0
2025-10-01,Wednesday,PAN-001,Prima Wheat Flour 1kg,Pantry,220,10%,189,16,173,3168.0,0
2025-10-01,Wednesday,PAN-002,Marina Coconut Oil 1L,Pantry,850,0%,84,19,65,16150.0,0
2025-10-01,Wednesday,BEV-001,Coca Cola 1.5L,Beverages,450,0%,159,17,142,7650.0,0
2025-10-01,Wednesday,PER-001,Signal Toothpaste 120g,Personal Care,230,0%,100,14,86,3220.0,0
2025-10-01,Wednesday,PER-002,Lifebuoy Soap,Personal Care,150,0%,102,35,67,5250.0,0
2025-10-02,Thursday,GRO-001,Keeri Samba 5kg,Grocery,1250,0%,124,14,110,17500.0,0
2025-10-02,Thursday,GRO-002,Nadu Rice 5kg,Grocery,1100,0%,106,21,85,23100.0,0
2025-10-02,Thursday,GRO-003,Mysore Dhal 1kg,Grocery,380,0%,217,28,189,10640.0,0
2025-10-02,Thursday,DAI-001,Anchor Milk Powder 400g,Dairy,1150,0%,142,27,115,31050.0,0
2025-10-02,Thursday,DAI-002,Kotmale Butter 200g,Dairy,750,0%,225,9,216,6750.0,0
2025-10-02,Thursday,SNA-001,Munchee Super Cream Cracker,Snacks,250,0%,212,32,180,8000.0,0
2025-10-02,Thursday,SNA-002,Maliban Lemon Puff,Snacks,300,0%,111,33,78,9900.0,0
2025-10-02,Thursday,PAN-001,Prima Wheat Flour 1kg,Pantry,220,0%,173,18,155,3960.0,0
2025-10-02,Thursday,PAN-002,Marina Coconut Oil 1L,Pantry,850,0%,65,22,43,18700.0,0
2025-10-02,Thursday,BEV-001,Coca Cola 1.5L,Beverages,450,0%,142,13,129,5850.0,0
2025-10-02,Thursday,PER-001,Signal Toothpaste 120g,Personal Care,230,0%,86,13,73,2990.0,0
2025-10-02,Thursday,PER-002,Lifebuoy Soap,Personal Care,150,0%,67,34,33,5100.0,0
2025-10-03,Friday,GRO-001,Keeri Samba 5kg,Grocery,1250,0%,110,17,93,21250.0,0
2025-10-03,Friday,GRO-002,Nadu Rice 5kg,Grocery,1100,0%,85,19,66,20900.0,0
2025-10-03,Friday,GRO-003,Mysore Dhal 1kg,Grocery,380,0%,189,28,161,10640.0,0
2025-10-03,Friday,DAI-001,Anchor Milk Powder 400g,Dairy,1150,0%,115,22,93,25300.0,0
2025-10-03,Friday,DAI-002,Kotmale Butter 200g,Dairy,750,0%,216,13,203,9750.0,0
2025-10-03,Friday,SNA-001,Munchee Super Cream Cracker,Snacks,250,0%,180,35,145,8750.0,0
2025-10-03,Friday,SNA-002,Maliban Lemon Puff,Snacks,300,0%,78,16,62,4800.0,0
2025-10-03,Friday,PAN-001,Prima Wheat Flour 1kg,Pantry,220,0%,155,28,127,6160.0,0
2025-10-03,Friday,PAN-002,Marina Coconut Oil 1L,Pantry,850,0%,43,15,28,12750.0,0
2025-10-03,Friday,BEV-001,Coca Cola 1.5L,Beverages,450,10%,129,14,115,5670.0,0
2025-10-03,Friday,PER-001,Signal Toothpaste 120g,Personal Care,230,10%,73,13,60,2691.0,0
2025-10-03,Friday,PER-002,Lifebuoy Soap,Personal Care,150,0%,233,40,193,6000.0,0
2025-10-04,Saturday,GRO-001,Keeri Samba 5kg,Grocery,1250,0%,93,23,70,28750.0,0
2025-10-04,Saturday,GRO-002,Nadu Rice 5kg,Grocery,1100,10%,66,25,41,24750.0,0
2025-10-04,Saturday,GRO-003,Mysore Dhal 1kg,Grocery,380,10%,161,37,124,12654.0,0
2025-10-04,Saturday,DAI-001,Anchor Milk Powder 400g,Dairy,1150,0%,93,33,60,37950.0,0
2025-10-04,Saturday,DAI-002,Kotmale Butter 200g,Dairy,750,0%,203,15,188,11250.0,0
2025-10-04,Saturday,SNA-001,Munchee Super Cream Cracker,Snacks,250,0%,145,57,88,14250.0,0
2025-10-04,Saturday,SNA-002,Maliban Lemon Puff,Snacks,300,0%,62,36,26,10800.0,0
2025-10-04,Saturday,PAN-001,Prima Wheat Flour 1kg,Pantry,220,0%,127,37,90,8140.0,0
2025-10-04,Saturday,PAN-002,Marina Coconut Oil 1L,Pantry,850,0%,228,23,205,19550.0,0
2025-10-04,Saturday,BEV-001,Coca Cola 1.5L,Beverages,450,0%,115,12,103,5400.0,0
2025-10-04,Saturday,PER-001,Signal Toothpaste 120g,Personal Care,230,0%,60,22,38,5060.0,0
2025-10-04,Saturday,PER-002,Lifebuoy Soap,Personal Care,150,0%,193,53,140,7950.0,0
2025-10-05,Sunday,GRO-001,Keeri Samba 5kg,Grocery,1250,0%,70,14,56,17500.0,0
2025-10-05,Sunday,GRO-002,Nadu Rice 5kg,Grocery,1100,10%,41,41,0,40590.0,0
2025-10-05,Sunday,GRO-003,Mysore Dhal 1kg,Grocery,380,0%,124,43,81,16340.0,0
2025-10-05,Sunday,DAI-001,Anchor Milk Powder 400g,Dairy,1150,0%,60,32,28,36800.0,0
2025-10-05,Sunday,DAI-002,Kotmale Butter 200g,Dairy,750,10%,188,18,170,12150.0,0
2025-10-05,Sunday,SNA-001,Munchee Super Cream Cracker,Snacks,250,0%,88,36,52,9000.0,0
2025-10-05,Sunday,SNA-002,Maliban Lemon Puff,Snacks,300,0%,226,30,196,9000.0,0
2025-10-05,Sunday,PAN-001,Prima Wheat Flour 1kg,Pantry,220,0%,90,26,64,5720.0,0
2025-10-05,Sunday,PAN-002,Marina Coconut Oil 1L,Pantry,850,0%,205,33,172,28050.0,0
2025-10-05,Sunday,BEV-001,Coca Cola 1.5L,Beverages,450,0%,103,18,85,8100.0,0
2025-10-05,Sunday,PER-001,Signal Toothpaste 120g,Personal Care,230,0%,238,23,215,5290.0,0
2025-10-05,Sunday,PER-002,Lifebuoy Soap,Personal Care,150,0%,140,50,90,7500.0,0
2025-10-06,Monday,GRO-001,Keeri Samba 5kg,Grocery,1250,0%,56,19,37,23750.0,0
2025-10-06,Monday,GRO-002,Nadu Rice 5kg,Grocery,1100,0%,200,20,180,22000.0,0
2025-10-06,Monday,GRO-003,Mysore Dhal 1kg,Grocery,380,0%,81,36,45,13680.0,0
2025-10-06,Monday,DAI-001,Anchor Milk Powder 400g,Dairy,1150,10%,228,28,200,28980.0,0
2025-10-06,Monday,DAI-002,Kotmale Butter 200g,Dairy,750,0%,170,18,152,13500.0,0
2025-10-06,Monday,SNA-001,Munchee Super Cream Cracker,Snacks,250,0%,52,40,12,10000.0,0
2025-10-06,Monday,SNA-002,Maliban Lemon Puff,Snacks,300,0%,196,39,157,11700.0,0
2025-10-06,Monday,PAN-001,Prima Wheat Flour 1kg,Pantry,220,0%,64,24,40,5280.0,0
2025-10-06,Monday,PAN-002,Marina Coconut Oil 1L,Pantry,850,0%,172,24,148,20400.0,0
2025-10-06,Monday,BEV-001,Coca Cola 1.5L,Beverages,450,0%,85,15,70,6750.0,0
2025-10-06,Monday,PER-001,Signal Toothpaste 120g,Personal Care,230,0%,215,14,201,3220.0,0
2025-10-06,Monday,PER-002,Lifebuoy Soap,Personal Care,150,0%,90,26,64,3900.0,0
2025-10-07,Tuesday,GRO-001,Keeri Samba 5kg,Grocery,1250,0%,237,14,223,17500.0,0
2025-10-07,Tuesday,GRO-002,Nadu Rice 5kg,Grocery,1100,0%,180,18,162,19800.0,0
2025-10-07,Tuesday,GRO-003,Mysore Dhal 1kg,Grocery,380,0%,45,38,7,14440.0,0
2025-10-07,Tuesday,DAI-001,Anchor Milk Powder 400g,Dairy,1150,0%,200,22,178,25300.0,0
2025-10-07,Tuesday,DAI-002,Kotmale Butter 200g,Dairy,750,10%,152,12,140,8100.0,0
2025-10-07,Tuesday,SNA-001,Munchee Super Cream Cracker,Snacks,250,0%,212,36,176,9000.0,0
2025-10-07,Tuesday,SNA-002,Maliban Lemon Puff,Snacks,300,10%,157,26,131,7020.0,0
2025-10-07,Tuesday,PAN-001,Prima Wheat Flour 1kg,Pantry,220,0%,40,22,18,4840.0,0
2025-10-07,Tuesday,PAN-002,Marina Coconut Oil 1L,Pantry,850,0%,148,19,129,16150.0,0
2025-10-07,Tuesday,BEV-001,Coca Cola 1.5L,Beverages,450,0%,70,14,56,6300.0,0
2025-10-07,Tuesday,PER-001,Signal Toothpaste 120g,Personal Care,230,0%,201,11,190,2530.0,0
2025-10-07,Tuesday,PER-002,Lifebuoy Soap,Personal Care,150,0%,64,27,37,4050.0,0
2025-10-08,Wednesday,GRO-001,Keeri Samba 5kg,Grocery,1250,0%,223,12,211,15000.0,0
2025-10-08,Wednesday,GRO-002,Nadu Rice 5kg,Grocery,1100,0%,162,15,147,16500.0,0
2025-10-08,Wednesday,GRO-003,Mysore Dhal 1kg,Grocery,380,0%,207,22,185,8360.0,0
2025-10-08,Wednesday,DAI-001,Anchor Milk Powder 400g,Dairy,1150,10%,178,15,163,15525.0,0
2025-10-08,Wednesday,DAI-002,Kotmale Butter 200g,Dairy,750,0%,140,10,130,7500.0,0
2025-10-08,Wednesday,SNA-001,Munchee Super Cream Cracker,Snacks,250,0%,176,41,135,10250.0,0
2025-10-08,Wednesday,SNA-002,Maliban Lemon Puff,Snacks,300,0%,131,35,96,10500.0,0
2025-10-08,Wednesday,PAN-001,Prima Wheat Flour 1kg,Pantry,220,10%,218,22,196,4356.0,0
2025-10-08,Wednesday,PAN-002,Marina Coconut Oil 1L,Pantry,850,0%,129,22,107,18700.0,0
2025-10-08,Wednesday,BEV-001,Coca Cola 1.5L,Beverages,450,0%,56,17,39,7650.0,0
2025-10-08,Wednesday,PER-001,Signal Toothpaste 120g,Personal Care,230,0%,190,12,178,2760.0,0
2025-10-08,Wednesday,PER-002,Lifebuoy Soap,Personal Care,150,0%,237,29,208,4350.0,0
2025-10-09,Thursday,GRO-001,Keeri Samba 5kg,Grocery,1250,0%,211,20,191,25000.0,0
2025-10-09,Thursday,GRO-002,Nadu Rice 5kg,Grocery,1100,0%,147,14,133,15400.0,0
2025-10-09,Thursday,GRO-003,Mysore Dhal 1kg,Grocery,380,0%,185,37,148,14060.0,0
2025-10-09,Thursday,DAI-001,Anchor Milk Powder 400g,Dairy,1150,10%,163,21,142,21735.0,0
2025-10-09,Thursday,DAI-002,Kotmale Butter 200g,Dairy,750,0%,130,11,119,8250.0,0
2025-10-09,Thursday,SNA-001,Munchee Super Cream Cracker,Snacks,250,10%,135,20,115,4500.0,0
2025-10-09,Thursday,SNA-002,Maliban Lemon Puff,Snacks,300,0%,96,18,78,5400.0,0
2025-10-09,Thursday,PAN-001,Prima Wheat Flour 1kg,Pantry,220,0%,196,26,170,5720.0,0
2025-10-09,Thursday,PAN-002,Marina Coconut Oil 1L,Pantry,850,0%,107,21,86,17850.0,0
2025-10-09,Thursday,BEV-001,Coca Cola 1.5L,Beverages,450,0%,239,6,233,2700.0,0
2025-10-09,Thursday,PER-001,Signal Toothpaste 120g,Personal Care,230,0%,178,13,165,2990.0,0
2025-10-09,Thursday,PER-002,Lifebuoy Soap,Personal Care,150,0%,208,28,180,4200.0,0
2025-10-10,Friday,GRO-001,Keeri Samba 5kg,Grocery,1250,0%,191,14,177,17500.0,0
2025-10-10,Friday,GRO-002,Nadu Rice 5kg,Grocery,1100,0%,133,21,112,23100.0,0
2025-10-10,Friday,GRO-003,Mysore Dhal 1kg,Grocery,380,0%,148,29,119,11020.0,0
2025-10-10,Friday,DAI-001,Anchor Milk Powder 400g,Dairy,1150,0%,142,23,119,26450.0,0
2025-10-10,Friday,DAI-002,Kotmale Butter 200g,Dairy,750,0%,119,13,106,9750.0,0
2025-10-10,Friday,SNA-001,Munchee Super Cream Cracker,Snacks,250,0%,115,39,76,9750.0,0
2025-10-10,Friday,SNA-002,Maliban Lemon Puff,Snacks,300,0%,78,28,50,8400.0,0
2025-10-10,Friday,PAN-001,Prima Wheat Flour 1kg,Pantry,220,0%,170,20,150,4400.0,0
2025-10-10,Friday,PAN-002,Marina Coconut Oil 1L,Pantry,850,0%,86,23,63,19550.0,0
2025-10-10,Friday,BEV-001,Coca Cola 1.5L,Beverages,450,0%,233,21,212,9450.0,0
2025-10-10,Friday,PER-001,Signal Toothpaste 120g,Personal Care,230,0%,165,12,153,2760.0,0
2025-10-10,Friday,PER-002,Lifebuoy Soap,Personal Care,150,0%,180,20,160,3000.0,0
2025-10-11,Saturday,GRO-001,Keeri Samba 5kg,Grocery,1250,0%,177,22,155,27500.0,0
2025-10-11,Saturday,GRO-002,Nadu Rice 5kg,Grocery,1100,0%,112,30,82,33000.0,0
2025-10-11,Saturday,GRO-003,Mysore Dhal 1kg,Grocery,380,10%,119,35,84,11970.0,0
2025-10-11,Saturday,DAI-001,Anchor Milk Powder 400g,Dairy,1150,10%,119,33,86,34155.0,0
2025-10-11,Saturday,DAI-002,Kotmale Butter 200g,Dairy,750,0%,106,18,88,13500.0,0
2025-10-11,Saturday,SNA-001,Munchee Super Cream Cracker,Snacks,250,0%,76,36,40,9000.0,0
2025-10-11,Saturday,SNA-002,Maliban Lemon Puff,Snacks,300,0%,50,40,10,12000.0,0
2025-10-11,Saturday,PAN-001,Prima Wheat Flour 1kg,Pantry,220,0%,150,23,127,5060.0,0
2025-10-11,Saturday,PAN-002,Marina Coconut Oil 1L,Pantry,850,0%,63,32,31,27200.0,0
2025-10-11,Saturday,BEV-001,Coca Cola 1.5L,Beverages,450,0%,212,25,187,11250.0,0
2025-10-11,Saturday,PER-001,Signal Toothpaste 120g,Personal Care,230,0%,153,21,132,4830.0,0
2025-10-11,Saturday,PER-002,Lifebuoy Soap,Personal Care,150,0%,160,46,114,6900.0,0
2025-10-12,Sunday,GRO-001,Keeri Samba 5kg,Grocery,1250,0%,155,26,129,32500.0,0
2025-10-12,Sunday,GRO-002,Nadu Rice 5kg,Grocery,1100,0%,82,30,52,33000.0,0
2025-10-12,Sunday,GRO-003,Mysore Dhal 1kg,Grocery,380,0%,84,35,49,13300.0,0
2025-10-12,Sunday,DAI-001,Anchor Milk Powder 400g,Dairy,1150,0%,86,39,47,44850.0,0
2025-10-12,Sunday,DAI-002,Kotmale Butter 200g,Dairy,750,0%,88,11,77,8250.0,0
2025-10-12,Sunday,SNA-001,Munchee Super Cream Cracker,Snacks,250,0%,40,40,0,10000.0,0
2025-10-12,Sunday,SNA-002,Maliban Lemon Puff,Snacks,300,0%,210,40,170,12000.0,0
2025-10-12,Sunday,PAN-001,Prima Wheat Flour 1kg,Pantry,220,0%,127,32,95,7040.0,0
2025-10-12,Sunday,PAN-002,Marina Coconut Oil 1L,Pantry,850,0%,231,23,208,19550.0,0
2025-10-12,Sunday,BEV-001,Coca Cola 1.5L,Beverages,450,10%,187,18,169,7290.0,0
2025-10-12,Sunday,PER-001,Signal Toothpaste 120g,Personal Care,230,0%,132,19,113,4370.0,0
2025-10-12,Sunday,PER-002,Lifebuoy Soap,Personal Care,150,0%,114,36,78,5400.0,0
2025-10-13,Monday,GRO-001,Keeri Samba 5kg,Grocery,1250,0%,129,16,113,20000.0,0
2025-10-13,Monday,GRO-002,Nadu Rice 5kg,Grocery,1100,10%,52,20,32,19800.0,0
2025-10-13,Monday,GRO-003,Mysore Dhal 1kg,Grocery,380,10%,49,21,28,7182.0,0
2025-10-13,Monday,DAI-001,Anchor Milk Powder 400g,Dairy,1150,0%,47,22,25,25300.0,0
2025-10-13,Monday,DAI-002,Kotmale Butter 200g,Dairy,750,0%,77,10,67,7500.0,0
2025-10-13,Monday,SNA-001,Munchee Super Cream Cracker,Snacks,250,0%,200,53,147,13250.0,0
2025-10-13,Monday,SNA-002,Maliban Lemon Puff,Snacks,300,0%,170,39,131,11700.0,0
2025-10-13,Monday,PAN-001,Prima Wheat Flour 1kg,Pantry,220,0%,95,15,80,3300.0,0
2025-10-13,Monday,PAN-002,Marina Coconut Oil 1L,Pantry,850,0%,208,15,193,12750.0,0
2025-10-13,Monday,BEV-001,Coca Cola 1.5L,Beverages,450,0%,169,20,149,9000.0,0
2025-10-13,Monday,PER-001,Signal Toothpaste 120g,Personal Care,230,0%,113,19,94,4370.0,0
2025-10-13,Monday,PER-002,Lifebuoy Soap,Personal Care,150,0%,78,33,45,4950.0,0
2025-10-14,Tuesday,GRO-001,Keeri Samba 5kg,Grocery,1250,0%,113,22,91,27500.0,0
2025-10-14,Tuesday,GRO-002,Nadu Rice 5kg,Grocery,1100,0%,232,24,208,26400.0,0
2025-10-14,Tuesday,GRO-003,Mysore Dhal 1kg,Grocery,380,0%,228,22,206,8360.0,0
2025-10-14,Tuesday,DAI-001,Anchor Milk Powder 400g,Dairy,1150,0%,225,28,197,32200.0,0
2025-10-14,Tuesday,DAI-002,Kotmale Butter 200g,Dairy,750,0%,67,14,53,10500.0,0
2025-10-14,Tuesday,SNA-001,Munchee Super Cream Cracker,Snacks,250,0%,147,25,122,6250.0,0
2025-10-14,Tuesday,SNA-002,Maliban Lemon Puff,Snacks,300,10%,131,28,103,7560.0,0
2025-10-14,Tuesday,PAN-001,Prima Wheat Flour 1kg,Pantry,220,0%,80,27,53,5940.0,0
2025-10-14,Tuesday,PAN-002,Marina Coconut Oil 1L,Pantry,850,0%,193,17,176,14450.0,0
2025-10-14,Tuesday,BEV-001,Coca Cola 1.5L,Beverages,450,0%,149,19,130,8550.0,0
2025-10-14,Tuesday,PER-001,Signal Toothpaste 120g,Personal Care,230,10%,94,19,75,3933.0,0
2025-10-14,Tuesday,PER-002,Lifebuoy Soap,Personal Care,150,0%,45,34,11,5100.0,0
2025-10-15,Wednesday,GRO-001,Keeri Samba 5kg,Grocery,1250,0%,91,12,79,15000.0,0
2025-10-15,Wednesday,GRO-002,Nadu Rice 5kg,Grocery,1100,0%,208,18,190,19800.0,0
2025-10-15,Wednesday,GRO-003,Mysore Dhal 1kg,Grocery,380,0%,206,31,175,11780.0,0
2025-10-15,Wednesday,DAI-001,Anchor Milk Powder 400g,Dairy,1150,0%,197,18,179,20700.0,0
2025-10-15,Wednesday,DAI-002,Kotmale Butter 200g,Dairy,750,0%,53,19,34,14250.0,0
2025-10-15,Wednesday,SNA-001,Munchee Super Cream Cracker,Snacks,250,0%,122,36,86,9000.0,0
2025-10-15,Wednesday,SNA-002,Maliban Lemon Puff,Snacks,300,0%,103,33,70,9900.0,0
2025-10-15,Wednesday,PAN-001,Prima Wheat Flour 1kg,Pantry,220,10%,53,17,36,3366.0,0
2025-10-15,Wednesday,PAN-002,Marina Coconut Oil 1L,Pantry,850,0%,176,19,157,16150.0,0
2025-10-15,Wednesday,BEV-001,Coca Cola 1.5L,Beverages,450,0%,130,23,107,10350.0,0
2025-10-15,Wednesday,PER-001,Signal Toothpaste 120g,Personal Care,230,0%,75,17,58,3910.0,0
2025-10-15,Wednesday,PER-002,Lifebuoy Soap,Personal Care,150,0%,211,34,177,5100.0,0
2025-10-16,Thursday,GRO-001,Keeri Samba 5kg,Grocery,1250,0%,79,16,63,20000.0,0
2025-10-16,Thursday,GRO-002,Nadu Rice 5kg,Grocery,1100,0%,190,23,167,25300.0,0
2025-10-16,Thursday,GRO-003,Mysore Dhal 1kg,Grocery,380,0%,175,32,143,12160.0,0
2025-10-16,Thursday,DAI-001,Anchor Milk Powder 400g,Dairy,1150,0%,179,17,162,19550.0,0
2025-10-16,Thursday,DAI-002,Kotmale Butter 200g,Dairy,750,0%,234,10,224,7500.0,0
2025-10-16,Thursday,SNA-001,Munchee Super Cream Cracker,Snacks,250,0%,86,29,57,7250.0,0
2025-10-16,Thursday,SNA-002,Maliban Lemon Puff,Snacks,300,0%,70,26,44,7800.0,0
2025-10-16,Thursday,PAN-001,Prima Wheat Flour 1kg,Pantry,220,0%,236,33,203,7260.0,0
2025-10-16,Thursday,PAN-002,Marina Coconut Oil 1L,Pantry,850,10%,157,18,139,13770.0,0
2025-10-16,Thursday,BEV-001,Coca Cola 1.5L,Beverages,450,10%,107,20,87,8100.0,0
2025-10-16,Thursday,PER-001,Signal Toothpaste 120g,Personal Care,230,10%,58,9,49,1863.0,0
2025-10-16,Thursday,PER-002,Lifebuoy Soap,Personal Care,150,0%,177,31,146,4650.0,0
2025-10-17,Friday,GRO-001,Keeri Samba 5kg,Grocery,1250,0%,63,20,43,25000.0,0
2025-10-17,Friday,GRO-002,Nadu Rice 5kg,Grocery,1100,0%,167,16,151,17600.0,0
2025-10-17,Friday,GRO-003,Mysore Dhal 1kg,Grocery,380,0%,143,30,113,11400.0,0
2025-10-17,Friday,DAI-001,Anchor Milk Powder 400g,Dairy,1150,0%,162,19,143,21850.0,0
2025-10-17,Friday,DAI-002,Kotmale Butter 200g,Dairy,750,0%,224,12,212,9000.0,0
2025-10-17,Friday,SNA-001,Munchee Super Cream Cracker,Snacks,250,0%,57,23,34,5750.0,0
2025-10-17,Friday,SNA-002,Maliban Lemon Puff,Snacks,300,0%,44,19,25,5700.0,0
2025-10-17,Friday,PAN-001,Prima Wheat Flour 1kg,Pantry,220,0%,203,26,177,5720.0,0
2025-10-17,Friday,PAN-002,Marina Coconut Oil 1L,Pantry,850,0%,139,12,127,10200.0,0
2025-10-17,Friday,BEV-001,Coca Cola 1.5L,Beverages,450,0%,87,19,68,8550.0,0
2025-10-17,Friday,PER-001,Signal Toothpaste 120g,Personal Care,230,0%,49,21,28,4830.0,0
2025-10-17,Friday,PER-002,Lifebuoy Soap,Personal Care,150,0%,146,33,113,4950.0,0
2025-10-18,Saturday,GRO-001,Keeri Samba 5kg,Grocery,1250,0%,43,19,24,23750.0,0
2025-10-18,Saturday,GRO-002,Nadu Rice 5kg,Grocery,1100,0%,151,30,121,33000.0,0
2025-10-18,Saturday,GRO-003,Mysore Dhal 1kg,Grocery,380,0%,113,40,73,15200.0,0
2025-10-18,Saturday,DAI-001,Anchor Milk Powder 400g,Dairy,1150,0%,143,36,107,41400.0,0
2025-10-18,Saturday,DAI-002,Kotmale Butter 200g,Dairy,750,0%,212,18,194,13500.0,0
2025-10-18,Saturday,SNA-001,Munchee Super Cream Cracker,Snacks,250,0%,234,56,178,14000.0,0
2025-10-18,Saturday,SNA-002,Maliban Lemon Puff,Snacks,300,0%,225,49,176,14700.0,0
2025-10-18,Saturday,PAN-001,Prima Wheat Flour 1kg,Pantry,220,0%,177,36,141,7920.0,0
2025-10-18,Saturday,PAN-002,Marina Coconut Oil 1L,Pantry,850,0%,127,26,101,22100.0,0
2025-10-18,Saturday,BEV-001,Coca Cola 1.5L,Beverages,450,0%,68,28,40,12600.0,0
2025-10-18,Saturday,PER-001,Signal Toothpaste 120g,Personal Care,230,10%,228,25,203,5175.0,0
2025-10-18,Saturday,PER-002,Lifebuoy Soap,Personal Care,150,10%,113,42,71,5670.0,0
2025-10-19,Sunday,GRO-001,Keeri Samba 5kg,Grocery,1250,10%,224,18,206,20250.0,0
2025-10-19,Sunday,GRO-002,Nadu Rice 5kg,Grocery,1100,0%,121,23,98,25300.0,0
2025-10-19,Sunday,GRO-003,Mysore Dhal 1kg,Grocery,380,0%,73,39,34,14820.0,0
2025-10-19,Sunday,DAI-001,Anchor Milk Powder 400g,Dairy,1150,0%,107,37,70,42550.0,0
2025-10-19,Sunday,DAI-002,Kotmale Butter 200g,Dairy,750,0%,194,9,185,6750.0,0
2025-10-19,Sunday,SNA-001,Munchee Super Cream Cracker,Snacks,250,0%,178,53,125,13250.0,0
2025-10-19,Sunday,SNA-002,Maliban Lemon Puff,Snacks,300,0%,176,30,146,9000.0,0
2025-10-19,Sunday,PAN-001,Prima Wheat Flour 1kg,Pantry,220,0%,141,32,109,7040.0,0
2025-10-19,Sunday,PAN-002,Marina Coconut Oil 1L,Pantry,850,0%,101,26,75,22100.0,0
2025-10-19,Sunday,BEV-001,Coca Cola 1.5L,Beverages,450,0%,40,28,12,12600.0,0
2025-10-19,Sunday,PER-001,Signal Toothpaste 120g,Personal Care,230,0%,203,22,181,5060.0,0
2025-10-19,Sunday,PER-002,Lifebuoy Soap,Personal Care,150,0%,71,36,35,5400.0,0
2025-10-20,Monday,GRO-001,Keeri Samba 5kg,Grocery,1250,0%,206,11,195,13750.0,0
2025-10-20,Monday,GRO-002,Nadu Rice 5kg,Grocery,1100,0%,98,21,77,23100.0,0
2025-10-20,Monday,GRO-003,Mysore Dhal 1kg,Grocery,380,0%,234,23,211,8740.0,0
2025-10-20,Monday,DAI-001,Anchor Milk Powder 400g,Dairy,1150,0%,70,28,42,32200.0,0
2025-10-20,Monday,DAI-002,Kotmale Butter 200g,Dairy,750,0%,185,9,176,6750.0,0
2025-10-20,Monday,SNA-001,Munchee Super Cream Cracker,Snacks,250,0%,125,32,93,8000.0,0
2025-10-20,Monday,SNA-002,Maliban Lemon Puff,Snacks,300,0%,146,39,107,11700.0,0
2025-10-20,Monday,PAN-001,Prima Wheat Flour 1kg,Pantry,220,0%,109,28,81,6160.0,0
2025-10-20,Monday,PAN-002,Marina Coconut Oil 1L,Pantry,850,0%,75,22,53,18700.0,0
2025-10-20,Monday,BEV-001,Coca Cola 1.5L,Beverages,450,0%,212,14,198,6300.0,0
2025-10-20,Monday,PER-001,Signal Toothpaste 120g,Personal Care,230,0%,181,10,171,2300.0,0
2025-10-20,Monday,PER-002,Lifebuoy Soap,Personal Care,150,0%,235,27,208,4050.0,0
2025-10-21,Tuesday,GRO-001,Keeri Samba 5kg,Grocery,1250,0%,195,13,182,16250.0,0
2025-10-21,Tuesday,GRO-002,Nadu Rice 5kg,Grocery,1100,10%,77,18,59,17820.0,0
2025-10-21,Tuesday,GRO-003,Mysore Dhal 1kg,Grocery,380,0%,211,35,176,13300.0,0
2025-10-21,Tuesday,DAI-001,Anchor Milk Powder 400g,Dairy,1150,0%,42,29,13,33350.0,0
2025-10-21,Tuesday,DAI-002,Kotmale Butter 200g,Dairy,750,10%,176,10,166,6750.0,0
2025-10-21,Tuesday,SNA-001,Munchee Super Cream Cracker,Snacks,250,0%,93,39,54,9750.0,0
2025-10-21,Tuesday,SNA-002,Maliban Lemon Puff,Snacks,300,10%,107,30,77,8100.0,0
2025-10-21,Tuesday,PAN-001,Prima Wheat Flour 1kg,Pantry,220,10%,81,17,64,3366.0,0
2025-10-21,Tuesday,PAN-002,Marina Coconut Oil 1L,Pantry,850,0%,53,22,31,18700.0,0
2025-10-21,Tuesday,BEV-001,Coca Cola 1.5L,Beverages,450,0%,198,18,180,8100.0,0
2025-10-21,Tuesday,PER-001,Signal Toothpaste 120g,Personal Care,230,0%,171,12,159,2760.0,0
2025-10-21,Tuesday,PER-002,Lifebuoy Soap,Personal Care,150,0%,208,29,179,4350.0,0
2025-10-22,Wednesday,GRO-001,Keeri Samba 5kg,Grocery,1250,0%,182,12,170,15000.0,0
2025-10-22,Wednesday,GRO-002,Nadu Rice 5kg,Grocery,1100,0%,59,24,35,26400.0,0
2025-10-22,Wednesday,GRO-003,Mysore Dhal 1kg,Grocery,380,0%,176,37,139,14060.0,0
2025-10-22,Wednesday,DAI-001,Anchor Milk Powder 400g,Dairy,1150,0%,213,26,187,29900.0,0
2025-10-22,Wednesday,DAI-002,Kotmale Butter 200g,Dairy,750,0%,166,10,156,7500.0,0
2025-10-22,Wednesday,SNA-001,Munchee Super Cream Cracker,Snacks,250,0%,54,30,24,7500.0,0
2025-10-22,Wednesday,SNA-002,Maliban Lemon Puff,Snacks,300,0%,77,39,38,11700.0,0
2025-10-22,Wednesday,PAN-001,Prima Wheat Flour 1kg,Pantry,220,0%,64,22,42,4840.0,0
2025-10-22,Wednesday,PAN-002,Marina Coconut Oil 1L,Pantry,850,0%,231,19,212,16150.0,0
2025-10-22,Wednesday,BEV-001,Coca Cola 1.5L,Beverages,450,0%,180,14,166,6300.0,0
2025-10-22,Wednesday,PER-001,Signal Toothpaste 120g,Personal Care,230,0%,159,14,145,3220.0,0
2025-10-22,Wednesday,PER-002,Lifebuoy Soap,Personal Care,150,0%,179,33,146,4950.0,0
2025-10-23,Thursday,GRO-001,Keeri Samba 5kg,Grocery,1250,0%,170,13,157,16250.0,0
2025-10-23,Thursday,GRO-002,Nadu Rice 5kg,Grocery,1100,0%,235,22,213,24200.0,0
2025-10-23,Thursday,GRO-003,Mysore Dhal 1kg,Grocery,380,0%,139,27,112,10260.0,0
2025-10-23,Thursday,DAI-001,Anchor Milk Powder 400g,Dairy,1150,0%,187,31,156,35650.0,0
2025-10-23,Thursday,DAI-002,Kotmale Butter 200g,Dairy,750,0%,156,11,145,8250.0,0
2025-10-23,Thursday,SNA-001,Munchee Super Cream Cracker,Snacks,250,0%,224,37,187,9250.0,0
2025-10-23,Thursday,SNA-002,Maliban Lemon Puff,Snacks,300,0%,238,30,208,9000.0,0
2025-10-23,Thursday,PAN-001,Prima Wheat Flour 1kg,Pantry,220,10%,42,19,23,3762.0,0
2025-10-23,Thursday,PAN-002,Marina Coconut Oil 1L,Pantry,850,0%,212,22,190,18700.0,0
2025-10-23,Thursday,BEV-001,Coca Cola 1.5L,Beverages,450,0%,166,16,150,7200.0,0
2025-10-23,Thursday,PER-001,Signal Toothpaste 120g,Personal Care,230,10%,145,13,132,2691.0,0
2025-10-23,Thursday,PER-002,Lifebuoy Soap,Personal Care,150,0%,146,38,108,5700.0,0
2025-10-24,Friday,GRO-001,Keeri Samba 5kg,Grocery,1250,0%,157,16,141,20000.0,0
2025-10-24,Friday,GRO-002,Nadu Rice 5kg,Grocery,1100,0%,213,25,188,27500.0,0
2025-10-24,Friday,GRO-003,Mysore Dhal 1kg,Grocery,380,0%,112,23,89,8740.0,0
2025-10-24,Friday,DAI-001,Anchor Milk Powder 400g,Dairy,1150,0%,156,28,128,32200.0,0
2025-10-24,Friday,DAI-002,Kotmale Butter 200g,Dairy,750,0%,145,15,130,11250.0,0
2025-10-24,Friday,SNA-001,Munchee Super Cream Cracker,Snacks,250,0%,187,33,154,8250.0,0
2025-10-24,Friday,SNA-002,Maliban Lemon Puff,Snacks,300,0%,208,36,172,10800.0,0
2025-10-24,Friday,PAN-001,Prima Wheat Flour 1kg,Pantry,220,0%,223,23,200,5060.0,0
2025-10-24,Friday,PAN-002,Marina Coconut Oil 1L,Pantry,850,0%,190,15,175,12750.0,0
2025-10-24,Friday,BEV-001,Coca Cola 1.5L,Beverages,450,0%,150,17,133,7650.0,0
2025-10-24,Friday,PER-001,Signal Toothpaste 120g,Personal Care,230,0%,132,17,115,3910.0,0
2025-10-24,Friday,PER-002,Lifebuoy Soap,Personal Care,150,0%,108,35,73,5250.0,0
2025-10-25,Saturday,GRO-001,Keeri Samba 5kg,Grocery,1250,0%,141,21,120,26250.0,0
2025-10-25,Saturday,GRO-002,Nadu Rice 5kg,Grocery,1100,0%,188,22,166,24200.0,0
2025-10-25,Saturday,GRO-003,Mysore Dhal 1kg,Grocery,380,0%,89,39,50,14820.0,0
2025-10-25,Saturday,DAI-001,Anchor Milk Powder 400g,Dairy,1150,0%,128,30,98,34500.0,0
2025-10-25,Saturday,DAI-002,Kotmale Butter 200g,Dairy,750,0%,130,11,119,8250.0,0
2025-10-25,Saturday,SNA-001,Munchee Super Cream Cracker,Snacks,250,0%,154,58,96,14500.0,0
2025-10-25,Saturday,SNA-002,Maliban Lemon Puff,Snacks,300,0%,172,44,128,13200.0,0
2025-10-25,Saturday,PAN-001,Prima Wheat Flour 1kg,Pantry,220,0%,200,35,165,7700.0,0
2025-10-25,Saturday,PAN-002,Marina Coconut Oil 1L,Pantry,850,0%,175,28,147,23800.0,0
2025-10-25,Saturday,BEV-001,Coca Cola 1.5L,Beverages,450,0%,133,18,115,8100.0,0
2025-10-25,Saturday,PER-001,Signal Toothpaste 120g,Personal Care,230,0%,115,23,92,5290.0,0
2025-10-25,Saturday,PER-002,Lifebuoy Soap,Personal Care,150,0%,73,47,26,7050.0,0
2025-10-26,Sunday,GRO-001,Keeri Samba 5kg,Grocery,1250,0%,120,14,106,17500.0,0
2025-10-26,Sunday,GRO-002,Nadu Rice 5kg,Grocery,1100,0%,166,33,133,36300.0,0
2025-10-26,Sunday,GRO-003,Mysore Dhal 1kg,Grocery,380,10%,50,32,18,10944.0,0
2025-10-26,Sunday,DAI-001,Anchor Milk Powder 400g,Dairy,1150,0%,98,23,75,26450.0,0
2025-10-26,Sunday,DAI-002,Kotmale Butter 200g,Dairy,750,0%,119,14,105,10500.0,0
2025-10-26,Sunday,SNA-001,Munchee Super Cream Cracker,Snacks,250,0%,96,62,34,15500.0,0
2025-10-26,Sunday,SNA-002,Maliban Lemon Puff,Snacks,300,10%,128,46,82,12420.0,0
2025-10-26,Sunday,PAN-001,Prima Wheat Flour 1kg,Pantry,220,0%,165,26,139,5720.0,0
2025-10-26,Sunday,PAN-002,Marina Coconut Oil 1L,Pantry,850,0%,147,23,124,19550.0,0
2025-10-26,Sunday,BEV-001,Coca Cola 1.5L,Beverages,450,10%,115,15,100,6075.0,0
2025-10-26,Sunday,PER-001,Signal Toothpaste 120g,Personal Care,230,0%,92,26,66,5980.0,0
2025-10-26,Sunday,PER-002,Lifebuoy Soap,Personal Care,150,10%,226,39,187,5265.0,0
2025-10-27,Monday,GRO-001,Keeri Samba 5kg,Grocery,1250,10%,106,11,95,12375.0,0
2025-10-27,Monday,GRO-002,Nadu Rice 5kg,Grocery,1100,0%,133,26,107,28600.0,0
2025-10-27,Monday,GRO-003,Mysore Dhal 1kg,Grocery,380,0%,218,30,188,11400.0,0
2025-10-27,Monday,DAI-001,Anchor Milk Powder 400g,Dairy,1150,0%,75,26,49,29900.0,0
2025-10-27,Monday,DAI-002,Kotmale Butter 200g,Dairy,750,0%,105,10,95,7500.0,0
2025-10-27,Monday,SNA-001,Munchee Super Cream Cracker,Snacks,250,0%,234,43,191,10750.0,0
2025-10-27,Monday,SNA-002,Maliban Lemon Puff,Snacks,300,0%,82,29,53,8700.0,0
2025-10-27,Monday,PAN-001,Prima Wheat Flour 1kg,Pantry,220,0%,139,24,115,5280.0,0
2025-10-27,Monday,PAN-002,Marina Coconut Oil 1L,Pantry,850,0%,124,12,112,10200.0,0
2025-10-27,Monday,BEV-001,Coca Cola 1.5L,Beverages,450,10%,100,9,91,3645.0,0
2025-10-27,Monday,PER-001,Signal Toothpaste 120g,Personal Care,230,0%,66,12,54,2760.0,0
2025-10-27,Monday,PER-002,Lifebuoy Soap,Personal Care,150,10%,187,27,160,3645.0,0
2025-10-28,Tuesday,GRO-001,Keeri Samba 5kg,Grocery,1250,0%,95,11,84,13750.0,0
2025-10-28,Tuesday,GRO-002,Nadu Rice 5kg,Grocery,1100,0%,107,16,91,17600.0,0
2025-10-28,Tuesday,GRO-003,Mysore Dhal 1kg,Grocery,380,0%,188,26,162,9880.0,0
2025-10-28,Tuesday,DAI-001,Anchor Milk Powder 400g,Dairy,1150,0%,49,22,27,25300.0,0
2025-10-28,Tuesday,DAI-002,Kotmale Butter 200g,Dairy,750,0%,95,13,82,9750.0,0
2025-10-28,Tuesday,SNA-001,Munchee Super Cream Cracker,Snacks,250,0%,191,31,160,7750.0,0
2025-10-28,Tuesday,SNA-002,Maliban Lemon Puff,Snacks,300,0%,53,35,18,10500.0,0
2025-10-28,Tuesday,PAN-001,Prima Wheat Flour 1kg,Pantry,220,10%,115,20,95,3960.0,0
2025-10-28,Tuesday,PAN-002,Marina Coconut Oil 1L,Pantry,850,0%,112,21,91,17850.0,0
2025-10-28,Tuesday,BEV-001,Coca Cola 1.5L,Beverages,450,0%,91,13,78,5850.0,0
2025-10-28,Tuesday,PER-001,Signal Toothpaste 120g,Personal Care,230,0%,54,20,34,4600.0,0
2025-10-28,Tuesday,PER-002,Lifebuoy Soap,Personal Care,150,0%,160,24,136,3600.0,0
2025-10-29,Wednesday,GRO-001,Keeri Samba 5kg,Grocery,1250,0%,84,17,67,21250.0,0
2025-10-29,Wednesday,GRO-002,Nadu Rice 5kg,Grocery,1100,0%,91,18,73,19800.0,0
2025-10-29,Wednesday,GRO-003,Mysore Dhal 1kg,Grocery,380,0%,162,25,137,9500.0,0
2025-10-29,Wednesday,DAI-001,Anchor Milk Powder 400g,Dairy,1150,0%,227,22,205,25300.0,0
2025-10-29,Wednesday,DAI-002,Kotmale Butter 200g,Dairy,750,0%,82,13,69,9750.0,0
2025-10-29,Wednesday,SNA-001,Munchee Super Cream Cracker,Snacks,250,0%,160,25,135,6250.0,0
2025-10-29,Wednesday,SNA-002,Maliban Lemon Puff,Snacks,300,0%,218,32,186,9600.0,0
2025-10-29,Wednesday,PAN-001,Prima Wheat Flour 1kg,Pantry,220,0%,95,21,74,4620.0,0
2025-10-29,Wednesday,PAN-002,Marina Coconut Oil 1L,Pantry,850,0%,91,15,76,12750.0,0
2025-10-29,Wednesday,BEV-001,Coca Cola 1.5L,Beverages,450,0%,78,18,60,8100.0,0
2025-10-29,Wednesday,PER-001,Signal Toothpaste 120g,Personal Care,230,0%,234,12,222,2760.0,0
2025-10-29,Wednesday,PER-002,Lifebuoy Soap,Personal Care,150,0%,136,25,111,3750.0,0
2025-10-30,Thursday,GRO-001,Keeri Samba 5kg,Grocery,1250,0%,67,18,49,22500.0,0
2025-10-30,Thursday,GRO-002,Nadu Rice 5kg,Grocery,1100,0%,73,26,47,28600.0,0
2025-10-30,Thursday,GRO-003,Mysore Dhal 1kg,Grocery,380,10%,137,19,118,6498.0,0
2025-10-30,Thursday,DAI-001,Anchor Milk Powder 400g,Dairy,1150,0%,205,21,184,24150.0,0
2025-10-30,Thursday,DAI-002,Kotmale Butter 200g,Dairy,750,0%,69,10,59,7500.0,0
2025-10-30,Thursday,SNA-001,Munchee Super Cream Cracker,Snacks,250,0%,135,34,101,8500.0,0
2025-10-30,Thursday,SNA-002,Maliban Lemon Puff,Snacks,300,0%,186,27,159,8100.0,0
2025-10-30,Thursday,PAN-001,Prima Wheat Flour 1kg,Pantry,220,0%,74,15,59,3300.0,0
2025-10-30,Thursday,PAN-002,Marina Coconut Oil 1L,Pantry,850,0%,76,16,60,13600.0,0
2025-10-30,Thursday,BEV-001,Coca Cola 1.5L,Beverages,450,10%,60,19,41,7695.0,0
2025-10-30,Thursday,PER-001,Signal Toothpaste 120g,Personal Care,230,0%,222,11,211,2530.0,0
2025-10-30,Thursday,PER-002,Lifebuoy Soap,Personal Care,150,0%,111,27,84,4050.0,0
2025-10-31,Friday,GRO-001,Keeri Samba 5kg,Grocery,1250,10%,49,18,31,20250.0,0
2025-10-31,Friday,GRO-002,Nadu Rice 5kg,Grocery,1100,0%,47,23,24,25300.0,0
2025-10-31,Friday,GRO-003,Mysore Dhal 1kg,Grocery,380,0%,118,26,92,9880.0,0
2025-10-31,Friday,DAI-001,Anchor Milk Powder 400g,Dairy,1150,10%,184,26,158,26910.0,0
2025-10-31,Friday,DAI-002,Kotmale Butter 200g,Dairy,750,10%,59,11,48,7425.0,0
2025-10-31,Friday,SNA-001,Munchee Super Cream Cracker,Snacks,250,10%,101,35,66,7875.0,0
2025-10-31,Friday,SNA-002,Maliban Lemon Puff,Snacks,300,0%,159,28,131,8400.0,0
2025-10-31,Friday,PAN-001,Prima Wheat Flour 1kg,Pantry,220,10%,59,24,35,4752.0,0
2025-10-31,Friday,PAN-002,Marina Coconut Oil 1L,Pantry,850,10%,60,15,45,11475.0,0
2025-10-31,Friday,BEV-001,Coca Cola 1.5L,Beverages,450,10%,41,18,23,7290.0,0
2025-10-31,Friday,PER-001,Signal Toothpaste 120g,Personal Care,230,10%,211,17,194,3519.0,0
2025-10-31,Friday,PER-002,Lifebuoy Soap,Personal Care,150,10%,84,32,52,4320.0,0
2025-11-01,Saturday,GRO-001,Keeri Samba 5kg,Grocery,1250,0%,231,18,213,22500.0,0
2025-11-01,Saturday,GRO-002,Nadu Rice 5kg,Grocery,1100,0%,224,26,198,28600.0,0
2025-11-01,Saturday,GRO-003,Mysore Dhal 1kg,Grocery,380,0%,92,37,55,14060.0,0
2025-11-01,Saturday,DAI-001,Anchor Milk Powder 400g,Dairy,1150,0%,158,39,119,44850.0,0
2025-11-01,Saturday,DAI-002,Kotmale Butter 200g,Dairy,750,0%,48,16,32,12000.0,0
2025-11-01,Saturday,SNA-001,Munchee Super Cream Cracker,Snacks,250,0%,66,30,36,7500.0,0
2025-11-01,Saturday,SNA-002,Maliban Lemon Puff,Snacks,300,0%,131,35,96,10500.0,0
2025-11-01,Saturday,PAN-001,Prima Wheat Flour 1kg,Pantry,220,0%,235,32,203,7040.0,0
2025-11-01,Saturday,PAN-002,Marina Coconut Oil 1L,Pantry,850,0%,45,18,27,15300.0,0
2025-11-01,Saturday,BEV-001,Coca Cola 1.5L,Beverages,450,0%,223,32,191,14400.0,0
2025-11-01,Saturday,PER-001,Signal Toothpaste 120g,Personal Care,230,0%,194,18,176,4140.0,0
2025-11-01,Saturday,PER-002,Lifebuoy Soap,Personal Care,150,0%,52,21,31,3150.0,0
2025-11-02,Sunday,GRO-001,Keeri Samba 5kg,Grocery,1250,0%,213,21,192,26250.0,0
2025-11-02,Sunday,GRO-002,Nadu Rice 5kg,Grocery,1100,0%,198,32,166,35200.0,0
2025-11-02,Sunday,GRO-003,Mysore Dhal 1kg,Grocery,380,0%,55,46,9,17480.0,0
2025-11-02,Sunday,DAI-001,Anchor Milk Powder 400g,Dairy,1150,10%,119,36,83,37260.0,0
2025-11-02,Sunday,DAI-002,Kotmale Butter 200g,Dairy,750,0%,232,12,220,9000.0,0
2025-11-02,Sunday,SNA-001,Munchee Super Cream Cracker,Snacks,250,0%,236,44,192,11000.0,0
2025-11-02,Sunday,SNA-002,Maliban Lemon Puff,Snacks,300,0%,96,39,57,11700.0,0
2025-11-02,Sunday,PAN-001,Prima Wheat Flour 1kg,Pantry,220,0%,203,26,177,5720.0,0
2025-11-02,Sunday,PAN-002,Marina Coconut Oil 1L,Pantry,850,0%,227,15,212,12750.0,0
2025-11-02,Sunday,BEV-001,Coca Cola 1.5L,Beverages,450,0%,191,30,161,13500.0,0
2025-11-02,Sunday,PER-001,Signal Toothpaste 120g,Personal Care,230,0%,176,19,157,4370.0,0
2025-11-02,Sunday,PER-002,Lifebuoy Soap,Personal Care,150,10%,231,33,198,4455.0,0
2025-11-03,Monday,GRO-001,Keeri Samba 5kg,Grocery,1250,0%,192,17,175,21250.0,0
2025-11-03,Monday,GRO-002,Nadu Rice 5kg,Grocery,1100,10%,166,17,149,16830.0,0
2025-11-03,Monday,GRO-003,Mysore Dhal 1kg,Grocery,380,0%,209,20,189,7600.0,0
2025-11-03,Monday,DAI-001,Anchor Milk Powder 400g,Dairy,1150,0%,83,21,62,24150.0,0
2025-11-03,Monday,DAI-002,Kotmale Butter 200g,Dairy,750,0%,220,6,214,4500.0,0
2025-11-03,Monday,SNA-001,Munchee Super Cream Cracker,Snacks,250,0%,192,41,151,10250.0,0
2025-11-03,Monday,SNA-002,Maliban Lemon Puff,Snacks,300,0%,57,27,30,8100.0,0
2025-11-03,Monday,PAN-001,Prima Wheat Flour 1kg,Pantry,220,0%,177,25,152,5500.0,0
2025-11-03,Monday,PAN-002,Marina Coconut Oil 1L,Pantry,850,0%,212,20,192,17000.0,0
2025-11-03,Monday,BEV-001,Coca Cola 1.5L,Beverages,450,0%,161,18,143,8100.0,0
2025-11-03,Monday,PER-001,Signal Toothpaste 120g,Personal Care,230,0%,157,13,144,2990.0,0
2025-11-03,Monday,PER-002,Lifebuoy Soap,Personal Care,150,0%,198,31,167,4650.0,0
2025-11-04,Tuesday,GRO-001,Keeri Samba 5kg,Grocery,1250,0%,175,14,161,17500.0,0
2025-11-04,Tuesday,GRO-002,Nadu Rice 5kg,Grocery,1100,0%,149,17,132,18700.0,0
2025-11-04,Tuesday,GRO-003,Mysore Dhal 1kg,Grocery,380,0%,189,27,162,10260.0,0
2025-11-04,Tuesday,DAI-001,Anchor Milk Powder 400g,Dairy,1150,0%,62,28,34,32200.0,0
2025-11-04,Tuesday,DAI-002,Kotmale Butter 200g,Dairy,750,0%,214,10,204,7500.0,0
2025-11-04,Tuesday,SNA-001,Munchee Super Cream Cracker,Snacks,250,0%,151,39,112,9750.0,0
2025-11-04,Tuesday,SNA-002,Maliban Lemon Puff,Snacks,300,0%,230,34,196,10200.0,0
2025-11-04,Tuesday,PAN-001,Prima Wheat Flour 1kg,Pantry,220,10%,152,16,136,3168.0,0
2025-11-04,Tuesday,PAN-002,Marina Coconut Oil 1L,Pantry,850,10%,192,12,180,9180.0,0
2025-11-04,Tuesday,BEV-001,Coca Cola 1.5L,Beverages,450,0%,143,19,124,8550.0,0
2025-11-04,Tuesday,PER-001,Signal Toothpaste 120g,Personal Care,230,10%,144,21,123,4347.0,0
2025-11-04,Tuesday,PER-002,Lifebuoy Soap,Personal Care,150,0%,167,32,135,4800.0,0
2025-11-05,Wednesday,GRO-001,Keeri Samba 5kg,Grocery,1250,0%,161,18,143,22500.0,0
2025-11-05,Wednesday,GRO-002,Nadu Rice 5kg,Grocery,1100,0%,132,18,114,19800.0,0
2025-11-05,Wednesday,GRO-003,Mysore Dhal 1kg,Grocery,380,0%,162,27,135,10260.0,0
2025-11-05,Wednesday,DAI-001,Anchor Milk Powder 400g,Dairy,1150,0%,234,21,213,24150.0,0
2025-11-05,Wednesday,DAI-002,Kotmale Butter 200g,Dairy,750,10%,204,13,191,8775.0,0
2025-11-05,Wednesday,SNA-001,Munchee Super Cream Cracker,Snacks,250,0%,112,28,84,7000.0,0
2025-11-05,Wednesday,SNA-002,Maliban Lemon Puff,Snacks,300,10%,196,27,169,7290.0,0
2025-11-05,Wednesday,PAN-001,Prima Wheat Flour 1kg,Pantry,220,10%,136,19,117,3762.0,0
2025-11-05,Wednesday,PAN-002,Marina Coconut Oil 1L,Pantry,850,0%,180,13,167,11050.0,0
2025-11-05,Wednesday,BEV-001,Coca Cola 1.5L,Beverages,450,0%,124,20,104,9000.0,0
2025-11-05,Wednesday,PER-001,Signal Toothpaste 120g,Personal Care,230,0%,123,19,104,4370.0,0
2025-11-05,Wednesday,PER-002,Lifebuoy Soap,Personal Care,150,0%,135,23,112,3450.0,0
2025-11-06,Thursday,GRO-001,Keeri Samba 5kg,Grocery,1250,0%,143,18,125,22500.0,0
2025-11-06,Thursday,GRO-002,Nadu Rice 5kg,Grocery,1100,0%,114,16,98,17600.0,0
2025-11-06,Thursday,GRO-003,Mysore Dhal 1kg,Grocery,380,0%,135,18,117,6840.0,0
2025-11-06,Thursday,DAI-001,Anchor Milk Powder 400g,Dairy,1150,0%,213,22,191,25300.0,0
2025-11-06,Thursday,DAI-002,Kotmale Butter 200g,Dairy,750,0%,191,11,180,8250.0,0
2025-11-06,Thursday,SNA-001,Munchee Super Cream Cracker,Snacks,250,0%,84,43,41,10750.0,0
2025-11-06,Thursday,SNA-002,Maliban Lemon Puff,Snacks,300,0%,169,30,139,9000.0,0
2025-11-06,Thursday,PAN-001,Prima Wheat Flour 1kg,Pantry,220,0%,117,24,93,5280.0,0
2025-11-06,Thursday,PAN-002,Marina Coconut Oil 1L,Pantry,850,0%,167,19,148,16150.0,0
2025-11-06,Thursday,BEV-001,Coca Cola 1.5L,Beverages,450,0%,104,18,86,8100.0,0
2025-11-06,Thursday,PER-001,Signal Toothpaste 120g,Personal Care,230,0%,104,17,87,3910.0,0
2025-11-06,Thursday,PER-002,Lifebuoy Soap,Personal Care,150,0%,112,25,87,3750.0,0
2025-11-07,Friday,GRO-001,Keeri Samba 5kg,Grocery,1250,0%,125,17,108,21250.0,0
2025-11-07,Friday,GRO-002,Nadu Rice 5kg,Grocery,1100,0%,98,19,79,20900.0,0
2025-11-07,Friday,GRO-003,Mysore Dhal 1kg,Grocery,380,0%,117,33,84,12540.0,0
2025-11-07,Friday,DAI-001,Anchor Milk Powder 400g,Dairy,1150,0%,191,30,161,34500.0,0
2025-11-07,Friday,DAI-002,Kotmale Butter 200g,Dairy,750,0%,180,12,168,9000.0,0
2025-11-07,Friday,SNA-001,Munchee Super Cream Cracker,Snacks,250,0%,41,28,13,7000.0,0
2025-11-07,Friday,SNA-002,Maliban Lemon Puff,Snacks,300,0%,139,37,102,11100.0,0
2025-11-07,Friday,PAN-001,Prima Wheat Flour 1kg,Pantry,220,0%,93,17,76,3740.0,0
2025-11-07,Friday,PAN-002,Marina Coconut Oil 1L,Pantry,850,10%,148,22,126,16830.0,0
2025-11-07,Friday,BEV-001,Coca Cola 1.5L,Beverages,450,0%,86,18,68,8100.0,0
2025-11-07,Friday,PER-001,Signal Toothpaste 120g,Personal Care,230,0%,87,13,74,2990.0,0
2025-11-07,Friday,PER-002,Lifebuoy Soap,Personal Care,150,0%,87,29,58,4350.0,0
2025-11-08,Saturday,GRO-001,Keeri Samba 5kg,Grocery,1250,0%,108,23,85,28750.0,0
2025-11-08,Saturday,GRO-002,Nadu Rice 5kg,Grocery,1100,0%,79,28,51,30800.0,0
2025-11-08,Saturday,GRO-003,Mysore Dhal 1kg,Grocery,380,10%,84,43,41,14706.0,0
2025-11-08,Saturday,DAI-001,Anchor Milk Powder 400g,Dairy,1150,0%,161,29,132,33350.0,0
2025-11-08,Saturday,DAI-002,Kotmale Butter 200g,Dairy,750,0%,168,18,150,13500.0,0
2025-11-08,Saturday,SNA-001,Munchee Super Cream Cracker,Snacks,250,10%,213,50,163,11250.0,0
2025-11-08,Saturday,SNA-002,Maliban Lemon Puff,Snacks,300,0%,102,40,62,12000.0,0
2025-11-08,Saturday,PAN-001,Prima Wheat Flour 1kg,Pantry,220,0%,76,28,48,6160.0,0
2025-11-08,Saturday,PAN-002,Marina Coconut Oil 1L,Pantry,850,0%,126,23,103,19550.0,0
2025-11-08,Saturday,BEV-001,Coca Cola 1.5L,Beverages,450,10%,68,8,60,3240.0,0
2025-11-08,Saturday,PER-001,Signal Toothpaste 120g,Personal Care,230,10%,74,14,60,2898.0,0
2025-11-08,Saturday,PER-002,Lifebuoy Soap,Personal Care,150,0%,58,36,22,5400.0,0
2025-11-09,Sunday,GRO-001,Keeri Samba 5kg,Grocery,1250,0%,85,18,67,22500.0,0
2025-11-09,Sunday,GRO-002,Nadu Rice 5kg,Grocery,1100,0%,51,28,23,30800.0,0
2025-11-09,Sunday,GRO-003,Mysore Dhal 1kg,Grocery,380,0%,41,41,0,15580.0,0
2025-11-09,Sunday,DAI-001,Anchor Milk Powder 400g,Dairy,1150,0%,132,28,104,32200.0,0
2025-11-09,Sunday,DAI-002,Kotmale Butter 200g,Dairy,750,0%,150,16,134,12000.0,0
2025-11-09,Sunday,SNA-001,Munchee Super Cream Cracker,Snacks,250,0%,163,46,117,11500.0,0
2025-11-09,Sunday,SNA-002,Maliban Lemon Puff,Snacks,300,0%,62,35,27,10500.0,0
2025-11-09,Sunday,PAN-001,Prima Wheat Flour 1kg,Pantry,220,0%,48,26,22,5720.0,0
2025-11-09,Sunday,PAN-002,Marina Coconut Oil 1L,Pantry,850,0%,103,18,85,15300.0,0
2025-11-09,Sunday,BEV-001,Coca Cola 1.5L,Beverages,450,0%,60,25,35,11250.0,0
2025-11-09,Sunday,PER-001,Signal Toothpaste 120g,Personal Care,230,0%,60,22,38,5060.0,0
2025-11-09,Sunday,PER-002,Lifebuoy Soap,Personal Care,150,0%,222,30,192,4500.0,0
2025-11-10,Monday,GRO-001,Keeri Samba 5kg,Grocery,1250,0%,67,10,57,12500.0,0
2025-11-10,Monday,GRO-002,Nadu Rice 5kg,Grocery,1100,0%,223,24,199,26400.0,0
2025-11-10,Monday,GRO-003,Mysore Dhal 1kg,Grocery,380,10%,200,23,177,7866.0,0
2025-11-10,Monday,DAI-001,Anchor Milk Powder 400g,Dairy,1150,0%,104,24,80,27600.0,0
2025-11-10,Monday,DAI-002,Kotmale Butter 200g,Dairy,750,0%,134,7,127,5250.0,0
2025-11-10,Monday,SNA-001,Munchee Super Cream Cracker,Snacks,250,0%,117,43,74,10750.0,0
2025-11-10,Monday,SNA-002,Maliban Lemon Puff,Snacks,300,0%,227,24,203,7200.0,0
2025-11-10,Monday,PAN-001,Prima Wheat Flour 1kg,Pantry,220,0%,222,23,199,5060.0,0
2025-11-10,Monday,PAN-002,Marina Coconut Oil 1L,Pantry,850,0%,85,17,68,14450.0,0
2025-11-10,Monday,BEV-001,Coca Cola 1.5L,Beverages,450,0%,235,20,215,9000.0,0
2025-11-10,Monday,PER-001,Signal Toothpaste 120g,Personal Care,230,0%,238,10,228,2300.0,0
2025-11-10,Monday,PER-002,Lifebuoy Soap,Personal Care,150,0%,192,27,165,4050.0,0
2025-11-11,Tuesday,GRO-001,Keeri Samba 5kg,Grocery,1250,0%,57,13,44,16250.0,0
2025-11-11,Tuesday,GRO-002,Nadu Rice 5kg,Grocery,1100,0%,199,19,180,20900.0,0
2025-11-11,Tuesday,GRO-003,Mysore Dhal 1kg,Grocery,380,0%,177,14,163,5320.0,0
2025-11-11,Tuesday,DAI-001,Anchor Milk Powder 400g,Dairy,1150,0%,80,15,65,17250.0,0
2025-11-11,Tuesday,DAI-002,Kotmale Butter 200g,Dairy,750,0%,127,14,113,10500.0,0
2025-11-11,Tuesday,SNA-001,Munchee Super Cream Cracker,Snacks,250,0%,74,46,28,11500.0,0
2025-11-11,Tuesday,SNA-002,Maliban Lemon Puff,Snacks,300,0%,203,38,165,11400.0,0
2025-11-11,Tuesday,PAN-001,Prima Wheat Flour 1kg,Pantry,220,0%,199,21,178,4620.0,0
2025-11-11,Tuesday,PAN-002,Marina Coconut Oil 1L,Pantry,850,10%,68,15,53,11475.0,0
2025-11-11,Tuesday,BEV-001,Coca Cola 1.5L,Beverages,450,0%,215,19,196,8550.0,0
2025-11-11,Tuesday,PER-001,Signal Toothpaste 120g,Personal Care,230,0%,228,13,215,2990.0,0
2025-11-11,Tuesday,PER-002,Lifebuoy Soap,Personal Care,150,10%,165,36,129,4860.0,0
2025-11-12,Wednesday,GRO-001,Keeri Samba 5kg,Grocery,1250,10%,44,15,29,16875.0,0
2025-11-12,Wednesday,GRO-002,Nadu Rice 5kg,Grocery,1100,0%,180,18,162,19800.0,0
2025-11-12,Wednesday,GRO-003,Mysore Dhal 1kg,Grocery,380,0%,163,30,133,11400.0,0
2025-11-12,Wednesday,DAI-001,Anchor Milk Powder 400g,Dairy,1150,10%,65,22,43,22770.0,0
2025-11-12,Wednesday,DAI-002,Kotmale Butter 200g,Dairy,750,0%,113,11,102,8250.0,0
2025-11-12,Wednesday,SNA-001,Munchee Super Cream Cracker,Snacks,250,0%,228,36,192,9000.0,0
2025-11-12,Wednesday,SNA-002,Maliban Lemon Puff,Snacks,300,10%,165,28,137,7560.0,0
2025-11-12,Wednesday,PAN-001,Prima Wheat Flour 1kg,Pantry,220,0%,178,13,165,2860.0,0
2025-11-12,Wednesday,PAN-002,Marina Coconut Oil 1L,Pantry,850,0%,53,19,34,16150.0,0
2025-11-12,Wednesday,BEV-001,Coca Cola 1.5L,Beverages,450,0%,196,18,178,8100.0,0
2025-11-12,Wednesday,PER-001,Signal Toothpaste 120g,Personal Care,230,0%,215,20,195,4600.0,0
2025-11-12,Wednesday,PER-002,Lifebuoy Soap,Personal Care,150,0%,129,27,102,4050.0,0
2025-11-13,Thursday,GRO-001,Keeri Samba 5kg,Grocery,1250,0%,229,10,219,12500.0,0
2025-11-13,Thursday,GRO-002,Nadu Rice 5kg,Grocery,1100,0%,162,16,146,17600.0,0
2025-11-13,Thursday,GRO-003,Mysore Dhal 1kg,Grocery,380,10%,133,32,101,10944.0,0
2025-11-13,Thursday,DAI-001,Anchor Milk Powder 400g,Dairy,1150,0%,43,16,27,18400.0,0
2025-11-13,Thursday,DAI-002,Kotmale Butter 200g,Dairy,750,0%,102,8,94,6000.0,0
2025-11-13,Thursday,SNA-001,Munchee Super Cream Cracker,Snacks,250,0%,192,38,154,9500.0,0
2025-11-13,Thursday,SNA-002,Maliban Lemon Puff,Snacks,300,0%,137,31,106,9300.0,0
2025-11-13,Thursday,PAN-001,Prima Wheat Flour 1kg,Pantry,220,0%,165,19,146,4180.0,0
2025-11-13,Thursday,PAN-002,Marina Coconut Oil 1L,Pantry,850,0%,234,20,214,17000.0,0
2025-11-13,Thursday,BEV-001,Coca Cola 1.5L,Beverages,450,0%,178,25,153,11250.0,0
2025-11-13,Thursday,PER-001,Signal Toothpaste 120g,Personal Care,230,0%,195,19,176,4370.0,0
2025-11-13,Thursday,PER-002,Lifebuoy Soap,Personal Care,150,0%,102,32,70,4800.0,0
2025-11-14,Friday,GRO-001,Keeri Samba 5kg,Grocery,1250,0%,219,13,206,16250.0,0
2025-11-14,Friday,GRO-002,Nadu Rice 5kg,Grocery,1100,0%,146,25,121,27500.0,0
2025-11-14,Friday,GRO-003,Mysore Dhal 1kg,Grocery,380,0%,101,38,63,14440.0,0
2025-11-14,Friday,DAI-001,Anchor Milk Powder 400g,Dairy,1150,0%,227,27,200,31050.0,0
2025-11-14,Friday,DAI-002,Kotmale Butter 200g,Dairy,750,0%,94,18,76,13500.0,0
2025-11-14,Friday,SNA-001,Munchee Super Cream Cracker,Snacks,250,0%,154,31,123,7750.0,0
2025-11-14,Friday,SNA-002,Maliban Lemon Puff,Snacks,300,10%,106,20,86,5400.0,0
2025-11-14,Friday,PAN-001,Prima Wheat Flour 1kg,Pantry,220,0%,146,25,121,5500.0,0
2025-11-14,Friday,PAN-002,Marina Coconut Oil 1L,Pantry,850,0%,214,14,200,11900.0,0
2025-11-14,Friday,BEV-001,Coca Cola 1.5L,Beverages,450,10%,153,21,132,8505.0,0
2025-11-14,Friday,PER-001,Signal Toothpaste 120g,Personal Care,230,0%,176,15,161,3450.0,0
2025-11-14,Friday,PER-002,Lifebuoy Soap,Personal Care,150,0%,70,30,40,4500.0,0
2025-11-15,Saturday,GRO-001,Keeri Samba 5kg,Grocery,1250,0%,206,26,180,32500.0,0
2025-11-15,Saturday,GRO-002,Nadu Rice 5kg,Grocery,1100,0%,121,37,84,40700.0,0
2025-11-15,Saturday,GRO-003,Mysore Dhal 1kg,Grocery,380,0%,63,54,9,20520.0,0
2025-11-15,Saturday,DAI-001,Anchor Milk Powder 400g,Dairy,1150,0%,200,32,168,36800.0,0
2025-11-15,Saturday,DAI-002,Kotmale Butter 200g,Dairy,750,0%,76,19,57,14250.0,0
2025-11-15,Saturday,SNA-001,Munchee Super Cream Cracker,Snacks,250,0%,123,57,66,14250.0,0
2025-11-15,Saturday,SNA-002,Maliban Lemon Puff,Snacks,300,0%,86,39,47,11700.0,0
2025-11-15,Saturday,PAN-001,Prima Wheat Flour 1kg,Pantry,220,10%,121,37,84,7326.0,0
2025-11-15,Saturday,PAN-002,Marina Coconut Oil 1L,Pantry,850,0%,200,25,175,21250.0,0
2025-11-15,Saturday,BEV-001,Coca Cola 1.5L,Beverages,450,0%,132,19,113,8550.0,0
2025-11-15,Saturday,PER-001,Signal Toothpaste 120g,Personal Care,230,0%,161,16,145,3680.0,0
2025-11-15,Saturday,PER-002,Lifebuoy Soap,Personal Care,150,0%,40,32,8,4800.0,0
2025-11-16,Sunday,GRO-001,Keeri Samba 5kg,Grocery,1250,10%,180,16,164,18000.0,0
2025-11-16,Sunday,GRO-002,Nadu Rice 5kg,Grocery,1100,0%,84,28,56,30800.0,0
2025-11-16,Sunday,GRO-003,Mysore Dhal 1kg,Grocery,380,0%,209,44,165,16720.0,0
2025-11-16,Sunday,DAI-001,Anchor Milk Powder 400g,Dairy,1150,0%,168,30,138,34500.0,0
2025-11-16,Sunday,DAI-002,Kotmale Butter 200g,Dairy,750,0%,57,15,42,11250.0,0
2025-11-16,Sunday,SNA-001,Munchee Super Cream Cracker,Snacks,250,0%,66,57,9,14250.0,0
2025-11-16,Sunday,SNA-002,Maliban Lemon Puff,Snacks,300,0%,47,32,15,9600.0,0
2025-11-16,Sunday,PAN-001,Prima Wheat Flour 1kg,Pantry,220,0%,84,25,59,5500.0,0
2025-11-16,Sunday,PAN-002,Marina Coconut Oil 1L,Pantry,850,0%,175,25,150,21250.0,0
2025-11-16,Sunday,BEV-001,Coca Cola 1.5L,Beverages,450,0%,113,29,84,13050.0,0
2025-11-16,Sunday,PER-001,Signal Toothpaste 120g,Personal Care,230,0%,145,19,126,4370.0,0
2025-11-16,Sunday,PER-002,Lifebuoy Soap,Personal Care,150,0%,208,47,161,7050.0,0
2025-11-17,Monday,GRO-001,Keeri Samba 5kg,Grocery,1250,0%,164,14,150,17500.0,0
2025-11-17,Monday,GRO-002,Nadu Rice 5kg,Grocery,1100,0%,56,21,35,23100.0,0
2025-11-17,Monday,GRO-003,Mysore Dhal 1kg,Grocery,380,0%,165,33,132,12540.0,0
2025-11-17,Monday,DAI-001,Anchor Milk Powder 400g,Dairy,1150,0%,138,25,113,28750.0,0
2025-11-17,Monday,DAI-002,Kotmale Butter 200g,Dairy,750,0%,42,9,33,6750.0,0
2025-11-17,Monday,SNA-001,Munchee Super Cream Cracker,Snacks,250,0%,209,32,177,8000.0,0
2025-11-17,Monday,SNA-002,Maliban Lemon Puff,Snacks,300,0%,215,35,180,10500.0,0
2025-11-17,Monday,PAN-001,Prima Wheat Flour 1kg,Pantry,220,10%,59,19,40,3762.0,0
2025-11-17,Monday,PAN-002,Marina Coconut Oil 1L,Pantry,850,10%,150,19,131,14535.0,0
2025-11-17,Monday,BEV-001,Coca Cola 1.5L,Beverages,450,0%,84,17,67,7650.0,0
2025-11-17,Monday,PER-001,Signal Toothpaste 120g,Personal Care,230,0%,126,17,109,3910.0,0
2025-11-17,Monday,PER-002,Lifebuoy Soap,Personal Care,150,0%,161,34,127,5100.0,0
2025-11-18,Tuesday,GRO-001,Keeri Samba 5kg,Grocery,1250,0%,150,17,133,21250.0,0
2025-11-18,Tuesday,GRO-002,Nadu Rice 5kg,Grocery,1100,0%,235,22,213,24200.0,0
2025-11-18,Tuesday,GRO-003,Mysore Dhal 1kg,Grocery,380,0%,132,26,106,9880.0,0
2025-11-18,Tuesday,DAI-001,Anchor Milk Powder 400g,Dairy,1150,0%,113,26,87,29900.0,0
2025-11-18,Tuesday,DAI-002,Kotmale Butter 200g,Dairy,750,0%,233,12,221,9000.0,0
2025-11-18,Tuesday,SNA-001,Munchee Super Cream Cracker,Snacks,250,0%,177,31,146,7750.0,0
2025-11-18,Tuesday,SNA-002,Maliban Lemon Puff,Snacks,300,0%,180,24,156,7200.0,0
2025-11-18,Tuesday,PAN-001,Prima Wheat Flour 1kg,Pantry,220,0%,40,25,15,5500.0,0
2025-11-18,Tuesday,PAN-002,Marina Coconut Oil 1L,Pantry,850,0%,131,13,118,11050.0,0
2025-11-18,Tuesday,BEV-001,Coca Cola 1.5L,Beverages,450,0%,67,16,51,7200.0,0
2025-11-18,Tuesday,PER-001,Signal Toothpaste 120g,Personal Care,230,0%,109,12,97,2760.0,0
2025-11-18,Tuesday,PER-002,Lifebuoy Soap,Personal Care,150,0%,127,24,103,3600.0,0
2025-11-19,Wednesday,GRO-001,Keeri Samba 5kg,Grocery,1250,0%,133,15,118,18750.0,0
2025-11-19,Wednesday,GRO-002,Nadu Rice 5kg,Grocery,1100,0%,213,24,189,26400.0,0
2025-11-19,Wednesday,GRO-003,Mysore Dhal 1kg,Grocery,380,0%,106,40,66,15200.0,0
2025-11-19,Wednesday,DAI-001,Anchor Milk Powder 400g,Dairy,1150,0%,87,17,70,19550.0,0
2025-11-19,Wednesday,DAI-002,Kotmale Butter 200g,Dairy,750,0%,221,11,210,8250.0,0
2025-11-19,Wednesday,SNA-001,Munchee Super Cream Cracker,Snacks,250,0%,146,33,113,8250.0,0
2025-11-19,Wednesday,SNA-002,Maliban Lemon Puff,Snacks,300,0%,156,10,146,3000.0,0
2025-11-19,Wednesday,PAN-001,Prima Wheat Flour 1kg,Pantry,220,0%,215,22,193,4840.0,0
2025-11-19,Wednesday,PAN-002,Marina Coconut Oil 1L,Pantry,850,0%,118,21,97,17850.0,0
2025-11-19,Wednesday,BEV-001,Coca Cola 1.5L,Beverages,450,0%,51,17,34,7650.0,0
2025-11-19,Wednesday,PER-001,Signal Toothpaste 120g,Personal Care,230,10%,97,13,84,2691.0,0
2025-11-19,Wednesday,PER-002,Lifebuoy Soap,Personal Care,150,0%,103,28,75,4200.0,0
2025-11-20,Thursday,GRO-001,Keeri Samba 5kg,Grocery,1250,0%,118,17,101,21250.0,0
2025-11-20,Thursday,GRO-002,Nadu Rice 5kg,Grocery,1100,0%,189,15,174,16500.0,0
2025-11-20,Thursday,GRO-003,Mysore Dhal 1kg,Grocery,380,0%,66,23,43,8740.0,0
2025-11-20,Thursday,DAI-001,Anchor Milk Powder 400g,Dairy,1150,10%,70,20,50,20700.0,0
2025-11-20,Thursday,DAI-002,Kotmale Butter 200g,Dairy,750,0%,210,9,201,6750.0,0
2025-11-20,Thursday,SNA-001,Munchee Super Cream Cracker,Snacks,250,0%,113,40,73,10000.0,0
2025-11-20,Thursday,SNA-002,Maliban Lemon Puff,Snacks,300,10%,146,22,124,5940.0,0
2025-11-20,Thursday,PAN-001,Prima Wheat Flour 1kg,Pantry,220,0%,193,23,170,5060.0,0
2025-11-20,Thursday,PAN-002,Marina Coconut Oil 1L,Pantry,850,0%,97,20,77,17000.0,0
2025-11-20,Thursday,BEV-001,Coca Cola 1.5L,Beverages,450,0%,234,19,215,8550.0,0
2025-11-20,Thursday,PER-001,Signal Toothpaste 120g,Personal Care,230,0%,84,17,67,3910.0,0
2025-11-20,Thursday,PER-002,Lifebuoy Soap,Personal Care,150,0%,75,37,38,5550.0,0
2025-11-21,Friday,GRO-001,Keeri Samba 5kg,Grocery,1250,0%,101,14,87,17500.0,0
2025-11-21,Friday,GRO-002,Nadu Rice 5kg,Grocery,1100,0%,174,22,152,24200.0,0
2025-11-21,Friday,GRO-003,Mysore Dhal 1kg,Grocery,380,0%,43,34,9,12920.0,0
2025-11-21,Friday,DAI-001,Anchor Milk Powder 400g,Dairy,1150,0%,50,24,26,27600.0,0
2025-11-21,Friday,DAI-002,Kotmale Butter 200g,Dairy,750,0%,201,12,189,9000.0,0
2025-11-21,Friday,SNA-001,Munchee Super Cream Cracker,Snacks,250,0%,73,37,36,9250.0,0
2025-11-21,Friday,SNA-002,Maliban Lemon Puff,Snacks,300,0%,124,15,109,4500.0,0
2025-11-21,Friday,PAN-001,Prima Wheat Flour 1kg,Pantry,220,0%,170,25,145,5500.0,0
2025-11-21,Friday,PAN-002,Marina Coconut Oil 1L,Pantry,850,0%,77,17,60,14450.0,0
2025-11-21,Friday,BEV-001,Coca Cola 1.5L,Beverages,450,0%,215,18,197,8100.0,0
2025-11-21,Friday,PER-001,Signal Toothpaste 120g,Personal Care,230,0%,67,18,49,4140.0,0
2025-11-21,Friday,PER-002,Lifebuoy Soap,Personal Care,150,0%,238,39,199,5850.0,0
2025-11-22,Saturday,GRO-001,Keeri Samba 5kg,Grocery,1250,10%,87,28,59,31500.0,0
2025-11-22,Saturday,GRO-002,Nadu Rice 5kg,Grocery,1100,0%,152,28,124,30800.0,0
2025-11-22,Saturday,GRO-003,Mysore Dhal 1kg,Grocery,380,0%,209,42,167,15960.0,0
2025-11-22,Saturday,DAI-001,Anchor Milk Powder 400g,Dairy,1150,0%,226,25,201,28750.0,0
2025-11-22,Saturday,DAI-002,Kotmale Butter 200g,Dairy,750,0%,189,12,177,9000.0,0
2025-11-22,Saturday,SNA-001,Munchee Super Cream Cracker,Snacks,250,0%,236,47,189,11750.0,0
2025-11-22,Saturday,SNA-002,Maliban Lemon Puff,Snacks,300,0%,109,32,77,9600.0,0
2025-11-22,Saturday,PAN-001,Prima Wheat Flour 1kg,Pantry,220,0%,145,22,123,4840.0,0
2025-11-22,Saturday,PAN-002,Marina Coconut Oil 1L,Pantry,850,0%,60,28,32,23800.0,0
2025-11-22,Saturday,BEV-001,Coca Cola 1.5L,Beverages,450,0%,197,26,171,11700.0,0
2025-11-22,Saturday,PER-001,Signal Toothpaste 120g,Personal Care,230,0%,49,15,34,3450.0,0
2025-11-22,Saturday,PER-002,Lifebuoy Soap,Personal Care,150,0%,199,14,185,2100.0,0
2025-11-23,Sunday,GRO-001,Keeri Samba 5kg,Grocery,1250,0%,59,25,34,31250.0,0
2025-11-23,Sunday,GRO-002,Nadu Rice 5kg,Grocery,1100,0%,124,25,99,27500.0,0
2025-11-23,Sunday,GRO-003,Mysore Dhal 1kg,Grocery,380,0%,167,49,118,18620.0,0
2025-11-23,Sunday,DAI-001,Anchor Milk Powder 400g,Dairy,1150,0%,201,46,155,52900.0,0
2025-11-23,Sunday,DAI-002,Kotmale Butter 200g,Dairy,750,0%,177,12,165,9000.0,0
2025-11-23,Sunday,SNA-001,Munchee Super Cream Cracker,Snacks,250,0%,189,36,153,9000.0,0
2025-11-23,Sunday,SNA-002,Maliban Lemon Puff,Snacks,300,0%,77,43,34,12900.0,0
2025-11-23,Sunday,PAN-001,Prima Wheat Flour 1kg,Pantry,220,0%,123,28,95,6160.0,0
2025-11-23,Sunday,PAN-002,Marina Coconut Oil 1L,Pantry,850,0%,232,18,214,15300.0,0
2025-11-23,Sunday,BEV-001,Coca Cola 1.5L,Beverages,450,10%,171,15,156,6075.0,0
2025-11-23,Sunday,PER-001,Signal Toothpaste 120g,Personal Care,230,0%,234,19,215,4370.0,0
2025-11-23,Sunday,PER-002,Lifebuoy Soap,Personal Care,150,0%,185,26,159,3900.0,0
2025-11-24,Monday,GRO-001,Keeri Samba 5kg,Grocery,1250,0%,234,17,217,21250.0,0
2025-11-24,Monday,GRO-002,Nadu Rice 5kg,Grocery,1100,0%,99,11,88,12100.0,0
2025-11-24,Monday,GRO-003,Mysore Dhal 1kg,Grocery,380,0%,118,21,97,7980.0,0
2025-11-24,Monday,DAI-001,Anchor Milk Powder 400g,Dairy,1150,0%,155,24,131,27600.0,0
2025-11-24,Monday,DAI-002,Kotmale Butter 200g,Dairy,750,0%,165,12,153,9000.0,0
2025-11-24,Monday,SNA-001,Munchee Super Cream Cracker,Snacks,250,0%,153,37,116,9250.0,0
2025-11-24,Monday,SNA-002,Maliban Lemon Puff,Snacks,300,0%,234,35,199,10500.0,0
2025-11-24,Monday,PAN-001,Prima Wheat Flour 1kg,Pantry,220,0%,95,23,72,5060.0,0
2025-11-24,Monday,PAN-002,Marina Coconut Oil 1L,Pantry,850,0%,214,22,192,18700.0,0
2025-11-24,Monday,BEV-001,Coca Cola 1.5L,Beverages,450,10%,156,12,144,4860.0,0
2025-11-24,Monday,PER-001,Signal Toothpaste 120g,Personal Care,230,0%,215,11,204,2530.0,0
2025-11-24,Monday,PER-002,Lifebuoy Soap,Personal Care,150,0%,159,29,130,4350.0,0
2025-11-25,Tuesday,GRO-001,Keeri Samba 5kg,Grocery,1250,0%,217,16,201,20000.0,0
2025-11-25,Tuesday,GRO-002,Nadu Rice 5kg,Grocery,1100,0%,88,17,71,18700.0,0
2025-11-25,Tuesday,GRO-003,Mysore Dhal 1kg,Grocery,380,0%,97,25,72,9500.0,0
2025-11-25,Tuesday,DAI-001,Anchor Milk Powder 400g,Dairy,1150,0%,131,32,99,36800.0,0
2025-11-25,Tuesday,DAI-002,Kotmale Butter 200g,Dairy,750,0%,153,11,142,8250.0,0
2025-11-25,Tuesday,SNA-001,Munchee Super Cream Cracker,Snacks,250,0%,116,38,78,9500.0,0
2025-11-25,Tuesday,SNA-002,Maliban Lemon Puff,Snacks,300,0%,199,27,172,8100.0,0
2025-11-25,Tuesday,PAN-001,Prima Wheat Flour 1kg,Pantry,220,0%,72,18,54,3960.0,0
2025-11-25,Tuesday,PAN-002,Marina Coconut Oil 1L,Pantry,850,0%,192,16,176,13600.0,0
2025-11-25,Tuesday,BEV-001,Coca Cola 1.5L,Beverages,450,0%,144,15,129,6750.0,0
2025-11-25,Tuesday,PER-001,Signal Toothpaste 120g,Personal Care,230,10%,204,14,190,2898.0,0
2025-11-25,Tuesday,PER-002,Lifebuoy Soap,Personal Care,150,10%,130,25,105,3375.0,0
2025-11-26,Wednesday,GRO-001,Keeri Samba 5kg,Grocery,1250,0%,201,16,185,20000.0,0
2025-11-26,Wednesday,GRO-002,Nadu Rice 5kg,Grocery,1100,10%,71,19,52,18810.0,0
2025-11-26,Wednesday,GRO-003,Mysore Dhal 1kg,Grocery,380,0%,72,24,48,9120.0,0
2025-11-26,Wednesday,DAI-001,Anchor Milk Powder 400g,Dairy,1150,0%,99,30,69,34500.0,0
2025-11-26,Wednesday,DAI-002,Kotmale Butter 200g,Dairy,750,0%,142,17,125,12750.0,0
2025-11-26,Wednesday,SNA-001,Munchee Super Cream Cracker,Snacks,250,10%,78,35,43,7875.0,0
2025-11-26,Wednesday,SNA-002,Maliban Lemon Puff,Snacks,300,0%,172,26,146,7800.0,0
2025-11-26,Wednesday,PAN-001,Prima Wheat Flour 1kg,Pantry,220,0%,54,17,37,3740.0,0
2025-11-26,Wednesday,PAN-002,Marina Coconut Oil 1L,Pantry,850,0%,176,13,163,11050.0,0
2025-11-26,Wednesday,BEV-001,Coca Cola 1.5L,Beverages,450,10%,129,20,109,8100.0,0
2025-11-26,Wednesday,PER-001,Signal Toothpaste 120g,Personal Care,230,0%,190,12,178,2760.0,0
2025-11-26,Wednesday,PER-002,Lifebuoy Soap,Personal Care,150,0%,105,44,61,6600.0,0
2025-11-27,Thursday,GRO-001,Keeri Samba 5kg,Grocery,1250,10%,185,13,172,14625.0,0
2025-11-27,Thursday,GRO-002,Nadu Rice 5kg,Grocery,1100,0%,52,23,29,25300.0,0
2025-11-27,Thursday,GRO-003,Mysore Dhal 1kg,Grocery,380,0%,48,28,20,10640.0,0
2025-11-27,Thursday,DAI-001,Anchor Milk Powder 400g,Dairy,1150,0%,69,24,45,27600.0,0
2025-11-27,Thursday,DAI-002,Kotmale Butter 200g,Dairy,750,0%,125,13,112,9750.0,0
2025-11-27,Thursday,SNA-001,Munchee Super Cream Cracker,Snacks,250,0%,43,34,9,8500.0,0
2025-11-27,Thursday,SNA-002,Maliban Lemon Puff,Snacks,300,0%,146,27,119,8100.0,0
2025-11-27,Thursday,PAN-001,Prima Wheat Flour 1kg,Pantry,220,0%,237,23,214,5060.0,0
2025-11-27,Thursday,PAN-002,Marina Coconut Oil 1L,Pantry,850,0%,163,13,150,11050.0,0
2025-11-27,Thursday,BEV-001,Coca Cola 1.5L,Beverages,450,10%,109,16,93,6480.0,0
2025-11-27,Thursday,PER-001,Signal Toothpaste 120g,Personal Care,230,0%,178,12,166,2760.0,0
2025-11-27,Thursday,PER-002,Lifebuoy Soap,Personal Care,150,0%,61,27,34,4050.0,0
2025-11-28,Friday,GRO-001,Keeri Samba 5kg,Grocery,1250,0%,172,14,158,17500.0,0
2025-11-28,Friday,GRO-002,Nadu Rice 5kg,Grocery,1100,10%,229,24,205,23760.0,0
2025-11-28,Friday,GRO-003,Mysore Dhal 1kg,Grocery,380,0%,220,31,189,11780.0,0
2025-11-28,Friday,DAI-001,Anchor Milk Powder 400g,Dairy,1150,0%,45,21,24,24150.0,0
2025-11-28,Friday,DAI-002,Kotmale Butter 200g,Dairy,750,0%,112,13,99,9750.0,0
2025-11-28,Friday,SNA-001,Munchee Super Cream Cracker,Snacks,250,0%,209,41,168,10250.0,0
2025-11-28,Friday,SNA-002,Maliban Lemon Puff,Snacks,300,0%,119,30,89,9000.0,0
2025-11-28,Friday,PAN-001,Prima Wheat Flour 1kg,Pantry,220,0%,214,23,191,5060.0,0
2025-11-28,Friday,PAN-002,Marina Coconut Oil 1L,Pantry,850,0%,150,19,131,16150.0,0
2025-11-28,Friday,BEV-001,Coca Cola 1.5L,Beverages,450,0%,93,17,76,7650.0,0
2025-11-28,Friday,PER-001,Signal Toothpaste 120g,Personal Care,230,10%,166,14,152,2898.0,0
2025-11-28,Friday,PER-002,Lifebuoy Soap,Personal Care,150,0%,234,21,213,3150.0,0
2025-11-29,Saturday,GRO-001,Keeri Samba 5kg,Grocery,1250,0%,158,19,139,23750.0,0
2025-11-29,Saturday,GRO-002,Nadu Rice 5kg,Grocery,1100,0%,205,33,172,36300.0,0
2025-11-29,Saturday,GRO-003,Mysore Dhal 1kg,Grocery,380,0%,189,32,157,12160.0,0
2025-11-29,Saturday,DAI-001,Anchor Milk Powder 400g,Dairy,1150,0%,224,37,187,42550.0,0
2025-11-29,Saturday,DAI-002,Kotmale Butter 200g,Dairy,750,0%,99,18,81,13500.0,0
2025-11-29,Saturday,SNA-001,Munchee Super Cream Cracker,Snacks,250,0%,168,70,98,17500.0,0
2025-11-29,Saturday,SNA-002,Maliban Lemon Puff,Snacks,300,0%,89,46,43,13800.0,0
2025-11-29,Saturday,PAN-001,Prima Wheat Flour 1kg,Pantry,220,0%,191,26,165,5720.0,0
2025-11-29,Saturday,PAN-002,Marina Coconut Oil 1L,Pantry,850,0%,131,32,99,27200.0,0
2025-11-29,Saturday,BEV-001,Coca Cola 1.5L,Beverages,450,0%,76,15,61,6750.0,0
2025-11-29,Saturday,PER-001,Signal Toothpaste 120g,Personal Care,230,0%,152,18,134,4140.0,0
2025-11-29,Saturday,PER-002,Lifebuoy Soap,Personal Care,150,10%,213,47,166,6345.0,0
2025-11-30,Sunday,GRO-001,Keeri Samba 5kg,Grocery,1250,0%,139,23,116,28750.0,0
2025-11-30,Sunday,GRO-002,Nadu Rice 5kg,Grocery,1100,0%,172,26,146,28600.0,0
2025-11-30,Sunday,GRO-003,Mysore Dhal 1kg,Grocery,380,10%,157,50,107,17100.0,0
2025-11-30,Sunday,DAI-001,Anchor Milk Powder 400g,Dairy,1150,0%,187,26,161,29900.0,0
2025-11-30,Sunday,DAI-002,Kotmale Butter 200g,Dairy,750,0%,81,18,63,13500.0,0
2025-11-30,Sunday,SNA-001,Munchee Super Cream Cracker,Snacks,250,0%,98,43,55,10750.0,0
2025-11-30,Sunday,SNA-002,Maliban Lemon Puff,Snacks,300,0%,43,28,15,8400.0,0
2025-11-30,Sunday,PAN-001,Prima Wheat Flour 1kg,Pantry,220,0%,165,37,128,8140.0,0
2025-11-30,Sunday,PAN-002,Marina Coconut Oil 1L,Pantry,850,0%,99,22,77,18700.0,0
2025-11-30,Sunday,BEV-001,Coca Cola 1.5L,Beverages,450,0%,61,16,45,7200.0,0
2025-11-30,Sunday,PER-001,Signal Toothpaste 120g,Personal Care,230,0%,134,18,116,4140.0,0
2025-11-30,Sunday,PER-002,Lifebuoy Soap,Personal Care,150,0%,166,46,120,6900.0,0
2025-12-01,Monday,GRO-001,Keeri Samba 5kg,Grocery,1250,10%,116,16,100,18000.0,0
2025-12-01,Monday,GRO-002,Nadu Rice 5kg,Grocery,1100,0%,146,13,133,14300.0,0
2025-12-01,Monday,GRO-003,Mysore Dhal 1kg,Grocery,380,0%,107,37,70,14060.0,0
2025-12-01,Monday,DAI-001,Anchor Milk Powder 400g,Dairy,1150,0%,161,27,134,31050.0,0
2025-12-01,Monday,DAI-002,Kotmale Butter 200g,Dairy,750,0%,63,9,54,6750.0,0
2025-12-01,Monday,SNA-001,Munchee Super Cream Cracker,Snacks,250,0%,55,40,15,10000.0,0
2025-12-01,Monday,SNA-002,Maliban Lemon Puff,Snacks,300,10%,215,31,184,8370.0,0
2025-12-01,Monday,PAN-001,Prima Wheat Flour 1kg,Pantry,220,10%,128,14,114,2772.0,0
2025-12-01,Monday,PAN-002,Marina Coconut Oil 1L,Pantry,850,0%,77,15,62,12750.0,0
2025-12-01,Monday,BEV-001,Coca Cola 1.5L,Beverages,450,0%,45,23,22,10350.0,0
2025-12-01,Monday,PER-001,Signal Toothpaste 120g,Personal Care,230,0%,116,17,99,3910.0,0
2025-12-01,Monday,PER-002,Lifebuoy Soap,Personal Care,150,0%,120,32,88,4800.0,0
2025-12-02,Tuesday,GRO-001,Keeri Samba 5kg,Grocery,1250,0%,100,14,86,17500.0,0
2025-12-02,Tuesday,GRO-002,Nadu Rice 5kg,Grocery,1100,10%,133,17,116,16830.0,0
2025-12-02,Tuesday,GRO-003,Mysore Dhal 1kg,Grocery,380,0%,70,27,43,10260.0,0
2025-12-02,Tuesday,DAI-001,Anchor Milk Powder 400g,Dairy,1150,10%,134,20,114,20700.0,0
2025-12-02,Tuesday,DAI-002,Kotmale Butter 200g,Dairy,750,0%,54,11,43,8250.0,0
2025-12-02,Tuesday,SNA-001,Munchee Super Cream Cracker,Snacks,250,10%,215,34,181,7650.0,0
2025-12-02,Tuesday,SNA-002,Maliban Lemon Puff,Snacks,300,0%,184,29,155,8700.0,0
2025-12-02,Tuesday,PAN-001,Prima Wheat Flour 1kg,Pantry,220,0%,114,16,98,3520.0,0
2025-12-02,Tuesday,PAN-002,Marina Coconut Oil 1L,Pantry,850,10%,62,17,45,13005.0,0
2025-12-02,Tuesday,BEV-001,Coca Cola 1.5L,Beverages,450,0%,222,19,203,8550.0,0
2025-12-02,Tuesday,PER-001,Signal Toothpaste 120g,Personal Care,230,0%,99,18,81,4140.0,0
2025-12-02,Tuesday,PER-002,Lifebuoy Soap,Personal Care,150,0%,88,30,58,4500.0,0
2025-12-03,Wednesday,GRO-001,Keeri Samba 5kg,Grocery,1250,0%,86,11,75,13750.0,0
2025-12-03,Wednesday,GRO-002,Nadu Rice 5kg,Grocery,1100,0%,116,25,91,27500.0,0
2025-12-03,Wednesday,GRO-003,Mysore Dhal 1kg,Grocery,380,0%,43,25,18,9500.0,0
2025-12-03,Wednesday,DAI-001,Anchor Milk Powder 400g,Dairy,1150,0%,114,20,94,23000.0,0
2025-12-03,Wednesday,DAI-002,Kotmale Butter 200g,Dairy,750,10%,43,12,31,8100.0,0
2025-12-03,Wednesday,SNA-001,Munchee Super Cream Cracker,Snacks,250,0%,181,56,125,14000.0,0
2025-12-03,Wednesday,SNA-002,Maliban Lemon Puff,Snacks,300,0%,155,30,125,9000.0,0
2025-12-03,Wednesday,PAN-001,Prima Wheat Flour 1kg,Pantry,220,0%,98,23,75,5060.0,0
2025-12-03,Wednesday,PAN-002,Marina Coconut Oil 1L,Pantry,850,10%,45,18,27,13770.0,0
2025-12-03,Wednesday,BEV-001,Coca Cola 1.5L,Beverages,450,0%,203,21,182,9450.0,0
2025-12-03,Wednesday,PER-001,Signal Toothpaste 120g,Personal Care,230,0%,81,15,66,3450.0,0
2025-12-03,Wednesday,PER-002,Lifebuoy Soap,Personal Care,150,0%,58,23,35,3450.0,0
2025-12-04,Thursday,GRO-001,Keeri Samba 5kg,Grocery,1250,0%,75,12,63,15000.0,0
2025-12-04,Thursday,GRO-002,Nadu Rice 5kg,Grocery,1100,0%,91,18,73,19800.0,0
2025-12-04,Thursday,GRO-003,Mysore Dhal 1kg,Grocery,380,0%,218,27,191,10260.0,0
2025-12-04,Thursday,DAI-001,Anchor Milk Powder 400g,Dairy,1150,0%,94,27,67,31050.0,0
2025-12-04,Thursday,DAI-002,Kotmale Butter 200g,Dairy,750,0%,231,11,220,8250.0,0
2025-12-04,Thursday,SNA-001,Munchee Super Cream Cracker,Snacks,250,0%,125,28,97,7000.0,0
2025-12-04,Thursday,SNA-002,Maliban Lemon Puff,Snacks,300,0%,125,27,98,8100.0,0
2025-12-04,Thursday,PAN-001,Prima Wheat Flour 1kg,Pantry,220,0%,75,23,52,5060.0,0
2025-12-04,Thursday,PAN-002,Marina Coconut Oil 1L,Pantry,850,0%,227,8,219,6800.0,0
2025-12-04,Thursday,BEV-001,Coca Cola 1.5L,Beverages,450,0%,182,17,165,7650.0,0
2025-12-04,Thursday,PER-001,Signal Toothpaste 120g,Personal Care,230,0%,66,16,50,3680.0,0
2025-12-04,Thursday,PER-002,Lifebuoy Soap,Personal Care,150,0%,235,24,211,3600.0,0
2025-12-05,Friday,GRO-001,Keeri Samba 5kg,Grocery,1250,0%,63,16,47,20000.0,0
2025-12-05,Friday,GRO-002,Nadu Rice 5kg,Grocery,1100,10%,73,20,53,19800.0,0
2025-12-05,Friday,GRO-003,Mysore Dhal 1kg,Grocery,380,0%,191,36,155,13680.0,0
2025-12-05,Friday,DAI-001,Anchor Milk Powder 400g,Dairy,1150,0%,67,21,46,24150.0,0
2025-12-05,Friday,DAI-002,Kotmale Butter 200g,Dairy,750,0%,220,11,209,8250.0,0
2025-12-05,Friday,SNA-001,Munchee Super Cream Cracker,Snacks,250,0%,97,32,65,8000.0,0
2025-12-05,Friday,SNA-002,Maliban Lemon Puff,Snacks,300,0%,98,23,75,6900.0,0
2025-12-05,Friday,PAN-001,Prima Wheat Flour 1kg,Pantry,220,0%,52,13,39,2860.0,0
2025-12-05,Friday,PAN-002,Marina Coconut Oil 1L,Pantry,850,0%,219,20,199,17000.0,0
2025-12-05,Friday,BEV-001,Coca Cola 1.5L,Beverages,450,0%,165,19,146,8550.0,0
2025-12-05,Friday,PER-001,Signal Toothpaste 120g,Personal Care,230,0%,50,15,35,3450.0,0
2025-12-05,Friday,PER-002,Lifebuoy Soap,Personal Care,150,0%,211,31,180,4650.0,0
2025-12-06,Saturday,GRO-001,Keeri Samba 5kg,Grocery,1250,0%,47,18,29,22500.0,0
2025-12-06,Saturday,GRO-002,Nadu Rice 5kg,Grocery,1100,0%,53,22,31,24200.0,0
2025-12-06,Saturday,GRO-003,Mysore Dhal 1kg,Grocery,380,0%,155,33,122,12540.0,0
2025-12-06,Saturday,DAI-001,Anchor Milk Powder 400g,Dairy,1150,0%,46,25,21,28750.0,0
2025-12-06,Saturday,DAI-002,Kotmale Butter 200g,Dairy,750,0%,209,16,193,12000.0,0
2025-12-06,Saturday,SNA-001,Munchee Super Cream Cracker,Snacks,250,10%,65,49,16,11025.0,0
2025-12-06,Saturday,SNA-002,Maliban Lemon Puff,Snacks,300,0%,75,53,22,15900.0,0
2025-12-06,Saturday,PAN-001,Prima Wheat Flour 1kg,Pantry,220,0%,239,25,214,5500.0,0
2025-12-06,Saturday,PAN-002,Marina Coconut Oil 1L,Pantry,850,0%,199,26,173,22100.0,0
2025-12-06,Saturday,BEV-001,Coca Cola 1.5L,Beverages,450,0%,146,21,125,9450.0,0
2025-12-06,Saturday,PER-001,Signal Toothpaste 120g,Personal Care,230,0%,235,23,212,5290.0,0
2025-12-06,Saturday,PER-002,Lifebuoy Soap,Personal Care,150,10%,180,50,130,6750.0,0
2025-12-07,Sunday,GRO-001,Keeri Samba 5kg,Grocery,1250,10%,229,16,213,18000.0,0
2025-12-07,Sunday,GRO-002,Nadu Rice 5kg,Grocery,1100,0%,231,22,209,24200.0,0
2025-12-07,Sunday,GRO-003,Mysore Dhal 1kg,Grocery,380,0%,122,30,92,11400.0,0
2025-12-07,Sunday,DAI-001,Anchor Milk Powder 400g,Dairy,1150,0%,221,29,192,33350.0,0
2025-12-07,Sunday,DAI-002,Kotmale Butter 200g,Dairy,750,0%,193,16,177,12000.0,0
2025-12-07,Sunday,SNA-001,Munchee Super Cream Cracker,Snacks,250,0%,216,35,181,8750.0,0
2025-12-07,Sunday,SNA-002,Maliban Lemon Puff,Snacks,300,0%,222,35,187,10500.0,0
2025-12-07,Sunday,PAN-001,Prima Wheat Flour 1kg,Pantry,220,0%,214,15,199,3300.0,0
2025-12-07,Sunday,PAN-002,Marina Coconut Oil 1L,Pantry,850,0%,173,14,159,11900.0,0
2025-12-07,Sunday,BEV-001,Coca Cola 1.5L,Beverages,450,0%,125,26,99,11700.0,0
2025-12-07,Sunday,PER-001,Signal Toothpaste 120g,Personal Care,230,0%,212,21,191,4830.0,0
2025-12-07,Sunday,PER-002,Lifebuoy Soap,Personal Care,150,0%,130,35,95,5250.0,0
2025-12-08,Monday,GRO-001,Keeri Samba 5kg,Grocery,1250,0%,213,15,198,18750.0,0
2025-12-08,Monday,GRO-002,Nadu Rice 5kg,Grocery,1100,0%,209,26,183,28600.0,0
2025-12-08,Monday,GRO-003,Mysore Dhal 1kg,Grocery,380,0%,92,27,65,10260.0,0
2025-12-08,Monday,DAI-001,Anchor Milk Powder 400g,Dairy,1150,0%,192,20,172,23000.0,0
2025-12-08,Monday,DAI-002,Kotmale Butter 200g,Dairy,750,0%,177,9,168,6750.0,0
2025-12-08,Monday,SNA-001,Munchee Super Cream Cracker,Snacks,250,0%,181,31,150,7750.0,0
2025-12-08,Monday,SNA-002,Maliban Lemon Puff,Snacks,300,0%,187,35,152,10500.0,0
2025-12-08,Monday,PAN-001,Prima Wheat Flour 1kg,Pantry,220,0%,199,20,179,4400.0,0
2025-12-08,Monday,PAN-002,Marina Coconut Oil 1L,Pantry,850,0%,159,22,137,18700.0,0
2025-12-08,Monday,BEV-001,Coca Cola 1.5L,Beverages,450,0%,99,11,88,4950.0,0
2025-12-08,Monday,PER-001,Signal Toothpaste 120g,Personal Care,230,0%,191,15,176,3450.0,0
2025-12-08,Monday,PER-002,Lifebuoy Soap,Personal Care,150,0%,95,20,75,3000.0,0
2025-12-09,Tuesday,GRO-001,Keeri Samba 5kg,Grocery,1250,0%,198,13,185,16250.0,0
2025-12-09,Tuesday,GRO-002,Nadu Rice 5kg,Grocery,1100,0%,183,17,166,18700.0,0
2025-12-09,Tuesday,GRO-003,Mysore Dhal 1kg,Grocery,380,0%,65,27,38,10260.0,0
2025-12-09,Tuesday,DAI-001,Anchor Milk Powder 400g,Dairy,1150,0%,172,25,147,28750.0,0
2025-12-09,Tuesday,DAI-002,Kotmale Butter 200g,Dairy,750,10%,168,9,159,6075.0,0
2025-12-09,Tuesday,SNA-001,Munchee Super Cream Cracker,Snacks,250,0%,150,36,114,9000.0,0
2025-12-09,Tuesday,SNA-002,Maliban Lemon Puff,Snacks,300,0%,152,22,130,6600.0,0
2025-12-09,Tuesday,PAN-001,Prima Wheat Flour 1kg,Pantry,220,0%,179,25,154,5500.0,0
2025-12-09,Tuesday,PAN-002,Marina Coconut Oil 1L,Pantry,850,0%,137,23,114,19550.0,0
2025-12-09,Tuesday,BEV-001,Coca Cola 1.5L,Beverages,450,0%,88,18,70,8100.0,0
2025-12-09,Tuesday,PER-001,Signal Toothpaste 120g,Personal Care,230,0%,176,19,157,4370.0,0
2025-12-09,Tuesday,PER-002,Lifebuoy Soap,Personal Care,150,10%,75,32,43,4320.0,0
2025-12-10,Wednesday,GRO-001,Keeri Samba 5kg,Grocery,1250,0%,185,11,174,13750.0,0
2025-12-10,Wednesday,GRO-002,Nadu Rice 5kg,Grocery,1100,10%,166,20,146,19800.0,0
2025-12-10,Wednesday,GRO-003,Mysore Dhal 1kg,Grocery,380,10%,238,31,207,10602.0,0
2025-12-10,Wednesday,DAI-001,Anchor Milk Powder 400g,Dairy,1150,0%,147,24,123,27600.0,0
2025-12-10,Wednesday,DAI-002,Kotmale Butter 200g,Dairy,750,10%,159,14,145,9450.0,0
2025-12-10,Wednesday,SNA-001,Munchee Super Cream Cracker,Snacks,250,0%,114,14,100,3500.0,0
2025-12-10,Wednesday,SNA-002,Maliban Lemon Puff,Snacks,300,10%,130,38,92,10260.0,0
2025-12-10,Wednesday,PAN-001,Prima Wheat Flour 1kg,Pantry,220,0%,154,22,132,4840.0,0
2025-12-10,Wednesday,PAN-002,Marina Coconut Oil 1L,Pantry,850,0%,114,17,97,14450.0,0
2025-12-10,Wednesday,BEV-001,Coca Cola 1.5L,Beverages,450,0%,70,13,57,5850.0,0
2025-12-10,Wednesday,PER-001,Signal Toothpaste 120g,Personal Care,230,0%,157,13,144,2990.0,0
2025-12-10,Wednesday,PER-002,Lifebuoy Soap,Personal Care,150,0%,43,31,12,4650.0,0
2025-12-11,Thursday,GRO-001,Keeri Samba 5kg,Grocery,1250,0%,174,17,157,21250.0,0
2025-12-11,Thursday,GRO-002,Nadu Rice 5kg,Grocery,1100,10%,146,15,131,14850.0,0
2025-12-11,Thursday,GRO-003,Mysore Dhal 1kg,Grocery,380,0%,207,34,173,12920.0,0
2025-12-11,Thursday,DAI-001,Anchor Milk Powder 400g,Dairy,1150,0%,123,27,96,31050.0,0
2025-12-11,Thursday,DAI-002,Kotmale Butter 200g,Dairy,750,0%,145,9,136,6750.0,0
2025-12-11,Thursday,SNA-001,Munchee Super Cream Cracker,Snacks,250,0%,100,32,68,8000.0,0
2025-12-11,Thursday,SNA-002,Maliban Lemon Puff,Snacks,300,10%,92,30,62,8100.0,0
2025-12-11,Thursday,PAN-001,Prima Wheat Flour 1kg,Pantry,220,0%,132,17,115,3740.0,0
2025-12-11,Thursday,PAN-002,Marina Coconut Oil 1L,Pantry,850,0%,97,16,81,13600.0,0
2025-12-11,Thursday,BEV-001,Coca Cola 1.5L,Beverages,450,0%,57,19,38,8550.0,0
2025-12-11,Thursday,PER-001,Signal Toothpaste 120g,Personal Care,230,0%,144,15,129,3450.0,0
2025-12-11,Thursday,PER-002,Lifebuoy Soap,Personal Care,150,0%,212,29,183,4350.0,0
2025-12-12,Friday,GRO-001,Keeri Samba 5kg,Grocery,1250,10%,157,14,143,15750.0,0
2025-12-12,Friday,GRO-002,Nadu Rice 5kg,Grocery,1100,0%,131,21,110,23100.0,0
2025-12-12,Friday,GRO-003,Mysore Dhal 1kg,Grocery,380,10%,173,22,151,7524.0,0
2025-12-12,Friday,DAI-001,Anchor Milk Powder 400g,Dairy,1150,0%,96,26,70,29900.0,0
2025-12-12,Friday,DAI-002,Kotmale Butter 200g,Dairy,750,0%,136,12,124,9000.0,0
2025-12-12,Friday,SNA-001,Munchee Super Cream Cracker,Snacks,250,0%,68,36,32,9000.0,0
2025-12-12,Friday,SNA-002,Maliban Lemon Puff,Snacks,300,0%,62,24,38,7200.0,0
2025-12-12,Friday,PAN-001,Prima Wheat Flour 1kg,Pantry,220,0%,115,27,88,5940.0,0
2025-12-12,Friday,PAN-002,Marina Coconut Oil 1L,Pantry,850,0%,81,8,73,6800.0,0
2025-12-12,Friday,BEV-001,Coca Cola 1.5L,Beverages,450,0%,238,17,221,7650.0,0
2025-12-12,Friday,PER-001,Signal Toothpaste 120g,Personal Care,230,0%,129,17,112,3910.0,0
2025-12-12,Friday,PER-002,Lifebuoy Soap,Personal Care,150,0%,183,29,154,4350.0,0
2025-12-13,Saturday,GRO-001,Keeri Samba 5kg,Grocery,1250,0%,143,32,111,40000.0,0
2025-12-13,Saturday,GRO-002,Nadu Rice 5kg,Grocery,1100,0%,110,16,94,17600.0,0
2025-12-13,Saturday,GRO-003,Mysore Dhal 1kg,Grocery,380,0%,151,32,119,12160.0,0
2025-12-13,Saturday,DAI-001,Anchor Milk Powder 400g,Dairy,1150,10%,70,33,37,34155.0,0
2025-12-13,Saturday,DAI-002,Kotmale Butter 200g,Dairy,750,10%,124,12,112,8100.0,0
2025-12-13,Saturday,SNA-001,Munchee Super Cream Cracker,Snacks,250,0%,232,36,196,9000.0,0
2025-12-13,Saturday,SNA-002,Maliban Lemon Puff,Snacks,300,0%,238,32,206,9600.0,0
2025-12-13,Saturday,PAN-001,Prima Wheat Flour 1kg,Pantry,220,0%,88,33,55,7260.0,0
2025-12-13,Saturday,PAN-002,Marina Coconut Oil 1L,Pantry,850,0%,73,32,41,27200.0,0
2025-12-13,Saturday,BEV-001,Coca Cola 1.5L,Beverages,450,0%,221,28,193,12600.0,0
2025-12-13,Saturday,PER-001,Signal Toothpaste 120g,Personal Care,230,0%,112,18,94,4140.0,0
2025-12-13,Saturday,PER-002,Lifebuoy Soap,Personal Care,150,0%,154,44,110,6600.0,0
2025-12-14,Sunday,GRO-001,Keeri Samba 5kg,Grocery,1250,0%,111,18,93,22500.0,0
2025-12-14,Sunday,GRO-002,Nadu Rice 5kg,Grocery,1100,0%,94,28,66,30800.0,0
2025-12-14,Sunday,GRO-003,Mysore Dhal 1kg,Grocery,380,0%,119,42,77,15960.0,0
2025-12-14,Sunday,DAI-001,Anchor Milk Powder 400g,Dairy,1150,0%,237,25,212,28750.0,0
2025-12-14,Sunday,DAI-002,Kotmale Butter 200g,Dairy,750,10%,112,16,96,10800.0,0
2025-12-14,Sunday,SNA-001,Munchee Super Cream Cracker,Snacks,250,0%,196,72,124,18000.0,0
2025-12-14,Sunday,SNA-002,Maliban Lemon Puff,Snacks,300,10%,206,40,166,10800.0,0
2025-12-14,Sunday,PAN-001,Prima Wheat Flour 1kg,Pantry,220,0%,55,30,25,6600.0,0
2025-12-14,Sunday,PAN-002,Marina Coconut Oil 1L,Pantry,850,0%,41,21,20,17850.0,0
2025-12-14,Sunday,BEV-001,Coca Cola 1.5L,Beverages,450,0%,193,23,170,10350.0,0
2025-12-14,Sunday,PER-001,Signal Toothpaste 120g,Personal Care,230,0%,94,16,78,3680.0,0
2025-12-14,Sunday,PER-002,Lifebuoy Soap,Personal Care,150,0%,110,32,78,4800.0,0
2025-12-15,Monday,GRO-001,Keeri Samba 5kg,Grocery,1250,0%,93,17,76,21250.0,0
2025-12-15,Monday,GRO-002,Nadu Rice 5kg,Grocery,1100,0%,66,25,41,27500.0,0
2025-12-15,Monday,GRO-003,Mysore Dhal 1kg,Grocery,380,0%,77,28,49,10640.0,0
2025-12-15,Monday,DAI-001,Anchor Milk Powder 400g,Dairy,1150,0%,212,68,144,78200.0,1
2025-12-15,Monday,DAI-002,Kotmale Butter 200g,Dairy,750,0%,96,37,59,27750.0,1
2025-12-15,Monday,SNA-001,Munchee Super Cream Cracker,Snacks,250,0%,124,24,100,6000.0,0
2025-12-15,Monday,SNA-002,Maliban Lemon Puff,Snacks,300,0%,166,30,136,9000.0,0
2025-12-15,Monday,PAN-001,Prima Wheat Flour 1kg,Pantry,220,0%,225,44,181,9680.0,1
2025-12-15,Monday,PAN-002,Marina Coconut Oil 1L,Pantry,850,10%,220,37,183,28305.0,1
2025-12-15,Monday,BEV-001,Coca Cola 1.5L,Beverages,450,10%,170,24,146,9720.0,1
2025-12-15,Monday,PER-001,Signal Toothpaste 120g,Personal Care,230,0%,78,17,61,3910.0,0
2025-12-15,Monday,PER-002,Lifebuoy Soap,Personal Care,150,10%,78,29,49,3915.0,0
2025-12-16,Tuesday,GRO-001,Keeri Samba 5kg,Grocery,1250,10%,76,15,61,16875.0,0
2025-12-16,Tuesday,GRO-002,Nadu Rice 5kg,Grocery,1100,0%,41,19,22,20900.0,0
2025-12-16,Tuesday,GRO-003,Mysore Dhal 1kg,Grocery,380,0%,49,45,4,17100.0,0
2025-12-16,Tuesday,DAI-001,Anchor Milk Powder 400g,Dairy,1150,10%,144,33,111,34155.0,1
2025-12-16,Tuesday,DAI-002,Kotmale Butter 200g,Dairy,750,0%,59,37,22,27750.0,1
2025-12-16,Tuesday,SNA-001,Munchee Super Cream Cracker,Snacks,250,10%,100,42,58,9450.0,0
2025-12-16,Tuesday,SNA-002,Maliban Lemon Puff,Snacks,300,0%,136,33,103,9900.0,0
2025-12-16,Tuesday,PAN-001,Prima Wheat Flour 1kg,Pantry,220,0%,181,44,137,9680.0,1
2025-12-16,Tuesday,PAN-002,Marina Coconut Oil 1L,Pantry,850,0%,183,33,150,28050.0,1
2025-12-16,Tuesday,BEV-001,Coca Cola 1.5L,Beverages,450,0%,146,33,113,14850.0,1
2025-12-16,Tuesday,PER-001,Signal Toothpaste 120g,Personal Care,230,0%,61,17,44,3910.0,0
2025-12-16,Tuesday,PER-002,Lifebuoy Soap,Personal Care,150,0%,49,36,13,5400.0,0
2025-12-17,Wednesday,GRO-001,Keeri Samba 5kg,Grocery,1250,0%,61,19,42,23750.0,0
2025-12-17,Wednesday,GRO-002,Nadu Rice 5kg,Grocery,1100,10%,222,17,205,16830.0,0
2025-12-17,Wednesday,GRO-003,Mysore Dhal 1kg,Grocery,380,0%,204,34,170,12920.0,0
2025-12-17,Wednesday,DAI-001,Anchor Milk Powder 400g,Dairy,1150,10%,111,66,45,68310.0,1
2025-12-17,Wednesday,DAI-002,Kotmale Butter 200g,Dairy,750,0%,222,26,196,19500.0,1
2025-12-17,Wednesday,SNA-001,Munchee Super Cream Cracker,Snacks,250,10%,58,41,17,9225.0,0
2025-12-17,Wednesday,SNA-002,Maliban Lemon Puff,Snacks,300,0%,103,31,72,9300.0,0
2025-12-17,Wednesday,PAN-001,Prima Wheat Flour 1kg,Pantry,220,10%,137,61,76,12078.0,1
2025-12-17,Wednesday,PAN-002,Marina Coconut Oil 1L,Pantry,850,0%,150,39,111,33150.0,1
2025-12-17,Wednesday,BEV-001,Coca Cola 1.5L,Beverages,450,0%,113,30,83,13500.0,1
2025-12-17,Wednesday,PER-001,Signal Toothpaste 120g,Personal Care,230,10%,44,9,35,1863.0,0
2025-12-17,Wednesday,PER-002,Lifebuoy Soap,Personal Care,150,0%,213,17,196,2550.0,0
2025-12-18,Thursday,GRO-001,Keeri Samba 5kg,Grocery,1250,0%,42,18,24,22500.0,0
2025-12-18,Thursday,GRO-002,Nadu Rice 5kg,Grocery,1100,0%,205,19,186,20900.0,0
2025-12-18,Thursday,GRO-003,Mysore Dhal 1kg,Grocery,380,0%,170,32,138,12160.0,0
2025-12-18,Thursday,DAI-001,Anchor Milk Powder 400g,Dairy,1150,0%,45,45,0,51750.0,1
2025-12-18,Thursday,DAI-002,Kotmale Butter 200g,Dairy,750,0%,196,22,174,16500.0,1
2025-12-18,Thursday,SNA-001,Munchee Super Cream Cracker,Snacks,250,0%,217,40,177,10000.0,0
2025-12-18,Thursday,SNA-002,Maliban Lemon Puff,Snacks,300,0%,72,28,44,8400.0,0
2025-12-18,Thursday,PAN-001,Prima Wheat Flour 1kg,Pantry,220,10%,76,39,37,7722.0,1
2025-12-18,Thursday,PAN-002,Marina Coconut Oil 1L,Pantry,850,0%,111,33,78,28050.0,1
2025-12-18,Thursday,BEV-001,Coca Cola 1.5L,Beverages,450,0%,83,41,42,18450.0,1
2025-12-18,Thursday,PER-001,Signal Toothpaste 120g,Personal Care,230,0%,235,14,221,3220.0,0
2025-12-18,Thursday,PER-002,Lifebuoy Soap,Personal Care,150,10%,196,27,169,3645.0,0
2025-12-19,Friday,GRO-001,Keeri Samba 5kg,Grocery,1250,10%,224,13,211,14625.0,0
2025-12-19,Friday,GRO-002,Nadu Rice 5kg,Grocery,1100,0%,186,12,174,13200.0,0
2025-12-19,Friday,GRO-003,Mysore Dhal 1kg,Grocery,380,0%,138,34,104,12920.0,0
2025-12-19,Friday,DAI-001,Anchor Milk Powder 400g,Dairy,1150,0%,200,61,139,70150.0,1
2025-12-19,Friday,DAI-002,Kotmale Butter 200g,Dairy,750,0%,174,22,152,16500.0,1
2025-12-19,Friday,SNA-001,Munchee Super Cream Cracker,Snacks,250,0%,177,20,157,5000.0,0
2025-12-19,Friday,SNA-002,Maliban Lemon Puff,Snacks,300,0%,44,29,15,8700.0,0
2025-12-19,Friday,PAN-001,Prima Wheat Flour 1kg,Pantry,220,0%,237,39,198,8580.0,1
2025-12-19,Friday,PAN-002,Marina Coconut Oil 1L,Pantry,850,0%,78,33,45,28050.0,1
2025-12-19,Friday,BEV-001,Coca Cola 1.5L,Beverages,450,10%,42,35,7,14175.0,1
2025-12-19,Friday,PER-001,Signal Toothpaste 120g,Personal Care,230,0%,221,14,207,3220.0,0
2025-12-19,Friday,PER-002,Lifebuoy Soap,Personal Care,150,0%,169,37,132,5550.0,0
2025-12-20,Saturday,GRO-001,Keeri Samba 5kg,Grocery,1250,0%,211,21,190,26250.0,0
2025-12-20,Saturday,GRO-002,Nadu Rice 5kg,Grocery,1100,0%,174,25,149,27500.0,0
2025-12-20,Saturday,GRO-003,Mysore Dhal 1kg,Grocery,380,10%,104,53,51,18126.0,0
2025-12-20,Saturday,DAI-001,Anchor Milk Powder 400g,Dairy,1150,0%,139,61,78,70150.0,1
2025-12-20,Saturday,DAI-002,Kotmale Butter 200g,Dairy,750,0%,152,26,126,19500.0,1
2025-12-20,Saturday,SNA-001,Munchee Super Cream Cracker,Snacks,250,0%,157,57,100,14250.0,0
2025-12-20,Saturday,SNA-002,Maliban Lemon Puff,Snacks,300,0%,215,53,162,15900.0,0
2025-12-20,Saturday,PAN-001,Prima Wheat Flour 1kg,Pantry,220,0%,198,92,106,20240.0,1
2025-12-20,Saturday,PAN-002,Marina Coconut Oil 1L,Pantry,850,0%,45,45,0,38250.0,1
2025-12-20,Saturday,BEV-001,Coca Cola 1.5L,Beverages,450,0%,207,46,161,20700.0,1
2025-12-20,Saturday,PER-001,Signal Toothpaste 120g,Personal Care,230,0%,207,22,185,5060.0,0
2025-12-20,Saturday,PER-002,Lifebuoy Soap,Personal Care,150,0%,132,40,92,6000.0,0
2025-12-21,Sunday,GRO-001,Keeri Samba 5kg,Grocery,1250,0%,190,23,167,28750.0,0
2025-12-21,Sunday,GRO-002,Nadu Rice 5kg,Grocery,1100,10%,149,25,124,24750.0,0
2025-12-21,Sunday,GRO-003,Mysore Dhal 1kg,Grocery,380,0%,51,51,0,19380.0,0
2025-12-21,Sunday,DAI-001,Anchor Milk Powder 400g,Dairy,1150,0%,78,63,15,72450.0,1
2025-12-21,Sunday,DAI-002,Kotmale Butter 200g,Dairy,750,10%,126,33,93,22275.0,1
2025-12-21,Sunday,SNA-001,Munchee Super Cream Cracker,Snacks,250,0%,100,22,78,5500.0,0
2025-12-21,Sunday,SNA-002,Maliban Lemon Puff,Snacks,300,0%,162,44,118,13200.0,0
2025-12-21,Sunday,PAN-001,Prima Wheat Flour 1kg,Pantry,220,0%,106,61,45,13420.0,1
2025-12-21,Sunday,PAN-002,Marina Coconut Oil 1L,Pantry,850,0%,200,70,130,59500.0,1
2025-12-21,Sunday,BEV-001,Coca Cola 1.5L,Beverages,450,10%,161,50,111,20250.0,1
2025-12-21,Sunday,PER-001,Signal Toothpaste 120g,Personal Care,230,0%,185,12,173,2760.0,0
2025-12-21,Sunday,PER-002,Lifebuoy Soap,Personal Care,150,0%,92,47,45,7050.0,0
2025-12-22,Monday,GRO-001,Keeri Samba 5kg,Grocery,1250,0%,167,15,152,18750.0,0
2025-12-22,Monday,GRO-002,Nadu Rice 5kg,Grocery,1100,0%,124,12,112,13200.0,0
2025-12-22,Monday,GRO-003,Mysore Dhal 1kg,Grocery,380,0%,200,38,162,14440.0,0
2025-12-22,Monday,DAI-001,Anchor Milk Powder 400g,Dairy,1150,0%,215,44,171,50600.0,1
2025-12-22,Monday,DAI-002,Kotmale Butter 200g,Dairy,750,0%,93,22,71,16500.0,1
2025-12-22,Monday,SNA-001,Munchee Super Cream Cracker,Snacks,250,0%,78,32,46,8000.0,0
2025-12-22,Monday,SNA-002,Maliban Lemon Puff,Snacks,300,0%,118,35,83,10500.0,0
2025-12-22,Monday,PAN-001,Prima Wheat Flour 1kg,Pantry,220,0%,45,41,4,9020.0,1
2025-12-22,Monday,PAN-002,Marina Coconut Oil 1L,Pantry,850,0%,130,37,93,31450.0,1
2025-12-22,Monday,BEV-001,Coca Cola 1.5L,Beverages,450,0%,111,50,61,22500.0,1
2025-12-22,Monday,PER-001,Signal Toothpaste 120g,Personal Care,230,0%,173,12,161,2760.0,0
2025-12-22,Monday,PER-002,Lifebuoy Soap,Personal Care,150,0%,45,27,18,4050.0,0
2025-12-23,Tuesday,GRO-001,Keeri Samba 5kg,Grocery,1250,0%,152,14,138,17500.0,0
2025-12-23,Tuesday,GRO-002,Nadu Rice 5kg,Grocery,1100,0%,112,16,96,17600.0,0
2025-12-23,Tuesday,GRO-003,Mysore Dhal 1kg,Grocery,380,0%,162,40,122,15200.0,0
2025-12-23,Tuesday,DAI-001,Anchor Milk Powder 400g,Dairy,1150,0%,171,41,130,47150.0,1
2025-12-23,Tuesday,DAI-002,Kotmale Butter 200g,Dairy,750,0%,71,30,41,22500.0,1
2025-12-23,Tuesday,SNA-001,Munchee Super Cream Cracker,Snacks,250,0%,46,17,29,4250.0,0
2025-12-23,Tuesday,SNA-002,Maliban Lemon Puff,Snacks,300,0%,83,29,54,8700.0,0
2025-12-23,Tuesday,PAN-001,Prima Wheat Flour 1kg,Pantry,220,0%,204,48,156,10560.0,1
2025-12-23,Tuesday,PAN-002,Marina Coconut Oil 1L,Pantry,850,0%,93,39,54,33150.0,1
2025-12-23,Tuesday,BEV-001,Coca Cola 1.5L,Beverages,450,10%,61,37,24,14985.0,1
2025-12-23,Tuesday,PER-001,Signal Toothpaste 120g,Personal Care,230,0%,161,15,146,3450.0,0
2025-12-23,Tuesday,PER-002,Lifebuoy Soap,Personal Care,150,10%,218,28,190,3780.0,0
2025-12-24,Wednesday,GRO-001,Keeri Samba 5kg,Grocery,1250,10%,138,14,124,15750.0,0
2025-12-24,Wednesday,GRO-002,Nadu Rice 5kg,Grocery,1100,0%,96,20,76,22000.0,0
2025-12-24,Wednesday,GRO-003,Mysore Dhal 1kg,Grocery,380,0%,122,27,95,10260.0,0
2025-12-24,Wednesday,DAI-001,Anchor Milk Powder 400g,Dairy,1150,10%,130,48,82,49680.0,1
2025-12-24,Wednesday,DAI-002,Kotmale Butter 200g,Dairy,750,0%,41,28,13,21000.0,1
2025-12-24,Wednesday,SNA-001,Munchee Super Cream Cracker,Snacks,250,10%,229,35,194,7875.0,0
2025-12-24,Wednesday,SNA-002,Maliban Lemon Puff,Snacks,300,0%,54,26,28,7800.0,0
2025-12-24,Wednesday,PAN-001,Prima Wheat Flour 1kg,Pantry,220,0%,156,48,108,10560.0,1
2025-12-24,Wednesday,PAN-002,Marina Coconut Oil 1L,Pantry,850,0%,54,44,10,37400.0,1
2025-12-24,Wednesday,BEV-001,Coca Cola 1.5L,Beverages,450,0%,224,28,196,12600.0,1
2025-12-24,Wednesday,PER-001,Signal Toothpaste 120g,Personal Care,230,0%,146,13,133,2990.0,0
2025-12-24,Wednesday,PER-002,Lifebuoy Soap,Personal Care,150,0%,190,37,153,5550.0,0
2025-12-25,Thursday,GRO-001,Keeri Samba 5kg,Grocery,1250,0%,124,17,107,21250.0,0
2025-12-25,Thursday,GRO-002,Nadu Rice 5kg,Grocery,1100,0%,76,26,50,28600.0,0
2025-12-25,Thursday,GRO-003,Mysore Dhal 1kg,Grocery,380,0%,95,38,57,14440.0,0
2025-12-25,Thursday,DAI-001,Anchor Milk Powder 400g,Dairy,1150,10%,82,61,21,63135.0,1
2025-12-25,Thursday,DAI-002,Kotmale Butter 200g,Dairy,750,0%,213,37,176,27750.0,1
2025-12-25,Thursday,SNA-001,Munchee Super Cream Cracker,Snacks,250,0%,194,43,151,10750.0,0
2025-12-25,Thursday,SNA-002,Maliban Lemon Puff,Snacks,300,0%,228,30,198,9000.0,0
2025-12-25,Thursday,PAN-001,Prima Wheat Flour 1kg,Pantry,220,10%,108,61,47,12078.0,1
2025-12-25,Thursday,PAN-002,Marina Coconut Oil 1L,Pantry,850,0%,210,35,175,29750.0,1
2025-12-25,Thursday,BEV-001,Coca Cola 1.5L,Beverages,450,0%,196,46,150,20700.0,1
2025-12-25,Thursday,PER-001,Signal Toothpaste 120g,Personal Care,230,0%,133,13,120,2990.0,0
2025-12-25,Thursday,PER-002,Lifebuoy Soap,Personal Care,150,0%,153,45,108,6750.0,0
2025-12-26,Friday,GRO-001,Keeri Samba 5kg,Grocery,1250,0%,107,16,91,20000.0,0
2025-12-26,Friday,GRO-002,Nadu Rice 5kg,Grocery,1100,10%,50,23,27,22770.0,0
2025-12-26,Friday,GRO-003,Mysore Dhal 1kg,Grocery,380,0%,57,24,33,9120.0,0
2025-12-26,Friday,DAI-001,Anchor Milk Powder 400g,Dairy,1150,0%,221,48,173,55200.0,1
2025-12-26,Friday,DAI-002,Kotmale Butter 200g,Dairy,750,0%,176,37,139,27750.0,1
2025-12-26,Friday,SNA-001,Munchee Super Cream Cracker,Snacks,250,0%,151,35,116,8750.0,0
2025-12-26,Friday,SNA-002,Maliban Lemon Puff,Snacks,300,0%,198,32,166,9600.0,0
2025-12-26,Friday,PAN-001,Prima Wheat Flour 1kg,Pantry,220,0%,47,47,0,10340.0,1
2025-12-26,Friday,PAN-002,Marina Coconut Oil 1L,Pantry,850,0%,175,28,147,23800.0,1
2025-12-26,Friday,BEV-001,Coca Cola 1.5L,Beverages,450,0%,150,39,111,17550.0,1
2025-12-26,Friday,PER-001,Signal Toothpaste 120g,Personal Care,230,0%,120,15,105,3450.0,0
2025-12-26,Friday,PER-002,Lifebuoy Soap,Personal Care,150,0%,108,27,81,4050.0,0
2025-12-27,Saturday,GRO-001,Keeri Samba 5kg,Grocery,1250,0%,91,22,69,27500.0,0
2025-12-27,Saturday,GRO-002,Nadu Rice 5kg,Grocery,1100,10%,227,23,204,22770.0,0
2025-12-27,Saturday,GRO-003,Mysore Dhal 1kg,Grocery,380,0%,233,44,189,16720.0,0
2025-12-27,Saturday,DAI-001,Anchor Milk Powder 400g,Dairy,1150,0%,173,70,103,80500.0,1
2025-12-27,Saturday,DAI-002,Kotmale Butter 200g,Dairy,750,0%,139,35,104,26250.0,1
2025-12-27,Saturday,SNA-001,Munchee Super Cream Cracker,Snacks,250,0%,116,57,59,14250.0,0
2025-12-27,Saturday,SNA-002,Maliban Lemon Puff,Snacks,300,0%,166,51,115,15300.0,0
2025-12-27,Saturday,PAN-001,Prima Wheat Flour 1kg,Pantry,220,0%,200,61,139,13420.0,1
2025-12-27,Saturday,PAN-002,Marina Coconut Oil 1L,Pantry,850,0%,147,48,99,40800.0,1
2025-12-27,Saturday,BEV-001,Coca Cola 1.5L,Beverages,450,0%,111,55,56,24750.0,1
2025-12-27,Saturday,PER-001,Signal Toothpaste 120g,Personal Care,230,10%,105,18,87,3726.0,0
2025-12-27,Saturday,PER-002,Lifebuoy Soap,Personal Care,150,0%,81,26,55,3900.0,0
2025-12-28,Sunday,GRO-001,Keeri Samba 5kg,Grocery,1250,0%,69,23,46,28750.0,0
2025-12-28,Sunday,GRO-002,Nadu Rice 5kg,Grocery,1100,0%,204,39,165,42900.0,0
2025-12-28,Sunday,GRO-003,Mysore Dhal 1kg,Grocery,380,0%,189,35,154,13300.0,0
2025-12-28,Sunday,DAI-001,Anchor Milk Powder 400g,Dairy,1150,0%,103,81,22,93150.0,1
2025-12-28,Sunday,DAI-002,Kotmale Butter 200g,Dairy,750,0%,104,39,65,29250.0,1
2025-12-28,Sunday,SNA-001,Munchee Super Cream Cracker,Snacks,250,0%,59,47,12,11750.0,0
2025-12-28,Sunday,SNA-002,Maliban Lemon Puff,Snacks,300,0%,115,30,85,9000.0,0
2025-12-28,Sunday,PAN-001,Prima Wheat Flour 1kg,Pantry,220,0%,139,61,78,13420.0,1
2025-12-28,Sunday,PAN-002,Marina Coconut Oil 1L,Pantry,850,0%,99,66,33,56100.0,1
2025-12-28,Sunday,BEV-001,Coca Cola 1.5L,Beverages,450,0%,56,50,6,22500.0,1
2025-12-28,Sunday,PER-001,Signal Toothpaste 120g,Personal Care,230,0%,87,19,68,4370.0,0
2025-12-28,Sunday,PER-002,Lifebuoy Soap,Personal Care,150,0%,55,47,8,7050.0,0
2025-12-29,Monday,GRO-001,Keeri Samba 5kg,Grocery,1250,0%,46,18,28,22500.0,0
2025-12-29,Monday,GRO-002,Nadu Rice 5kg,Grocery,1100,10%,165,23,142,22770.0,0
2025-12-29,Monday,GRO-003,Mysore Dhal 1kg,Grocery,380,0%,154,28,126,10640.0,0
2025-12-29,Monday,DAI-001,Anchor Milk Powder 400g,Dairy,1150,0%,222,55,167,63250.0,1
2025-12-29,Monday,DAI-002,Kotmale Butter 200g,Dairy,750,10%,65,19,46,12825.0,1
2025-12-29,Monday,SNA-001,Munchee Super Cream Cracker,Snacks,250,0%,212,37,175,9250.0,0
2025-12-29,Monday,SNA-002,Maliban Lemon Puff,Snacks,300,10%,85,31,54,8370.0,0
2025-12-29,Monday,PAN-001,Prima Wheat Flour 1kg,Pantry,220,10%,78,41,37,8118.0,1
2025-12-29,Monday,PAN-002,Marina Coconut Oil 1L,Pantry,850,0%,233,37,196,31450.0,1
2025-12-29,Monday,BEV-001,Coca Cola 1.5L,Beverages,450,0%,206,41,165,18450.0,1
2025-12-29,Monday,PER-001,Signal Toothpaste 120g,Personal Care,230,0%,68,9,59,2070.0,0
2025-12-29,Monday,PER-002,Lifebuoy Soap,Personal Care,150,0%,208,28,180,4200.0,0
2025-12-30,Tuesday,GRO-001,Keeri Samba 5kg,Grocery,1250,10%,228,16,212,18000.0,0
2025-12-30,Tuesday,GRO-002,Nadu Rice 5kg,Grocery,1100,0%,142,21,121,23100.0,0
2025-12-30,Tuesday,GRO-003,Mysore Dhal 1kg,Grocery,380,10%,126,31,95,10602.0,0
2025-12-30,Tuesday,DAI-001,Anchor Milk Powder 400g,Dairy,1150,0%,167,50,117,57500.0,1
2025-12-30,Tuesday,DAI-002,Kotmale Butter 200g,Dairy,750,0%,46,24,22,18000.0,1
2025-12-30,Tuesday,SNA-001,Munchee Super Cream Cracker,Snacks,250,0%,175,42,133,10500.0,0
2025-12-30,Tuesday,SNA-002,Maliban Lemon Puff,Snacks,300,0%,54,20,34,6000.0,0
2025-12-30,Tuesday,PAN-001,Prima Wheat Flour 1kg,Pantry,220,0%,237,39,198,8580.0,1
2025-12-30,Tuesday,PAN-002,Marina Coconut Oil 1L,Pantry,850,0%,196,30,166,25500.0,1
2025-12-30,Tuesday,BEV-001,Coca Cola 1.5L,Beverages,450,0%,165,50,115,22500.0,1
2025-12-30,Tuesday,PER-001,Signal Toothpaste 120g,Personal Care,230,0%,59,14,45,3220.0,0
2025-12-30,Tuesday,PER-002,Lifebuoy Soap,Personal Care,150,0%,180,19,161,2850.0,0
2025-12-31,Wednesday,GRO-001,Keeri Samba 5kg,Grocery,1250,0%,212,17,195,21250.0,0
2025-12-31,Wednesday,GRO-002,Nadu Rice 5kg,Grocery,1100,0%,121,22,99,24200.0,0
2025-12-31,Wednesday,GRO-003,Mysore Dhal 1kg,Grocery,380,0%,95,20,75,7600.0,0
2025-12-31,Wednesday,DAI-001,Anchor Milk Powder 400g,Dairy,1150,0%,117,48,69,55200.0,1
2025-12-31,Wednesday,DAI-002,Kotmale Butter 200g,Dairy,750,0%,222,33,189,24750.0,1
2025-12-31,Wednesday,SNA-001,Munchee Super Cream Cracker,Snacks,250,0%,133,36,97,9000.0,0
2025-12-31,Wednesday,SNA-002,Maliban Lemon Puff,Snacks,300,0%,234,18,216,5400.0,0
2025-12-31,Wednesday,PAN-001,Prima Wheat Flour 1kg,Pantry,220,0%,198,44,154,9680.0,1
2025-12-31,Wednesday,PAN-002,Marina Coconut Oil 1L,Pantry,850,0%,166,48,118,40800.0,1
2025-12-31,Wednesday,BEV-001,Coca Cola 1.5L,Beverages,450,0%,115,50,65,22500.0,1
2025-12-31,Wednesday,PER-001,Signal Toothpaste 120g,Personal Care,230,0%,45,14,31,3220.0,0
2025-12-31,Wednesday,PER-002,Lifebuoy Soap,Personal Care,150,0%,161,33,128,4950.0,0
